subject,model,task,requested_seconds,effective_seconds,trial,block,truth,prediction
t12,shrinkage_lda,imagined_word,0.25,0.24,356,13,feel,ban
t12,shrinkage_lda,imagined_word,0.25,0.24,357,13,though,kite
t12,shrinkage_lda,imagined_word,0.25,0.24,359,13,day,day
t12,shrinkage_lda,imagined_word,0.25,0.24,366,13,kite,kite
t12,shrinkage_lda,imagined_word,0.25,0.24,373,13,though,choice
t12,shrinkage_lda,imagined_word,0.25,0.24,374,13,kite,feel
t12,shrinkage_lda,imagined_word,0.25,0.24,377,13,choice,choice
t12,shrinkage_lda,imagined_word,0.25,0.24,378,13,feel,kite
t12,shrinkage_lda,imagined_word,0.25,0.24,382,13,day,choice
t12,shrinkage_lda,imagined_word,0.25,0.24,383,13,ban,ban
t12,shrinkage_lda,imagined_word,0.25,0.24,384,13,ban,feel
t12,shrinkage_lda,imagined_word,0.25,0.24,386,13,choice,ban
t12,shrinkage_lda,imagined_word,0.25,0.24,388,13,were,kite
t12,shrinkage_lda,imagined_word,0.25,0.24,393,13,were,feel
t12,shrinkage_lda,imagined_word,0.25,0.24,396,14,were,choice
t12,shrinkage_lda,imagined_word,0.25,0.24,399,14,kite,choice
t12,shrinkage_lda,imagined_word,0.25,0.24,400,14,day,choice
t12,shrinkage_lda,imagined_word,0.25,0.24,405,14,day,choice
t12,shrinkage_lda,imagined_word,0.25,0.24,409,14,ban,choice
t12,shrinkage_lda,imagined_word,0.25,0.24,410,14,ban,ban
t12,shrinkage_lda,imagined_word,0.25,0.24,411,14,kite,feel
t12,shrinkage_lda,imagined_word,0.25,0.24,420,14,though,were
t12,shrinkage_lda,imagined_word,0.25,0.24,421,14,choice,feel
t12,shrinkage_lda,imagined_word,0.25,0.24,427,14,though,choice
t12,shrinkage_lda,imagined_word,0.25,0.24,428,14,were,were
t12,shrinkage_lda,imagined_word,0.25,0.24,429,14,feel,were
t12,shrinkage_lda,imagined_word,0.25,0.24,433,14,feel,though
t12,shrinkage_lda,imagined_word,0.25,0.24,436,14,choice,choice
t12,shrinkage_lda,attempted_word,0.25,0.24,352,13,ban,ban
t12,shrinkage_lda,attempted_word,0.25,0.24,354,13,kite,kite
t12,shrinkage_lda,attempted_word,0.25,0.24,363,13,choice,day
t12,shrinkage_lda,attempted_word,0.25,0.24,364,13,day,though
t12,shrinkage_lda,attempted_word,0.25,0.24,365,13,kite,ban
t12,shrinkage_lda,attempted_word,0.25,0.24,368,13,feel,kite
t12,shrinkage_lda,attempted_word,0.25,0.24,369,13,feel,feel
t12,shrinkage_lda,attempted_word,0.25,0.24,370,13,though,though
t12,shrinkage_lda,attempted_word,0.25,0.24,371,13,ban,ban
t12,shrinkage_lda,attempted_word,0.25,0.24,379,13,choice,choice
t12,shrinkage_lda,attempted_word,0.25,0.24,380,13,though,though
t12,shrinkage_lda,attempted_word,0.25,0.24,381,13,day,day
t12,shrinkage_lda,attempted_word,0.25,0.24,391,13,were,feel
t12,shrinkage_lda,attempted_word,0.25,0.24,392,13,were,were
t12,shrinkage_lda,attempted_word,0.25,0.24,403,14,feel,day
t12,shrinkage_lda,attempted_word,0.25,0.24,404,14,choice,kite
t12,shrinkage_lda,attempted_word,0.25,0.24,412,14,kite,kite
t12,shrinkage_lda,attempted_word,0.25,0.24,413,14,were,choice
t12,shrinkage_lda,attempted_word,0.25,0.24,414,14,feel,feel
t12,shrinkage_lda,attempted_word,0.25,0.24,415,14,ban,choice
t12,shrinkage_lda,attempted_word,0.25,0.24,416,14,day,choice
t12,shrinkage_lda,attempted_word,0.25,0.24,424,14,ban,ban
t12,shrinkage_lda,attempted_word,0.25,0.24,426,14,though,though
t12,shrinkage_lda,attempted_word,0.25,0.24,430,14,kite,kite
t12,shrinkage_lda,attempted_word,0.25,0.24,431,14,though,day
t12,shrinkage_lda,attempted_word,0.25,0.24,435,14,were,feel
t12,shrinkage_lda,attempted_word,0.25,0.24,437,14,day,day
t12,shrinkage_lda,attempted_word,0.25,0.24,439,14,choice,choice
t12,shrinkage_lda,listening_word,0.25,0.24,353,13,were,were
t12,shrinkage_lda,listening_word,0.25,0.24,355,13,day,choice
t12,shrinkage_lda,listening_word,0.25,0.24,358,13,feel,choice
t12,shrinkage_lda,listening_word,0.25,0.24,361,13,choice,were
t12,shrinkage_lda,listening_word,0.25,0.24,367,13,ban,kite
t12,shrinkage_lda,listening_word,0.25,0.24,372,13,though,day
t12,shrinkage_lda,listening_word,0.25,0.24,375,13,were,day
t12,shrinkage_lda,listening_word,0.25,0.24,376,13,kite,choice
t12,shrinkage_lda,listening_word,0.25,0.24,385,13,ban,kite
t12,shrinkage_lda,listening_word,0.25,0.24,387,13,day,were
t12,shrinkage_lda,listening_word,0.25,0.24,389,13,though,choice
t12,shrinkage_lda,listening_word,0.25,0.24,390,13,choice,day
t12,shrinkage_lda,listening_word,0.25,0.24,394,13,feel,feel
t12,shrinkage_lda,listening_word,0.25,0.24,395,13,kite,day
t12,shrinkage_lda,listening_word,0.25,0.24,397,14,feel,choice
t12,shrinkage_lda,listening_word,0.25,0.24,402,14,were,kite
t12,shrinkage_lda,listening_word,0.25,0.24,406,14,feel,day
t12,shrinkage_lda,listening_word,0.25,0.24,407,14,ban,day
t12,shrinkage_lda,listening_word,0.25,0.24,408,14,kite,were
t12,shrinkage_lda,listening_word,0.25,0.24,417,14,choice,day
t12,shrinkage_lda,listening_word,0.25,0.24,418,14,were,kite
t12,shrinkage_lda,listening_word,0.25,0.24,419,14,ban,ban
t12,shrinkage_lda,listening_word,0.25,0.24,422,14,though,kite
t12,shrinkage_lda,listening_word,0.25,0.24,423,14,day,kite
t12,shrinkage_lda,listening_word,0.25,0.24,425,14,kite,day
t12,shrinkage_lda,listening_word,0.25,0.24,432,14,choice,kite
t12,shrinkage_lda,listening_word,0.25,0.24,434,14,day,ban
t12,shrinkage_lda,listening_word,0.25,0.24,438,14,though,day
t12,shrinkage_lda,behavior,0.25,0.24,352,13,attempted,attempted
t12,shrinkage_lda,behavior,0.25,0.24,353,13,listening,imagined
t12,shrinkage_lda,behavior,0.25,0.24,354,13,attempted,attempted
t12,shrinkage_lda,behavior,0.25,0.24,355,13,listening,imagined
t12,shrinkage_lda,behavior,0.25,0.24,356,13,imagined,imagined
t12,shrinkage_lda,behavior,0.25,0.24,357,13,imagined,imagined
t12,shrinkage_lda,behavior,0.25,0.24,358,13,listening,listening
t12,shrinkage_lda,behavior,0.25,0.24,359,13,imagined,imagined
t12,shrinkage_lda,behavior,0.25,0.24,360,13,idle,listening
t12,shrinkage_lda,behavior,0.25,0.24,361,13,listening,attempted
t12,shrinkage_lda,behavior,0.25,0.24,362,13,idle,listening
t12,shrinkage_lda,behavior,0.25,0.24,363,13,attempted,attempted
t12,shrinkage_lda,behavior,0.25,0.24,364,13,attempted,attempted
t12,shrinkage_lda,behavior,0.25,0.24,365,13,attempted,attempted
t12,shrinkage_lda,behavior,0.25,0.24,366,13,imagined,imagined
t12,shrinkage_lda,behavior,0.25,0.24,367,13,listening,listening
t12,shrinkage_lda,behavior,0.25,0.24,368,13,attempted,attempted
t12,shrinkage_lda,behavior,0.25,0.24,369,13,attempted,attempted
t12,shrinkage_lda,behavior,0.25,0.24,370,13,attempted,imagined
t12,shrinkage_lda,behavior,0.25,0.24,371,13,attempted,attempted
t12,shrinkage_lda,behavior,0.25,0.24,372,13,listening,listening
t12,shrinkage_lda,behavior,0.25,0.24,373,13,imagined,listening
t12,shrinkage_lda,behavior,0.25,0.24,374,13,imagined,imagined
t12,shrinkage_lda,behavior,0.25,0.24,375,13,listening,listening
t12,shrinkage_lda,behavior,0.25,0.24,376,13,listening,listening
t12,shrinkage_lda,behavior,0.25,0.24,377,13,imagined,imagined
t12,shrinkage_lda,behavior,0.25,0.24,378,13,imagined,imagined
t12,shrinkage_lda,behavior,0.25,0.24,379,13,attempted,attempted
t12,shrinkage_lda,behavior,0.25,0.24,380,13,attempted,imagined
t12,shrinkage_lda,behavior,0.25,0.24,381,13,attempted,attempted
t12,shrinkage_lda,behavior,0.25,0.24,382,13,imagined,imagined
t12,shrinkage_lda,behavior,0.25,0.24,383,13,imagined,imagined
t12,shrinkage_lda,behavior,0.25,0.24,384,13,imagined,imagined
t12,shrinkage_lda,behavior,0.25,0.24,385,13,listening,idle
t12,shrinkage_lda,behavior,0.25,0.24,386,13,imagined,imagined
t12,shrinkage_lda,behavior,0.25,0.24,387,13,listening,imagined
t12,shrinkage_lda,behavior,0.25,0.24,388,13,imagined,imagined
t12,shrinkage_lda,behavior,0.25,0.24,389,13,listening,imagined
t12,shrinkage_lda,behavior,0.25,0.24,390,13,listening,imagined
t12,shrinkage_lda,behavior,0.25,0.24,391,13,attempted,attempted
t12,shrinkage_lda,behavior,0.25,0.24,392,13,attempted,attempted
t12,shrinkage_lda,behavior,0.25,0.24,393,13,imagined,imagined
t12,shrinkage_lda,behavior,0.25,0.24,394,13,listening,imagined
t12,shrinkage_lda,behavior,0.25,0.24,395,13,listening,listening
t12,shrinkage_lda,behavior,0.25,0.24,396,14,imagined,imagined
t12,shrinkage_lda,behavior,0.25,0.24,397,14,listening,listening
t12,shrinkage_lda,behavior,0.25,0.24,398,14,idle,listening
t12,shrinkage_lda,behavior,0.25,0.24,399,14,imagined,imagined
t12,shrinkage_lda,behavior,0.25,0.24,400,14,imagined,imagined
t12,shrinkage_lda,behavior,0.25,0.24,401,14,idle,listening
t12,shrinkage_lda,behavior,0.25,0.24,402,14,listening,listening
t12,shrinkage_lda,behavior,0.25,0.24,403,14,attempted,attempted
t12,shrinkage_lda,behavior,0.25,0.24,404,14,attempted,attempted
t12,shrinkage_lda,behavior,0.25,0.24,405,14,imagined,imagined
t12,shrinkage_lda,behavior,0.25,0.24,406,14,listening,listening
t12,shrinkage_lda,behavior,0.25,0.24,407,14,listening,listening
t12,shrinkage_lda,behavior,0.25,0.24,408,14,listening,imagined
t12,shrinkage_lda,behavior,0.25,0.24,409,14,imagined,imagined
t12,shrinkage_lda,behavior,0.25,0.24,410,14,imagined,imagined
t12,shrinkage_lda,behavior,0.25,0.24,411,14,imagined,imagined
t12,shrinkage_lda,behavior,0.25,0.24,412,14,attempted,attempted
t12,shrinkage_lda,behavior,0.25,0.24,413,14,attempted,attempted
t12,shrinkage_lda,behavior,0.25,0.24,414,14,attempted,attempted
t12,shrinkage_lda,behavior,0.25,0.24,415,14,attempted,attempted
t12,shrinkage_lda,behavior,0.25,0.24,416,14,attempted,imagined
t12,shrinkage_lda,behavior,0.25,0.24,417,14,listening,listening
t12,shrinkage_lda,behavior,0.25,0.24,418,14,listening,idle
t12,shrinkage_lda,behavior,0.25,0.24,419,14,listening,idle
t12,shrinkage_lda,behavior,0.25,0.24,420,14,imagined,imagined
t12,shrinkage_lda,behavior,0.25,0.24,421,14,imagined,imagined
t12,shrinkage_lda,behavior,0.25,0.24,422,14,listening,listening
t12,shrinkage_lda,behavior,0.25,0.24,423,14,listening,listening
t12,shrinkage_lda,behavior,0.25,0.24,424,14,attempted,attempted
t12,shrinkage_lda,behavior,0.25,0.24,425,14,listening,imagined
t12,shrinkage_lda,behavior,0.25,0.24,426,14,attempted,attempted
t12,shrinkage_lda,behavior,0.25,0.24,427,14,imagined,imagined
t12,shrinkage_lda,behavior,0.25,0.24,428,14,imagined,attempted
t12,shrinkage_lda,behavior,0.25,0.24,429,14,imagined,imagined
t12,shrinkage_lda,behavior,0.25,0.24,430,14,attempted,attempted
t12,shrinkage_lda,behavior,0.25,0.24,431,14,attempted,attempted
t12,shrinkage_lda,behavior,0.25,0.24,432,14,listening,listening
t12,shrinkage_lda,behavior,0.25,0.24,433,14,imagined,imagined
t12,shrinkage_lda,behavior,0.25,0.24,434,14,listening,idle
t12,shrinkage_lda,behavior,0.25,0.24,435,14,attempted,attempted
t12,shrinkage_lda,behavior,0.25,0.24,436,14,imagined,imagined
t12,shrinkage_lda,behavior,0.25,0.24,437,14,attempted,attempted
t12,shrinkage_lda,behavior,0.25,0.24,438,14,listening,idle
t12,shrinkage_lda,behavior,0.25,0.24,439,14,attempted,attempted
t12,diagonal_lda,imagined_word,0.25,0.24,356,13,feel,ban
t12,diagonal_lda,imagined_word,0.25,0.24,357,13,though,kite
t12,diagonal_lda,imagined_word,0.25,0.24,359,13,day,feel
t12,diagonal_lda,imagined_word,0.25,0.24,366,13,kite,kite
t12,diagonal_lda,imagined_word,0.25,0.24,373,13,though,feel
t12,diagonal_lda,imagined_word,0.25,0.24,374,13,kite,kite
t12,diagonal_lda,imagined_word,0.25,0.24,377,13,choice,choice
t12,diagonal_lda,imagined_word,0.25,0.24,378,13,feel,kite
t12,diagonal_lda,imagined_word,0.25,0.24,382,13,day,choice
t12,diagonal_lda,imagined_word,0.25,0.24,383,13,ban,ban
t12,diagonal_lda,imagined_word,0.25,0.24,384,13,ban,feel
t12,diagonal_lda,imagined_word,0.25,0.24,386,13,choice,ban
t12,diagonal_lda,imagined_word,0.25,0.24,388,13,were,kite
t12,diagonal_lda,imagined_word,0.25,0.24,393,13,were,feel
t12,diagonal_lda,imagined_word,0.25,0.24,396,14,were,choice
t12,diagonal_lda,imagined_word,0.25,0.24,399,14,kite,choice
t12,diagonal_lda,imagined_word,0.25,0.24,400,14,day,choice
t12,diagonal_lda,imagined_word,0.25,0.24,405,14,day,choice
t12,diagonal_lda,imagined_word,0.25,0.24,409,14,ban,choice
t12,diagonal_lda,imagined_word,0.25,0.24,410,14,ban,ban
t12,diagonal_lda,imagined_word,0.25,0.24,411,14,kite,feel
t12,diagonal_lda,imagined_word,0.25,0.24,420,14,though,were
t12,diagonal_lda,imagined_word,0.25,0.24,421,14,choice,feel
t12,diagonal_lda,imagined_word,0.25,0.24,427,14,though,choice
t12,diagonal_lda,imagined_word,0.25,0.24,428,14,were,were
t12,diagonal_lda,imagined_word,0.25,0.24,429,14,feel,were
t12,diagonal_lda,imagined_word,0.25,0.24,433,14,feel,though
t12,diagonal_lda,imagined_word,0.25,0.24,436,14,choice,choice
t12,diagonal_lda,attempted_word,0.25,0.24,352,13,ban,ban
t12,diagonal_lda,attempted_word,0.25,0.24,354,13,kite,kite
t12,diagonal_lda,attempted_word,0.25,0.24,363,13,choice,day
t12,diagonal_lda,attempted_word,0.25,0.24,364,13,day,though
t12,diagonal_lda,attempted_word,0.25,0.24,365,13,kite,ban
t12,diagonal_lda,attempted_word,0.25,0.24,368,13,feel,kite
t12,diagonal_lda,attempted_word,0.25,0.24,369,13,feel,feel
t12,diagonal_lda,attempted_word,0.25,0.24,370,13,though,though
t12,diagonal_lda,attempted_word,0.25,0.24,371,13,ban,ban
t12,diagonal_lda,attempted_word,0.25,0.24,379,13,choice,choice
t12,diagonal_lda,attempted_word,0.25,0.24,380,13,though,though
t12,diagonal_lda,attempted_word,0.25,0.24,381,13,day,day
t12,diagonal_lda,attempted_word,0.25,0.24,391,13,were,feel
t12,diagonal_lda,attempted_word,0.25,0.24,392,13,were,were
t12,diagonal_lda,attempted_word,0.25,0.24,403,14,feel,day
t12,diagonal_lda,attempted_word,0.25,0.24,404,14,choice,kite
t12,diagonal_lda,attempted_word,0.25,0.24,412,14,kite,kite
t12,diagonal_lda,attempted_word,0.25,0.24,413,14,were,choice
t12,diagonal_lda,attempted_word,0.25,0.24,414,14,feel,ban
t12,diagonal_lda,attempted_word,0.25,0.24,415,14,ban,choice
t12,diagonal_lda,attempted_word,0.25,0.24,416,14,day,choice
t12,diagonal_lda,attempted_word,0.25,0.24,424,14,ban,ban
t12,diagonal_lda,attempted_word,0.25,0.24,426,14,though,though
t12,diagonal_lda,attempted_word,0.25,0.24,430,14,kite,kite
t12,diagonal_lda,attempted_word,0.25,0.24,431,14,though,day
t12,diagonal_lda,attempted_word,0.25,0.24,435,14,were,feel
t12,diagonal_lda,attempted_word,0.25,0.24,437,14,day,day
t12,diagonal_lda,attempted_word,0.25,0.24,439,14,choice,kite
t12,diagonal_lda,listening_word,0.25,0.24,353,13,were,were
t12,diagonal_lda,listening_word,0.25,0.24,355,13,day,were
t12,diagonal_lda,listening_word,0.25,0.24,358,13,feel,choice
t12,diagonal_lda,listening_word,0.25,0.24,361,13,choice,were
t12,diagonal_lda,listening_word,0.25,0.24,367,13,ban,kite
t12,diagonal_lda,listening_word,0.25,0.24,372,13,though,day
t12,diagonal_lda,listening_word,0.25,0.24,375,13,were,day
t12,diagonal_lda,listening_word,0.25,0.24,376,13,kite,choice
t12,diagonal_lda,listening_word,0.25,0.24,385,13,ban,kite
t12,diagonal_lda,listening_word,0.25,0.24,387,13,day,were
t12,diagonal_lda,listening_word,0.25,0.24,389,13,though,choice
t12,diagonal_lda,listening_word,0.25,0.24,390,13,choice,day
t12,diagonal_lda,listening_word,0.25,0.24,394,13,feel,feel
t12,diagonal_lda,listening_word,0.25,0.24,395,13,kite,day
t12,diagonal_lda,listening_word,0.25,0.24,397,14,feel,choice
t12,diagonal_lda,listening_word,0.25,0.24,402,14,were,kite
t12,diagonal_lda,listening_word,0.25,0.24,406,14,feel,day
t12,diagonal_lda,listening_word,0.25,0.24,407,14,ban,choice
t12,diagonal_lda,listening_word,0.25,0.24,408,14,kite,were
t12,diagonal_lda,listening_word,0.25,0.24,417,14,choice,day
t12,diagonal_lda,listening_word,0.25,0.24,418,14,were,kite
t12,diagonal_lda,listening_word,0.25,0.24,419,14,ban,ban
t12,diagonal_lda,listening_word,0.25,0.24,422,14,though,though
t12,diagonal_lda,listening_word,0.25,0.24,423,14,day,kite
t12,diagonal_lda,listening_word,0.25,0.24,425,14,kite,day
t12,diagonal_lda,listening_word,0.25,0.24,432,14,choice,kite
t12,diagonal_lda,listening_word,0.25,0.24,434,14,day,ban
t12,diagonal_lda,listening_word,0.25,0.24,438,14,though,day
t12,diagonal_lda,behavior,0.25,0.24,352,13,attempted,attempted
t12,diagonal_lda,behavior,0.25,0.24,353,13,listening,imagined
t12,diagonal_lda,behavior,0.25,0.24,354,13,attempted,attempted
t12,diagonal_lda,behavior,0.25,0.24,355,13,listening,imagined
t12,diagonal_lda,behavior,0.25,0.24,356,13,imagined,imagined
t12,diagonal_lda,behavior,0.25,0.24,357,13,imagined,imagined
t12,diagonal_lda,behavior,0.25,0.24,358,13,listening,idle
t12,diagonal_lda,behavior,0.25,0.24,359,13,imagined,imagined
t12,diagonal_lda,behavior,0.25,0.24,360,13,idle,listening
t12,diagonal_lda,behavior,0.25,0.24,361,13,listening,attempted
t12,diagonal_lda,behavior,0.25,0.24,362,13,idle,listening
t12,diagonal_lda,behavior,0.25,0.24,363,13,attempted,attempted
t12,diagonal_lda,behavior,0.25,0.24,364,13,attempted,attempted
t12,diagonal_lda,behavior,0.25,0.24,365,13,attempted,attempted
t12,diagonal_lda,behavior,0.25,0.24,366,13,imagined,imagined
t12,diagonal_lda,behavior,0.25,0.24,367,13,listening,listening
t12,diagonal_lda,behavior,0.25,0.24,368,13,attempted,attempted
t12,diagonal_lda,behavior,0.25,0.24,369,13,attempted,attempted
t12,diagonal_lda,behavior,0.25,0.24,370,13,attempted,imagined
t12,diagonal_lda,behavior,0.25,0.24,371,13,attempted,attempted
t12,diagonal_lda,behavior,0.25,0.24,372,13,listening,listening
t12,diagonal_lda,behavior,0.25,0.24,373,13,imagined,listening
t12,diagonal_lda,behavior,0.25,0.24,374,13,imagined,imagined
t12,diagonal_lda,behavior,0.25,0.24,375,13,listening,listening
t12,diagonal_lda,behavior,0.25,0.24,376,13,listening,listening
t12,diagonal_lda,behavior,0.25,0.24,377,13,imagined,imagined
t12,diagonal_lda,behavior,0.25,0.24,378,13,imagined,imagined
t12,diagonal_lda,behavior,0.25,0.24,379,13,attempted,attempted
t12,diagonal_lda,behavior,0.25,0.24,380,13,attempted,imagined
t12,diagonal_lda,behavior,0.25,0.24,381,13,attempted,attempted
t12,diagonal_lda,behavior,0.25,0.24,382,13,imagined,imagined
t12,diagonal_lda,behavior,0.25,0.24,383,13,imagined,imagined
t12,diagonal_lda,behavior,0.25,0.24,384,13,imagined,imagined
t12,diagonal_lda,behavior,0.25,0.24,385,13,listening,idle
t12,diagonal_lda,behavior,0.25,0.24,386,13,imagined,imagined
t12,diagonal_lda,behavior,0.25,0.24,387,13,listening,imagined
t12,diagonal_lda,behavior,0.25,0.24,388,13,imagined,imagined
t12,diagonal_lda,behavior,0.25,0.24,389,13,listening,imagined
t12,diagonal_lda,behavior,0.25,0.24,390,13,listening,idle
t12,diagonal_lda,behavior,0.25,0.24,391,13,attempted,attempted
t12,diagonal_lda,behavior,0.25,0.24,392,13,attempted,attempted
t12,diagonal_lda,behavior,0.25,0.24,393,13,imagined,imagined
t12,diagonal_lda,behavior,0.25,0.24,394,13,listening,imagined
t12,diagonal_lda,behavior,0.25,0.24,395,13,listening,listening
t12,diagonal_lda,behavior,0.25,0.24,396,14,imagined,imagined
t12,diagonal_lda,behavior,0.25,0.24,397,14,listening,listening
t12,diagonal_lda,behavior,0.25,0.24,398,14,idle,listening
t12,diagonal_lda,behavior,0.25,0.24,399,14,imagined,imagined
t12,diagonal_lda,behavior,0.25,0.24,400,14,imagined,imagined
t12,diagonal_lda,behavior,0.25,0.24,401,14,idle,listening
t12,diagonal_lda,behavior,0.25,0.24,402,14,listening,listening
t12,diagonal_lda,behavior,0.25,0.24,403,14,attempted,attempted
t12,diagonal_lda,behavior,0.25,0.24,404,14,attempted,attempted
t12,diagonal_lda,behavior,0.25,0.24,405,14,imagined,imagined
t12,diagonal_lda,behavior,0.25,0.24,406,14,listening,listening
t12,diagonal_lda,behavior,0.25,0.24,407,14,listening,listening
t12,diagonal_lda,behavior,0.25,0.24,408,14,listening,imagined
t12,diagonal_lda,behavior,0.25,0.24,409,14,imagined,imagined
t12,diagonal_lda,behavior,0.25,0.24,410,14,imagined,imagined
t12,diagonal_lda,behavior,0.25,0.24,411,14,imagined,imagined
t12,diagonal_lda,behavior,0.25,0.24,412,14,attempted,attempted
t12,diagonal_lda,behavior,0.25,0.24,413,14,attempted,attempted
t12,diagonal_lda,behavior,0.25,0.24,414,14,attempted,attempted
t12,diagonal_lda,behavior,0.25,0.24,415,14,attempted,attempted
t12,diagonal_lda,behavior,0.25,0.24,416,14,attempted,imagined
t12,diagonal_lda,behavior,0.25,0.24,417,14,listening,listening
t12,diagonal_lda,behavior,0.25,0.24,418,14,listening,idle
t12,diagonal_lda,behavior,0.25,0.24,419,14,listening,listening
t12,diagonal_lda,behavior,0.25,0.24,420,14,imagined,imagined
t12,diagonal_lda,behavior,0.25,0.24,421,14,imagined,imagined
t12,diagonal_lda,behavior,0.25,0.24,422,14,listening,listening
t12,diagonal_lda,behavior,0.25,0.24,423,14,listening,listening
t12,diagonal_lda,behavior,0.25,0.24,424,14,attempted,attempted
t12,diagonal_lda,behavior,0.25,0.24,425,14,listening,imagined
t12,diagonal_lda,behavior,0.25,0.24,426,14,attempted,attempted
t12,diagonal_lda,behavior,0.25,0.24,427,14,imagined,imagined
t12,diagonal_lda,behavior,0.25,0.24,428,14,imagined,attempted
t12,diagonal_lda,behavior,0.25,0.24,429,14,imagined,imagined
t12,diagonal_lda,behavior,0.25,0.24,430,14,attempted,imagined
t12,diagonal_lda,behavior,0.25,0.24,431,14,attempted,attempted
t12,diagonal_lda,behavior,0.25,0.24,432,14,listening,listening
t12,diagonal_lda,behavior,0.25,0.24,433,14,imagined,imagined
t12,diagonal_lda,behavior,0.25,0.24,434,14,listening,idle
t12,diagonal_lda,behavior,0.25,0.24,435,14,attempted,attempted
t12,diagonal_lda,behavior,0.25,0.24,436,14,imagined,imagined
t12,diagonal_lda,behavior,0.25,0.24,437,14,attempted,attempted
t12,diagonal_lda,behavior,0.25,0.24,438,14,listening,idle
t12,diagonal_lda,behavior,0.25,0.24,439,14,attempted,attempted
t12,shrinkage_lda,imagined_word,0.5,0.5,356,13,feel,ban
t12,shrinkage_lda,imagined_word,0.5,0.5,357,13,though,day
t12,shrinkage_lda,imagined_word,0.5,0.5,359,13,day,choice
t12,shrinkage_lda,imagined_word,0.5,0.5,366,13,kite,kite
t12,shrinkage_lda,imagined_word,0.5,0.5,373,13,though,though
t12,shrinkage_lda,imagined_word,0.5,0.5,374,13,kite,feel
t12,shrinkage_lda,imagined_word,0.5,0.5,377,13,choice,choice
t12,shrinkage_lda,imagined_word,0.5,0.5,378,13,feel,choice
t12,shrinkage_lda,imagined_word,0.5,0.5,382,13,day,choice
t12,shrinkage_lda,imagined_word,0.5,0.5,383,13,ban,ban
t12,shrinkage_lda,imagined_word,0.5,0.5,384,13,ban,ban
t12,shrinkage_lda,imagined_word,0.5,0.5,386,13,choice,choice
t12,shrinkage_lda,imagined_word,0.5,0.5,388,13,were,day
t12,shrinkage_lda,imagined_word,0.5,0.5,393,13,were,choice
t12,shrinkage_lda,imagined_word,0.5,0.5,396,14,were,kite
t12,shrinkage_lda,imagined_word,0.5,0.5,399,14,kite,though
t12,shrinkage_lda,imagined_word,0.5,0.5,400,14,day,choice
t12,shrinkage_lda,imagined_word,0.5,0.5,405,14,day,choice
t12,shrinkage_lda,imagined_word,0.5,0.5,409,14,ban,ban
t12,shrinkage_lda,imagined_word,0.5,0.5,410,14,ban,ban
t12,shrinkage_lda,imagined_word,0.5,0.5,411,14,kite,ban
t12,shrinkage_lda,imagined_word,0.5,0.5,420,14,though,choice
t12,shrinkage_lda,imagined_word,0.5,0.5,421,14,choice,day
t12,shrinkage_lda,imagined_word,0.5,0.5,427,14,though,choice
t12,shrinkage_lda,imagined_word,0.5,0.5,428,14,were,were
t12,shrinkage_lda,imagined_word,0.5,0.5,429,14,feel,choice
t12,shrinkage_lda,imagined_word,0.5,0.5,433,14,feel,ban
t12,shrinkage_lda,imagined_word,0.5,0.5,436,14,choice,though
t12,shrinkage_lda,attempted_word,0.5,0.5,352,13,ban,ban
t12,shrinkage_lda,attempted_word,0.5,0.5,354,13,kite,kite
t12,shrinkage_lda,attempted_word,0.5,0.5,363,13,choice,choice
t12,shrinkage_lda,attempted_word,0.5,0.5,364,13,day,day
t12,shrinkage_lda,attempted_word,0.5,0.5,365,13,kite,kite
t12,shrinkage_lda,attempted_word,0.5,0.5,368,13,feel,kite
t12,shrinkage_lda,attempted_word,0.5,0.5,369,13,feel,feel
t12,shrinkage_lda,attempted_word,0.5,0.5,370,13,though,though
t12,shrinkage_lda,attempted_word,0.5,0.5,371,13,ban,ban
t12,shrinkage_lda,attempted_word,0.5,0.5,379,13,choice,choice
t12,shrinkage_lda,attempted_word,0.5,0.5,380,13,though,though
t12,shrinkage_lda,attempted_word,0.5,0.5,381,13,day,day
t12,shrinkage_lda,attempted_word,0.5,0.5,391,13,were,were
t12,shrinkage_lda,attempted_word,0.5,0.5,392,13,were,were
t12,shrinkage_lda,attempted_word,0.5,0.5,403,14,feel,feel
t12,shrinkage_lda,attempted_word,0.5,0.5,404,14,choice,kite
t12,shrinkage_lda,attempted_word,0.5,0.5,412,14,kite,kite
t12,shrinkage_lda,attempted_word,0.5,0.5,413,14,were,were
t12,shrinkage_lda,attempted_word,0.5,0.5,414,14,feel,feel
t12,shrinkage_lda,attempted_word,0.5,0.5,415,14,ban,choice
t12,shrinkage_lda,attempted_word,0.5,0.5,416,14,day,day
t12,shrinkage_lda,attempted_word,0.5,0.5,424,14,ban,ban
t12,shrinkage_lda,attempted_word,0.5,0.5,426,14,though,though
t12,shrinkage_lda,attempted_word,0.5,0.5,430,14,kite,kite
t12,shrinkage_lda,attempted_word,0.5,0.5,431,14,though,though
t12,shrinkage_lda,attempted_word,0.5,0.5,435,14,were,feel
t12,shrinkage_lda,attempted_word,0.5,0.5,437,14,day,though
t12,shrinkage_lda,attempted_word,0.5,0.5,439,14,choice,choice
t12,shrinkage_lda,listening_word,0.5,0.5,353,13,were,were
t12,shrinkage_lda,listening_word,0.5,0.5,355,13,day,kite
t12,shrinkage_lda,listening_word,0.5,0.5,358,13,feel,feel
t12,shrinkage_lda,listening_word,0.5,0.5,361,13,choice,ban
t12,shrinkage_lda,listening_word,0.5,0.5,367,13,ban,kite
t12,shrinkage_lda,listening_word,0.5,0.5,372,13,though,ban
t12,shrinkage_lda,listening_word,0.5,0.5,375,13,were,day
t12,shrinkage_lda,listening_word,0.5,0.5,376,13,kite,though
t12,shrinkage_lda,listening_word,0.5,0.5,385,13,ban,kite
t12,shrinkage_lda,listening_word,0.5,0.5,387,13,day,were
t12,shrinkage_lda,listening_word,0.5,0.5,389,13,though,ban
t12,shrinkage_lda,listening_word,0.5,0.5,390,13,choice,kite
t12,shrinkage_lda,listening_word,0.5,0.5,394,13,feel,choice
t12,shrinkage_lda,listening_word,0.5,0.5,395,13,kite,day
t12,shrinkage_lda,listening_word,0.5,0.5,397,14,feel,though
t12,shrinkage_lda,listening_word,0.5,0.5,402,14,were,day
t12,shrinkage_lda,listening_word,0.5,0.5,406,14,feel,feel
t12,shrinkage_lda,listening_word,0.5,0.5,407,14,ban,choice
t12,shrinkage_lda,listening_word,0.5,0.5,408,14,kite,were
t12,shrinkage_lda,listening_word,0.5,0.5,417,14,choice,day
t12,shrinkage_lda,listening_word,0.5,0.5,418,14,were,were
t12,shrinkage_lda,listening_word,0.5,0.5,419,14,ban,choice
t12,shrinkage_lda,listening_word,0.5,0.5,422,14,though,ban
t12,shrinkage_lda,listening_word,0.5,0.5,423,14,day,day
t12,shrinkage_lda,listening_word,0.5,0.5,425,14,kite,ban
t12,shrinkage_lda,listening_word,0.5,0.5,432,14,choice,kite
t12,shrinkage_lda,listening_word,0.5,0.5,434,14,day,were
t12,shrinkage_lda,listening_word,0.5,0.5,438,14,though,were
t12,shrinkage_lda,behavior,0.5,0.5,352,13,attempted,attempted
t12,shrinkage_lda,behavior,0.5,0.5,353,13,listening,imagined
t12,shrinkage_lda,behavior,0.5,0.5,354,13,attempted,attempted
t12,shrinkage_lda,behavior,0.5,0.5,355,13,listening,listening
t12,shrinkage_lda,behavior,0.5,0.5,356,13,imagined,imagined
t12,shrinkage_lda,behavior,0.5,0.5,357,13,imagined,imagined
t12,shrinkage_lda,behavior,0.5,0.5,358,13,listening,listening
t12,shrinkage_lda,behavior,0.5,0.5,359,13,imagined,imagined
t12,shrinkage_lda,behavior,0.5,0.5,360,13,idle,listening
t12,shrinkage_lda,behavior,0.5,0.5,361,13,listening,listening
t12,shrinkage_lda,behavior,0.5,0.5,362,13,idle,listening
t12,shrinkage_lda,behavior,0.5,0.5,363,13,attempted,attempted
t12,shrinkage_lda,behavior,0.5,0.5,364,13,attempted,attempted
t12,shrinkage_lda,behavior,0.5,0.5,365,13,attempted,attempted
t12,shrinkage_lda,behavior,0.5,0.5,366,13,imagined,imagined
t12,shrinkage_lda,behavior,0.5,0.5,367,13,listening,listening
t12,shrinkage_lda,behavior,0.5,0.5,368,13,attempted,attempted
t12,shrinkage_lda,behavior,0.5,0.5,369,13,attempted,attempted
t12,shrinkage_lda,behavior,0.5,0.5,370,13,attempted,attempted
t12,shrinkage_lda,behavior,0.5,0.5,371,13,attempted,attempted
t12,shrinkage_lda,behavior,0.5,0.5,372,13,listening,listening
t12,shrinkage_lda,behavior,0.5,0.5,373,13,imagined,imagined
t12,shrinkage_lda,behavior,0.5,0.5,374,13,imagined,imagined
t12,shrinkage_lda,behavior,0.5,0.5,375,13,listening,listening
t12,shrinkage_lda,behavior,0.5,0.5,376,13,listening,listening
t12,shrinkage_lda,behavior,0.5,0.5,377,13,imagined,imagined
t12,shrinkage_lda,behavior,0.5,0.5,378,13,imagined,imagined
t12,shrinkage_lda,behavior,0.5,0.5,379,13,attempted,attempted
t12,shrinkage_lda,behavior,0.5,0.5,380,13,attempted,attempted
t12,shrinkage_lda,behavior,0.5,0.5,381,13,attempted,imagined
t12,shrinkage_lda,behavior,0.5,0.5,382,13,imagined,imagined
t12,shrinkage_lda,behavior,0.5,0.5,383,13,imagined,imagined
t12,shrinkage_lda,behavior,0.5,0.5,384,13,imagined,imagined
t12,shrinkage_lda,behavior,0.5,0.5,385,13,listening,listening
t12,shrinkage_lda,behavior,0.5,0.5,386,13,imagined,imagined
t12,shrinkage_lda,behavior,0.5,0.5,387,13,listening,listening
t12,shrinkage_lda,behavior,0.5,0.5,388,13,imagined,imagined
t12,shrinkage_lda,behavior,0.5,0.5,389,13,listening,listening
t12,shrinkage_lda,behavior,0.5,0.5,390,13,listening,idle
t12,shrinkage_lda,behavior,0.5,0.5,391,13,attempted,attempted
t12,shrinkage_lda,behavior,0.5,0.5,392,13,attempted,attempted
t12,shrinkage_lda,behavior,0.5,0.5,393,13,imagined,imagined
t12,shrinkage_lda,behavior,0.5,0.5,394,13,listening,listening
t12,shrinkage_lda,behavior,0.5,0.5,395,13,listening,listening
t12,shrinkage_lda,behavior,0.5,0.5,396,14,imagined,imagined
t12,shrinkage_lda,behavior,0.5,0.5,397,14,listening,listening
t12,shrinkage_lda,behavior,0.5,0.5,398,14,idle,listening
t12,shrinkage_lda,behavior,0.5,0.5,399,14,imagined,imagined
t12,shrinkage_lda,behavior,0.5,0.5,400,14,imagined,imagined
t12,shrinkage_lda,behavior,0.5,0.5,401,14,idle,idle
t12,shrinkage_lda,behavior,0.5,0.5,402,14,listening,listening
t12,shrinkage_lda,behavior,0.5,0.5,403,14,attempted,attempted
t12,shrinkage_lda,behavior,0.5,0.5,404,14,attempted,attempted
t12,shrinkage_lda,behavior,0.5,0.5,405,14,imagined,imagined
t12,shrinkage_lda,behavior,0.5,0.5,406,14,listening,listening
t12,shrinkage_lda,behavior,0.5,0.5,407,14,listening,listening
t12,shrinkage_lda,behavior,0.5,0.5,408,14,listening,imagined
t12,shrinkage_lda,behavior,0.5,0.5,409,14,imagined,imagined
t12,shrinkage_lda,behavior,0.5,0.5,410,14,imagined,imagined
t12,shrinkage_lda,behavior,0.5,0.5,411,14,imagined,imagined
t12,shrinkage_lda,behavior,0.5,0.5,412,14,attempted,attempted
t12,shrinkage_lda,behavior,0.5,0.5,413,14,attempted,attempted
t12,shrinkage_lda,behavior,0.5,0.5,414,14,attempted,attempted
t12,shrinkage_lda,behavior,0.5,0.5,415,14,attempted,attempted
t12,shrinkage_lda,behavior,0.5,0.5,416,14,attempted,imagined
t12,shrinkage_lda,behavior,0.5,0.5,417,14,listening,listening
t12,shrinkage_lda,behavior,0.5,0.5,418,14,listening,listening
t12,shrinkage_lda,behavior,0.5,0.5,419,14,listening,listening
t12,shrinkage_lda,behavior,0.5,0.5,420,14,imagined,imagined
t12,shrinkage_lda,behavior,0.5,0.5,421,14,imagined,imagined
t12,shrinkage_lda,behavior,0.5,0.5,422,14,listening,listening
t12,shrinkage_lda,behavior,0.5,0.5,423,14,listening,listening
t12,shrinkage_lda,behavior,0.5,0.5,424,14,attempted,attempted
t12,shrinkage_lda,behavior,0.5,0.5,425,14,listening,imagined
t12,shrinkage_lda,behavior,0.5,0.5,426,14,attempted,attempted
t12,shrinkage_lda,behavior,0.5,0.5,427,14,imagined,imagined
t12,shrinkage_lda,behavior,0.5,0.5,428,14,imagined,imagined
t12,shrinkage_lda,behavior,0.5,0.5,429,14,imagined,imagined
t12,shrinkage_lda,behavior,0.5,0.5,430,14,attempted,attempted
t12,shrinkage_lda,behavior,0.5,0.5,431,14,attempted,attempted
t12,shrinkage_lda,behavior,0.5,0.5,432,14,listening,listening
t12,shrinkage_lda,behavior,0.5,0.5,433,14,imagined,imagined
t12,shrinkage_lda,behavior,0.5,0.5,434,14,listening,idle
t12,shrinkage_lda,behavior,0.5,0.5,435,14,attempted,attempted
t12,shrinkage_lda,behavior,0.5,0.5,436,14,imagined,imagined
t12,shrinkage_lda,behavior,0.5,0.5,437,14,attempted,imagined
t12,shrinkage_lda,behavior,0.5,0.5,438,14,listening,listening
t12,shrinkage_lda,behavior,0.5,0.5,439,14,attempted,attempted
t12,diagonal_lda,imagined_word,0.5,0.5,356,13,feel,ban
t12,diagonal_lda,imagined_word,0.5,0.5,357,13,though,day
t12,diagonal_lda,imagined_word,0.5,0.5,359,13,day,choice
t12,diagonal_lda,imagined_word,0.5,0.5,366,13,kite,kite
t12,diagonal_lda,imagined_word,0.5,0.5,373,13,though,though
t12,diagonal_lda,imagined_word,0.5,0.5,374,13,kite,feel
t12,diagonal_lda,imagined_word,0.5,0.5,377,13,choice,choice
t12,diagonal_lda,imagined_word,0.5,0.5,378,13,feel,choice
t12,diagonal_lda,imagined_word,0.5,0.5,382,13,day,choice
t12,diagonal_lda,imagined_word,0.5,0.5,383,13,ban,ban
t12,diagonal_lda,imagined_word,0.5,0.5,384,13,ban,feel
t12,diagonal_lda,imagined_word,0.5,0.5,386,13,choice,choice
t12,diagonal_lda,imagined_word,0.5,0.5,388,13,were,day
t12,diagonal_lda,imagined_word,0.5,0.5,393,13,were,choice
t12,diagonal_lda,imagined_word,0.5,0.5,396,14,were,ban
t12,diagonal_lda,imagined_word,0.5,0.5,399,14,kite,though
t12,diagonal_lda,imagined_word,0.5,0.5,400,14,day,choice
t12,diagonal_lda,imagined_word,0.5,0.5,405,14,day,choice
t12,diagonal_lda,imagined_word,0.5,0.5,409,14,ban,ban
t12,diagonal_lda,imagined_word,0.5,0.5,410,14,ban,ban
t12,diagonal_lda,imagined_word,0.5,0.5,411,14,kite,ban
t12,diagonal_lda,imagined_word,0.5,0.5,420,14,though,choice
t12,diagonal_lda,imagined_word,0.5,0.5,421,14,choice,day
t12,diagonal_lda,imagined_word,0.5,0.5,427,14,though,though
t12,diagonal_lda,imagined_word,0.5,0.5,428,14,were,were
t12,diagonal_lda,imagined_word,0.5,0.5,429,14,feel,choice
t12,diagonal_lda,imagined_word,0.5,0.5,433,14,feel,ban
t12,diagonal_lda,imagined_word,0.5,0.5,436,14,choice,choice
t12,diagonal_lda,attempted_word,0.5,0.5,352,13,ban,ban
t12,diagonal_lda,attempted_word,0.5,0.5,354,13,kite,kite
t12,diagonal_lda,attempted_word,0.5,0.5,363,13,choice,choice
t12,diagonal_lda,attempted_word,0.5,0.5,364,13,day,day
t12,diagonal_lda,attempted_word,0.5,0.5,365,13,kite,kite
t12,diagonal_lda,attempted_word,0.5,0.5,368,13,feel,kite
t12,diagonal_lda,attempted_word,0.5,0.5,369,13,feel,feel
t12,diagonal_lda,attempted_word,0.5,0.5,370,13,though,though
t12,diagonal_lda,attempted_word,0.5,0.5,371,13,ban,ban
t12,diagonal_lda,attempted_word,0.5,0.5,379,13,choice,choice
t12,diagonal_lda,attempted_word,0.5,0.5,380,13,though,though
t12,diagonal_lda,attempted_word,0.5,0.5,381,13,day,day
t12,diagonal_lda,attempted_word,0.5,0.5,391,13,were,were
t12,diagonal_lda,attempted_word,0.5,0.5,392,13,were,were
t12,diagonal_lda,attempted_word,0.5,0.5,403,14,feel,feel
t12,diagonal_lda,attempted_word,0.5,0.5,404,14,choice,kite
t12,diagonal_lda,attempted_word,0.5,0.5,412,14,kite,kite
t12,diagonal_lda,attempted_word,0.5,0.5,413,14,were,were
t12,diagonal_lda,attempted_word,0.5,0.5,414,14,feel,feel
t12,diagonal_lda,attempted_word,0.5,0.5,415,14,ban,choice
t12,diagonal_lda,attempted_word,0.5,0.5,416,14,day,day
t12,diagonal_lda,attempted_word,0.5,0.5,424,14,ban,ban
t12,diagonal_lda,attempted_word,0.5,0.5,426,14,though,though
t12,diagonal_lda,attempted_word,0.5,0.5,430,14,kite,kite
t12,diagonal_lda,attempted_word,0.5,0.5,431,14,though,though
t12,diagonal_lda,attempted_word,0.5,0.5,435,14,were,feel
t12,diagonal_lda,attempted_word,0.5,0.5,437,14,day,though
t12,diagonal_lda,attempted_word,0.5,0.5,439,14,choice,kite
t12,diagonal_lda,listening_word,0.5,0.5,353,13,were,were
t12,diagonal_lda,listening_word,0.5,0.5,355,13,day,were
t12,diagonal_lda,listening_word,0.5,0.5,358,13,feel,feel
t12,diagonal_lda,listening_word,0.5,0.5,361,13,choice,were
t12,diagonal_lda,listening_word,0.5,0.5,367,13,ban,kite
t12,diagonal_lda,listening_word,0.5,0.5,372,13,though,day
t12,diagonal_lda,listening_word,0.5,0.5,375,13,were,day
t12,diagonal_lda,listening_word,0.5,0.5,376,13,kite,though
t12,diagonal_lda,listening_word,0.5,0.5,385,13,ban,kite
t12,diagonal_lda,listening_word,0.5,0.5,387,13,day,though
t12,diagonal_lda,listening_word,0.5,0.5,389,13,though,ban
t12,diagonal_lda,listening_word,0.5,0.5,390,13,choice,kite
t12,diagonal_lda,listening_word,0.5,0.5,394,13,feel,choice
t12,diagonal_lda,listening_word,0.5,0.5,395,13,kite,kite
t12,diagonal_lda,listening_word,0.5,0.5,397,14,feel,though
t12,diagonal_lda,listening_word,0.5,0.5,402,14,were,day
t12,diagonal_lda,listening_word,0.5,0.5,406,14,feel,feel
t12,diagonal_lda,listening_word,0.5,0.5,407,14,ban,choice
t12,diagonal_lda,listening_word,0.5,0.5,408,14,kite,were
t12,diagonal_lda,listening_word,0.5,0.5,417,14,choice,day
t12,diagonal_lda,listening_word,0.5,0.5,418,14,were,were
t12,diagonal_lda,listening_word,0.5,0.5,419,14,ban,choice
t12,diagonal_lda,listening_word,0.5,0.5,422,14,though,choice
t12,diagonal_lda,listening_word,0.5,0.5,423,14,day,day
t12,diagonal_lda,listening_word,0.5,0.5,425,14,kite,ban
t12,diagonal_lda,listening_word,0.5,0.5,432,14,choice,kite
t12,diagonal_lda,listening_word,0.5,0.5,434,14,day,were
t12,diagonal_lda,listening_word,0.5,0.5,438,14,though,were
t12,diagonal_lda,behavior,0.5,0.5,352,13,attempted,attempted
t12,diagonal_lda,behavior,0.5,0.5,353,13,listening,imagined
t12,diagonal_lda,behavior,0.5,0.5,354,13,attempted,attempted
t12,diagonal_lda,behavior,0.5,0.5,355,13,listening,listening
t12,diagonal_lda,behavior,0.5,0.5,356,13,imagined,imagined
t12,diagonal_lda,behavior,0.5,0.5,357,13,imagined,imagined
t12,diagonal_lda,behavior,0.5,0.5,358,13,listening,listening
t12,diagonal_lda,behavior,0.5,0.5,359,13,imagined,imagined
t12,diagonal_lda,behavior,0.5,0.5,360,13,idle,listening
t12,diagonal_lda,behavior,0.5,0.5,361,13,listening,listening
t12,diagonal_lda,behavior,0.5,0.5,362,13,idle,listening
t12,diagonal_lda,behavior,0.5,0.5,363,13,attempted,attempted
t12,diagonal_lda,behavior,0.5,0.5,364,13,attempted,attempted
t12,diagonal_lda,behavior,0.5,0.5,365,13,attempted,attempted
t12,diagonal_lda,behavior,0.5,0.5,366,13,imagined,imagined
t12,diagonal_lda,behavior,0.5,0.5,367,13,listening,listening
t12,diagonal_lda,behavior,0.5,0.5,368,13,attempted,attempted
t12,diagonal_lda,behavior,0.5,0.5,369,13,attempted,attempted
t12,diagonal_lda,behavior,0.5,0.5,370,13,attempted,attempted
t12,diagonal_lda,behavior,0.5,0.5,371,13,attempted,attempted
t12,diagonal_lda,behavior,0.5,0.5,372,13,listening,listening
t12,diagonal_lda,behavior,0.5,0.5,373,13,imagined,imagined
t12,diagonal_lda,behavior,0.5,0.5,374,13,imagined,imagined
t12,diagonal_lda,behavior,0.5,0.5,375,13,listening,listening
t12,diagonal_lda,behavior,0.5,0.5,376,13,listening,listening
t12,diagonal_lda,behavior,0.5,0.5,377,13,imagined,imagined
t12,diagonal_lda,behavior,0.5,0.5,378,13,imagined,imagined
t12,diagonal_lda,behavior,0.5,0.5,379,13,attempted,attempted
t12,diagonal_lda,behavior,0.5,0.5,380,13,attempted,attempted
t12,diagonal_lda,behavior,0.5,0.5,381,13,attempted,imagined
t12,diagonal_lda,behavior,0.5,0.5,382,13,imagined,imagined
t12,diagonal_lda,behavior,0.5,0.5,383,13,imagined,imagined
t12,diagonal_lda,behavior,0.5,0.5,384,13,imagined,imagined
t12,diagonal_lda,behavior,0.5,0.5,385,13,listening,listening
t12,diagonal_lda,behavior,0.5,0.5,386,13,imagined,imagined
t12,diagonal_lda,behavior,0.5,0.5,387,13,listening,listening
t12,diagonal_lda,behavior,0.5,0.5,388,13,imagined,imagined
t12,diagonal_lda,behavior,0.5,0.5,389,13,listening,listening
t12,diagonal_lda,behavior,0.5,0.5,390,13,listening,idle
t12,diagonal_lda,behavior,0.5,0.5,391,13,attempted,attempted
t12,diagonal_lda,behavior,0.5,0.5,392,13,attempted,attempted
t12,diagonal_lda,behavior,0.5,0.5,393,13,imagined,imagined
t12,diagonal_lda,behavior,0.5,0.5,394,13,listening,listening
t12,diagonal_lda,behavior,0.5,0.5,395,13,listening,listening
t12,diagonal_lda,behavior,0.5,0.5,396,14,imagined,imagined
t12,diagonal_lda,behavior,0.5,0.5,397,14,listening,listening
t12,diagonal_lda,behavior,0.5,0.5,398,14,idle,listening
t12,diagonal_lda,behavior,0.5,0.5,399,14,imagined,imagined
t12,diagonal_lda,behavior,0.5,0.5,400,14,imagined,imagined
t12,diagonal_lda,behavior,0.5,0.5,401,14,idle,idle
t12,diagonal_lda,behavior,0.5,0.5,402,14,listening,listening
t12,diagonal_lda,behavior,0.5,0.5,403,14,attempted,attempted
t12,diagonal_lda,behavior,0.5,0.5,404,14,attempted,attempted
t12,diagonal_lda,behavior,0.5,0.5,405,14,imagined,imagined
t12,diagonal_lda,behavior,0.5,0.5,406,14,listening,listening
t12,diagonal_lda,behavior,0.5,0.5,407,14,listening,listening
t12,diagonal_lda,behavior,0.5,0.5,408,14,listening,imagined
t12,diagonal_lda,behavior,0.5,0.5,409,14,imagined,imagined
t12,diagonal_lda,behavior,0.5,0.5,410,14,imagined,imagined
t12,diagonal_lda,behavior,0.5,0.5,411,14,imagined,imagined
t12,diagonal_lda,behavior,0.5,0.5,412,14,attempted,attempted
t12,diagonal_lda,behavior,0.5,0.5,413,14,attempted,attempted
t12,diagonal_lda,behavior,0.5,0.5,414,14,attempted,attempted
t12,diagonal_lda,behavior,0.5,0.5,415,14,attempted,attempted
t12,diagonal_lda,behavior,0.5,0.5,416,14,attempted,imagined
t12,diagonal_lda,behavior,0.5,0.5,417,14,listening,listening
t12,diagonal_lda,behavior,0.5,0.5,418,14,listening,listening
t12,diagonal_lda,behavior,0.5,0.5,419,14,listening,listening
t12,diagonal_lda,behavior,0.5,0.5,420,14,imagined,imagined
t12,diagonal_lda,behavior,0.5,0.5,421,14,imagined,imagined
t12,diagonal_lda,behavior,0.5,0.5,422,14,listening,listening
t12,diagonal_lda,behavior,0.5,0.5,423,14,listening,listening
t12,diagonal_lda,behavior,0.5,0.5,424,14,attempted,attempted
t12,diagonal_lda,behavior,0.5,0.5,425,14,listening,imagined
t12,diagonal_lda,behavior,0.5,0.5,426,14,attempted,attempted
t12,diagonal_lda,behavior,0.5,0.5,427,14,imagined,imagined
t12,diagonal_lda,behavior,0.5,0.5,428,14,imagined,imagined
t12,diagonal_lda,behavior,0.5,0.5,429,14,imagined,imagined
t12,diagonal_lda,behavior,0.5,0.5,430,14,attempted,attempted
t12,diagonal_lda,behavior,0.5,0.5,431,14,attempted,attempted
t12,diagonal_lda,behavior,0.5,0.5,432,14,listening,listening
t12,diagonal_lda,behavior,0.5,0.5,433,14,imagined,imagined
t12,diagonal_lda,behavior,0.5,0.5,434,14,listening,idle
t12,diagonal_lda,behavior,0.5,0.5,435,14,attempted,attempted
t12,diagonal_lda,behavior,0.5,0.5,436,14,imagined,imagined
t12,diagonal_lda,behavior,0.5,0.5,437,14,attempted,imagined
t12,diagonal_lda,behavior,0.5,0.5,438,14,listening,listening
t12,diagonal_lda,behavior,0.5,0.5,439,14,attempted,attempted
t12,shrinkage_lda,imagined_word,1.0,1.0,356,13,feel,ban
t12,shrinkage_lda,imagined_word,1.0,1.0,357,13,though,though
t12,shrinkage_lda,imagined_word,1.0,1.0,359,13,day,choice
t12,shrinkage_lda,imagined_word,1.0,1.0,366,13,kite,kite
t12,shrinkage_lda,imagined_word,1.0,1.0,373,13,though,though
t12,shrinkage_lda,imagined_word,1.0,1.0,374,13,kite,kite
t12,shrinkage_lda,imagined_word,1.0,1.0,377,13,choice,choice
t12,shrinkage_lda,imagined_word,1.0,1.0,378,13,feel,choice
t12,shrinkage_lda,imagined_word,1.0,1.0,382,13,day,choice
t12,shrinkage_lda,imagined_word,1.0,1.0,383,13,ban,ban
t12,shrinkage_lda,imagined_word,1.0,1.0,384,13,ban,ban
t12,shrinkage_lda,imagined_word,1.0,1.0,386,13,choice,choice
t12,shrinkage_lda,imagined_word,1.0,1.0,388,13,were,were
t12,shrinkage_lda,imagined_word,1.0,1.0,393,13,were,choice
t12,shrinkage_lda,imagined_word,1.0,1.0,396,14,were,were
t12,shrinkage_lda,imagined_word,1.0,1.0,399,14,kite,though
t12,shrinkage_lda,imagined_word,1.0,1.0,400,14,day,choice
t12,shrinkage_lda,imagined_word,1.0,1.0,405,14,day,choice
t12,shrinkage_lda,imagined_word,1.0,1.0,409,14,ban,ban
t12,shrinkage_lda,imagined_word,1.0,1.0,410,14,ban,ban
t12,shrinkage_lda,imagined_word,1.0,1.0,411,14,kite,kite
t12,shrinkage_lda,imagined_word,1.0,1.0,420,14,though,though
t12,shrinkage_lda,imagined_word,1.0,1.0,421,14,choice,choice
t12,shrinkage_lda,imagined_word,1.0,1.0,427,14,though,though
t12,shrinkage_lda,imagined_word,1.0,1.0,428,14,were,were
t12,shrinkage_lda,imagined_word,1.0,1.0,429,14,feel,choice
t12,shrinkage_lda,imagined_word,1.0,1.0,433,14,feel,kite
t12,shrinkage_lda,imagined_word,1.0,1.0,436,14,choice,choice
t12,shrinkage_lda,attempted_word,1.0,1.0,352,13,ban,ban
t12,shrinkage_lda,attempted_word,1.0,1.0,354,13,kite,kite
t12,shrinkage_lda,attempted_word,1.0,1.0,363,13,choice,choice
t12,shrinkage_lda,attempted_word,1.0,1.0,364,13,day,day
t12,shrinkage_lda,attempted_word,1.0,1.0,365,13,kite,kite
t12,shrinkage_lda,attempted_word,1.0,1.0,368,13,feel,feel
t12,shrinkage_lda,attempted_word,1.0,1.0,369,13,feel,were
t12,shrinkage_lda,attempted_word,1.0,1.0,370,13,though,though
t12,shrinkage_lda,attempted_word,1.0,1.0,371,13,ban,ban
t12,shrinkage_lda,attempted_word,1.0,1.0,379,13,choice,choice
t12,shrinkage_lda,attempted_word,1.0,1.0,380,13,though,though
t12,shrinkage_lda,attempted_word,1.0,1.0,381,13,day,day
t12,shrinkage_lda,attempted_word,1.0,1.0,391,13,were,were
t12,shrinkage_lda,attempted_word,1.0,1.0,392,13,were,were
t12,shrinkage_lda,attempted_word,1.0,1.0,403,14,feel,feel
t12,shrinkage_lda,attempted_word,1.0,1.0,404,14,choice,choice
t12,shrinkage_lda,attempted_word,1.0,1.0,412,14,kite,kite
t12,shrinkage_lda,attempted_word,1.0,1.0,413,14,were,were
t12,shrinkage_lda,attempted_word,1.0,1.0,414,14,feel,feel
t12,shrinkage_lda,attempted_word,1.0,1.0,415,14,ban,choice
t12,shrinkage_lda,attempted_word,1.0,1.0,416,14,day,though
t12,shrinkage_lda,attempted_word,1.0,1.0,424,14,ban,ban
t12,shrinkage_lda,attempted_word,1.0,1.0,426,14,though,though
t12,shrinkage_lda,attempted_word,1.0,1.0,430,14,kite,kite
t12,shrinkage_lda,attempted_word,1.0,1.0,431,14,though,though
t12,shrinkage_lda,attempted_word,1.0,1.0,435,14,were,were
t12,shrinkage_lda,attempted_word,1.0,1.0,437,14,day,day
t12,shrinkage_lda,attempted_word,1.0,1.0,439,14,choice,choice
t12,shrinkage_lda,listening_word,1.0,1.0,353,13,were,were
t12,shrinkage_lda,listening_word,1.0,1.0,355,13,day,choice
t12,shrinkage_lda,listening_word,1.0,1.0,358,13,feel,feel
t12,shrinkage_lda,listening_word,1.0,1.0,361,13,choice,kite
t12,shrinkage_lda,listening_word,1.0,1.0,367,13,ban,ban
t12,shrinkage_lda,listening_word,1.0,1.0,372,13,though,ban
t12,shrinkage_lda,listening_word,1.0,1.0,375,13,were,choice
t12,shrinkage_lda,listening_word,1.0,1.0,376,13,kite,were
t12,shrinkage_lda,listening_word,1.0,1.0,385,13,ban,kite
t12,shrinkage_lda,listening_word,1.0,1.0,387,13,day,ban
t12,shrinkage_lda,listening_word,1.0,1.0,389,13,though,though
t12,shrinkage_lda,listening_word,1.0,1.0,390,13,choice,were
t12,shrinkage_lda,listening_word,1.0,1.0,394,13,feel,were
t12,shrinkage_lda,listening_word,1.0,1.0,395,13,kite,were
t12,shrinkage_lda,listening_word,1.0,1.0,397,14,feel,though
t12,shrinkage_lda,listening_word,1.0,1.0,402,14,were,feel
t12,shrinkage_lda,listening_word,1.0,1.0,406,14,feel,feel
t12,shrinkage_lda,listening_word,1.0,1.0,407,14,ban,kite
t12,shrinkage_lda,listening_word,1.0,1.0,408,14,kite,kite
t12,shrinkage_lda,listening_word,1.0,1.0,417,14,choice,day
t12,shrinkage_lda,listening_word,1.0,1.0,418,14,were,were
t12,shrinkage_lda,listening_word,1.0,1.0,419,14,ban,ban
t12,shrinkage_lda,listening_word,1.0,1.0,422,14,though,feel
t12,shrinkage_lda,listening_word,1.0,1.0,423,14,day,were
t12,shrinkage_lda,listening_word,1.0,1.0,425,14,kite,day
t12,shrinkage_lda,listening_word,1.0,1.0,432,14,choice,choice
t12,shrinkage_lda,listening_word,1.0,1.0,434,14,day,choice
t12,shrinkage_lda,listening_word,1.0,1.0,438,14,though,ban
t12,shrinkage_lda,behavior,1.0,1.0,352,13,attempted,attempted
t12,shrinkage_lda,behavior,1.0,1.0,353,13,listening,imagined
t12,shrinkage_lda,behavior,1.0,1.0,354,13,attempted,attempted
t12,shrinkage_lda,behavior,1.0,1.0,355,13,listening,listening
t12,shrinkage_lda,behavior,1.0,1.0,356,13,imagined,imagined
t12,shrinkage_lda,behavior,1.0,1.0,357,13,imagined,imagined
t12,shrinkage_lda,behavior,1.0,1.0,358,13,listening,listening
t12,shrinkage_lda,behavior,1.0,1.0,359,13,imagined,imagined
t12,shrinkage_lda,behavior,1.0,1.0,360,13,idle,listening
t12,shrinkage_lda,behavior,1.0,1.0,361,13,listening,listening
t12,shrinkage_lda,behavior,1.0,1.0,362,13,idle,listening
t12,shrinkage_lda,behavior,1.0,1.0,363,13,attempted,attempted
t12,shrinkage_lda,behavior,1.0,1.0,364,13,attempted,attempted
t12,shrinkage_lda,behavior,1.0,1.0,365,13,attempted,attempted
t12,shrinkage_lda,behavior,1.0,1.0,366,13,imagined,imagined
t12,shrinkage_lda,behavior,1.0,1.0,367,13,listening,listening
t12,shrinkage_lda,behavior,1.0,1.0,368,13,attempted,attempted
t12,shrinkage_lda,behavior,1.0,1.0,369,13,attempted,attempted
t12,shrinkage_lda,behavior,1.0,1.0,370,13,attempted,attempted
t12,shrinkage_lda,behavior,1.0,1.0,371,13,attempted,attempted
t12,shrinkage_lda,behavior,1.0,1.0,372,13,listening,listening
t12,shrinkage_lda,behavior,1.0,1.0,373,13,imagined,imagined
t12,shrinkage_lda,behavior,1.0,1.0,374,13,imagined,imagined
t12,shrinkage_lda,behavior,1.0,1.0,375,13,listening,listening
t12,shrinkage_lda,behavior,1.0,1.0,376,13,listening,listening
t12,shrinkage_lda,behavior,1.0,1.0,377,13,imagined,imagined
t12,shrinkage_lda,behavior,1.0,1.0,378,13,imagined,imagined
t12,shrinkage_lda,behavior,1.0,1.0,379,13,attempted,attempted
t12,shrinkage_lda,behavior,1.0,1.0,380,13,attempted,attempted
t12,shrinkage_lda,behavior,1.0,1.0,381,13,attempted,attempted
t12,shrinkage_lda,behavior,1.0,1.0,382,13,imagined,imagined
t12,shrinkage_lda,behavior,1.0,1.0,383,13,imagined,imagined
t12,shrinkage_lda,behavior,1.0,1.0,384,13,imagined,imagined
t12,shrinkage_lda,behavior,1.0,1.0,385,13,listening,listening
t12,shrinkage_lda,behavior,1.0,1.0,386,13,imagined,imagined
t12,shrinkage_lda,behavior,1.0,1.0,387,13,listening,listening
t12,shrinkage_lda,behavior,1.0,1.0,388,13,imagined,imagined
t12,shrinkage_lda,behavior,1.0,1.0,389,13,listening,listening
t12,shrinkage_lda,behavior,1.0,1.0,390,13,listening,listening
t12,shrinkage_lda,behavior,1.0,1.0,391,13,attempted,attempted
t12,shrinkage_lda,behavior,1.0,1.0,392,13,attempted,attempted
t12,shrinkage_lda,behavior,1.0,1.0,393,13,imagined,imagined
t12,shrinkage_lda,behavior,1.0,1.0,394,13,listening,listening
t12,shrinkage_lda,behavior,1.0,1.0,395,13,listening,listening
t12,shrinkage_lda,behavior,1.0,1.0,396,14,imagined,imagined
t12,shrinkage_lda,behavior,1.0,1.0,397,14,listening,listening
t12,shrinkage_lda,behavior,1.0,1.0,398,14,idle,idle
t12,shrinkage_lda,behavior,1.0,1.0,399,14,imagined,imagined
t12,shrinkage_lda,behavior,1.0,1.0,400,14,imagined,imagined
t12,shrinkage_lda,behavior,1.0,1.0,401,14,idle,idle
t12,shrinkage_lda,behavior,1.0,1.0,402,14,listening,listening
t12,shrinkage_lda,behavior,1.0,1.0,403,14,attempted,attempted
t12,shrinkage_lda,behavior,1.0,1.0,404,14,attempted,attempted
t12,shrinkage_lda,behavior,1.0,1.0,405,14,imagined,imagined
t12,shrinkage_lda,behavior,1.0,1.0,406,14,listening,listening
t12,shrinkage_lda,behavior,1.0,1.0,407,14,listening,listening
t12,shrinkage_lda,behavior,1.0,1.0,408,14,listening,listening
t12,shrinkage_lda,behavior,1.0,1.0,409,14,imagined,imagined
t12,shrinkage_lda,behavior,1.0,1.0,410,14,imagined,imagined
t12,shrinkage_lda,behavior,1.0,1.0,411,14,imagined,imagined
t12,shrinkage_lda,behavior,1.0,1.0,412,14,attempted,attempted
t12,shrinkage_lda,behavior,1.0,1.0,413,14,attempted,attempted
t12,shrinkage_lda,behavior,1.0,1.0,414,14,attempted,attempted
t12,shrinkage_lda,behavior,1.0,1.0,415,14,attempted,imagined
t12,shrinkage_lda,behavior,1.0,1.0,416,14,attempted,imagined
t12,shrinkage_lda,behavior,1.0,1.0,417,14,listening,listening
t12,shrinkage_lda,behavior,1.0,1.0,418,14,listening,listening
t12,shrinkage_lda,behavior,1.0,1.0,419,14,listening,listening
t12,shrinkage_lda,behavior,1.0,1.0,420,14,imagined,imagined
t12,shrinkage_lda,behavior,1.0,1.0,421,14,imagined,imagined
t12,shrinkage_lda,behavior,1.0,1.0,422,14,listening,listening
t12,shrinkage_lda,behavior,1.0,1.0,423,14,listening,listening
t12,shrinkage_lda,behavior,1.0,1.0,424,14,attempted,attempted
t12,shrinkage_lda,behavior,1.0,1.0,425,14,listening,imagined
t12,shrinkage_lda,behavior,1.0,1.0,426,14,attempted,attempted
t12,shrinkage_lda,behavior,1.0,1.0,427,14,imagined,imagined
t12,shrinkage_lda,behavior,1.0,1.0,428,14,imagined,imagined
t12,shrinkage_lda,behavior,1.0,1.0,429,14,imagined,imagined
t12,shrinkage_lda,behavior,1.0,1.0,430,14,attempted,attempted
t12,shrinkage_lda,behavior,1.0,1.0,431,14,attempted,attempted
t12,shrinkage_lda,behavior,1.0,1.0,432,14,listening,listening
t12,shrinkage_lda,behavior,1.0,1.0,433,14,imagined,imagined
t12,shrinkage_lda,behavior,1.0,1.0,434,14,listening,listening
t12,shrinkage_lda,behavior,1.0,1.0,435,14,attempted,attempted
t12,shrinkage_lda,behavior,1.0,1.0,436,14,imagined,imagined
t12,shrinkage_lda,behavior,1.0,1.0,437,14,attempted,imagined
t12,shrinkage_lda,behavior,1.0,1.0,438,14,listening,idle
t12,shrinkage_lda,behavior,1.0,1.0,439,14,attempted,attempted
t12,diagonal_lda,imagined_word,1.0,1.0,356,13,feel,ban
t12,diagonal_lda,imagined_word,1.0,1.0,357,13,though,though
t12,diagonal_lda,imagined_word,1.0,1.0,359,13,day,choice
t12,diagonal_lda,imagined_word,1.0,1.0,366,13,kite,kite
t12,diagonal_lda,imagined_word,1.0,1.0,373,13,though,though
t12,diagonal_lda,imagined_word,1.0,1.0,374,13,kite,kite
t12,diagonal_lda,imagined_word,1.0,1.0,377,13,choice,choice
t12,diagonal_lda,imagined_word,1.0,1.0,378,13,feel,choice
t12,diagonal_lda,imagined_word,1.0,1.0,382,13,day,choice
t12,diagonal_lda,imagined_word,1.0,1.0,383,13,ban,ban
t12,diagonal_lda,imagined_word,1.0,1.0,384,13,ban,ban
t12,diagonal_lda,imagined_word,1.0,1.0,386,13,choice,choice
t12,diagonal_lda,imagined_word,1.0,1.0,388,13,were,day
t12,diagonal_lda,imagined_word,1.0,1.0,393,13,were,choice
t12,diagonal_lda,imagined_word,1.0,1.0,396,14,were,were
t12,diagonal_lda,imagined_word,1.0,1.0,399,14,kite,kite
t12,diagonal_lda,imagined_word,1.0,1.0,400,14,day,choice
t12,diagonal_lda,imagined_word,1.0,1.0,405,14,day,choice
t12,diagonal_lda,imagined_word,1.0,1.0,409,14,ban,ban
t12,diagonal_lda,imagined_word,1.0,1.0,410,14,ban,ban
t12,diagonal_lda,imagined_word,1.0,1.0,411,14,kite,kite
t12,diagonal_lda,imagined_word,1.0,1.0,420,14,though,though
t12,diagonal_lda,imagined_word,1.0,1.0,421,14,choice,choice
t12,diagonal_lda,imagined_word,1.0,1.0,427,14,though,though
t12,diagonal_lda,imagined_word,1.0,1.0,428,14,were,were
t12,diagonal_lda,imagined_word,1.0,1.0,429,14,feel,choice
t12,diagonal_lda,imagined_word,1.0,1.0,433,14,feel,ban
t12,diagonal_lda,imagined_word,1.0,1.0,436,14,choice,choice
t12,diagonal_lda,attempted_word,1.0,1.0,352,13,ban,ban
t12,diagonal_lda,attempted_word,1.0,1.0,354,13,kite,kite
t12,diagonal_lda,attempted_word,1.0,1.0,363,13,choice,choice
t12,diagonal_lda,attempted_word,1.0,1.0,364,13,day,day
t12,diagonal_lda,attempted_word,1.0,1.0,365,13,kite,kite
t12,diagonal_lda,attempted_word,1.0,1.0,368,13,feel,feel
t12,diagonal_lda,attempted_word,1.0,1.0,369,13,feel,feel
t12,diagonal_lda,attempted_word,1.0,1.0,370,13,though,though
t12,diagonal_lda,attempted_word,1.0,1.0,371,13,ban,ban
t12,diagonal_lda,attempted_word,1.0,1.0,379,13,choice,choice
t12,diagonal_lda,attempted_word,1.0,1.0,380,13,though,though
t12,diagonal_lda,attempted_word,1.0,1.0,381,13,day,day
t12,diagonal_lda,attempted_word,1.0,1.0,391,13,were,were
t12,diagonal_lda,attempted_word,1.0,1.0,392,13,were,were
t12,diagonal_lda,attempted_word,1.0,1.0,403,14,feel,feel
t12,diagonal_lda,attempted_word,1.0,1.0,404,14,choice,choice
t12,diagonal_lda,attempted_word,1.0,1.0,412,14,kite,kite
t12,diagonal_lda,attempted_word,1.0,1.0,413,14,were,were
t12,diagonal_lda,attempted_word,1.0,1.0,414,14,feel,feel
t12,diagonal_lda,attempted_word,1.0,1.0,415,14,ban,ban
t12,diagonal_lda,attempted_word,1.0,1.0,416,14,day,though
t12,diagonal_lda,attempted_word,1.0,1.0,424,14,ban,ban
t12,diagonal_lda,attempted_word,1.0,1.0,426,14,though,though
t12,diagonal_lda,attempted_word,1.0,1.0,430,14,kite,kite
t12,diagonal_lda,attempted_word,1.0,1.0,431,14,though,though
t12,diagonal_lda,attempted_word,1.0,1.0,435,14,were,were
t12,diagonal_lda,attempted_word,1.0,1.0,437,14,day,day
t12,diagonal_lda,attempted_word,1.0,1.0,439,14,choice,choice
t12,diagonal_lda,listening_word,1.0,1.0,353,13,were,were
t12,diagonal_lda,listening_word,1.0,1.0,355,13,day,were
t12,diagonal_lda,listening_word,1.0,1.0,358,13,feel,feel
t12,diagonal_lda,listening_word,1.0,1.0,361,13,choice,kite
t12,diagonal_lda,listening_word,1.0,1.0,367,13,ban,ban
t12,diagonal_lda,listening_word,1.0,1.0,372,13,though,ban
t12,diagonal_lda,listening_word,1.0,1.0,375,13,were,choice
t12,diagonal_lda,listening_word,1.0,1.0,376,13,kite,were
t12,diagonal_lda,listening_word,1.0,1.0,385,13,ban,kite
t12,diagonal_lda,listening_word,1.0,1.0,387,13,day,ban
t12,diagonal_lda,listening_word,1.0,1.0,389,13,though,though
t12,diagonal_lda,listening_word,1.0,1.0,390,13,choice,were
t12,diagonal_lda,listening_word,1.0,1.0,394,13,feel,were
t12,diagonal_lda,listening_word,1.0,1.0,395,13,kite,were
t12,diagonal_lda,listening_word,1.0,1.0,397,14,feel,though
t12,diagonal_lda,listening_word,1.0,1.0,402,14,were,feel
t12,diagonal_lda,listening_word,1.0,1.0,406,14,feel,feel
t12,diagonal_lda,listening_word,1.0,1.0,407,14,ban,kite
t12,diagonal_lda,listening_word,1.0,1.0,408,14,kite,kite
t12,diagonal_lda,listening_word,1.0,1.0,417,14,choice,day
t12,diagonal_lda,listening_word,1.0,1.0,418,14,were,were
t12,diagonal_lda,listening_word,1.0,1.0,419,14,ban,ban
t12,diagonal_lda,listening_word,1.0,1.0,422,14,though,feel
t12,diagonal_lda,listening_word,1.0,1.0,423,14,day,were
t12,diagonal_lda,listening_word,1.0,1.0,425,14,kite,day
t12,diagonal_lda,listening_word,1.0,1.0,432,14,choice,choice
t12,diagonal_lda,listening_word,1.0,1.0,434,14,day,choice
t12,diagonal_lda,listening_word,1.0,1.0,438,14,though,ban
t12,diagonal_lda,behavior,1.0,1.0,352,13,attempted,attempted
t12,diagonal_lda,behavior,1.0,1.0,353,13,listening,imagined
t12,diagonal_lda,behavior,1.0,1.0,354,13,attempted,attempted
t12,diagonal_lda,behavior,1.0,1.0,355,13,listening,listening
t12,diagonal_lda,behavior,1.0,1.0,356,13,imagined,imagined
t12,diagonal_lda,behavior,1.0,1.0,357,13,imagined,imagined
t12,diagonal_lda,behavior,1.0,1.0,358,13,listening,listening
t12,diagonal_lda,behavior,1.0,1.0,359,13,imagined,imagined
t12,diagonal_lda,behavior,1.0,1.0,360,13,idle,listening
t12,diagonal_lda,behavior,1.0,1.0,361,13,listening,imagined
t12,diagonal_lda,behavior,1.0,1.0,362,13,idle,listening
t12,diagonal_lda,behavior,1.0,1.0,363,13,attempted,attempted
t12,diagonal_lda,behavior,1.0,1.0,364,13,attempted,attempted
t12,diagonal_lda,behavior,1.0,1.0,365,13,attempted,attempted
t12,diagonal_lda,behavior,1.0,1.0,366,13,imagined,imagined
t12,diagonal_lda,behavior,1.0,1.0,367,13,listening,listening
t12,diagonal_lda,behavior,1.0,1.0,368,13,attempted,attempted
t12,diagonal_lda,behavior,1.0,1.0,369,13,attempted,attempted
t12,diagonal_lda,behavior,1.0,1.0,370,13,attempted,attempted
t12,diagonal_lda,behavior,1.0,1.0,371,13,attempted,attempted
t12,diagonal_lda,behavior,1.0,1.0,372,13,listening,listening
t12,diagonal_lda,behavior,1.0,1.0,373,13,imagined,imagined
t12,diagonal_lda,behavior,1.0,1.0,374,13,imagined,imagined
t12,diagonal_lda,behavior,1.0,1.0,375,13,listening,listening
t12,diagonal_lda,behavior,1.0,1.0,376,13,listening,listening
t12,diagonal_lda,behavior,1.0,1.0,377,13,imagined,imagined
t12,diagonal_lda,behavior,1.0,1.0,378,13,imagined,imagined
t12,diagonal_lda,behavior,1.0,1.0,379,13,attempted,attempted
t12,diagonal_lda,behavior,1.0,1.0,380,13,attempted,attempted
t12,diagonal_lda,behavior,1.0,1.0,381,13,attempted,attempted
t12,diagonal_lda,behavior,1.0,1.0,382,13,imagined,imagined
t12,diagonal_lda,behavior,1.0,1.0,383,13,imagined,imagined
t12,diagonal_lda,behavior,1.0,1.0,384,13,imagined,imagined
t12,diagonal_lda,behavior,1.0,1.0,385,13,listening,listening
t12,diagonal_lda,behavior,1.0,1.0,386,13,imagined,imagined
t12,diagonal_lda,behavior,1.0,1.0,387,13,listening,listening
t12,diagonal_lda,behavior,1.0,1.0,388,13,imagined,imagined
t12,diagonal_lda,behavior,1.0,1.0,389,13,listening,listening
t12,diagonal_lda,behavior,1.0,1.0,390,13,listening,listening
t12,diagonal_lda,behavior,1.0,1.0,391,13,attempted,attempted
t12,diagonal_lda,behavior,1.0,1.0,392,13,attempted,attempted
t12,diagonal_lda,behavior,1.0,1.0,393,13,imagined,imagined
t12,diagonal_lda,behavior,1.0,1.0,394,13,listening,listening
t12,diagonal_lda,behavior,1.0,1.0,395,13,listening,listening
t12,diagonal_lda,behavior,1.0,1.0,396,14,imagined,imagined
t12,diagonal_lda,behavior,1.0,1.0,397,14,listening,listening
t12,diagonal_lda,behavior,1.0,1.0,398,14,idle,idle
t12,diagonal_lda,behavior,1.0,1.0,399,14,imagined,imagined
t12,diagonal_lda,behavior,1.0,1.0,400,14,imagined,imagined
t12,diagonal_lda,behavior,1.0,1.0,401,14,idle,idle
t12,diagonal_lda,behavior,1.0,1.0,402,14,listening,listening
t12,diagonal_lda,behavior,1.0,1.0,403,14,attempted,attempted
t12,diagonal_lda,behavior,1.0,1.0,404,14,attempted,attempted
t12,diagonal_lda,behavior,1.0,1.0,405,14,imagined,imagined
t12,diagonal_lda,behavior,1.0,1.0,406,14,listening,listening
t12,diagonal_lda,behavior,1.0,1.0,407,14,listening,listening
t12,diagonal_lda,behavior,1.0,1.0,408,14,listening,imagined
t12,diagonal_lda,behavior,1.0,1.0,409,14,imagined,imagined
t12,diagonal_lda,behavior,1.0,1.0,410,14,imagined,imagined
t12,diagonal_lda,behavior,1.0,1.0,411,14,imagined,imagined
t12,diagonal_lda,behavior,1.0,1.0,412,14,attempted,attempted
t12,diagonal_lda,behavior,1.0,1.0,413,14,attempted,attempted
t12,diagonal_lda,behavior,1.0,1.0,414,14,attempted,attempted
t12,diagonal_lda,behavior,1.0,1.0,415,14,attempted,attempted
t12,diagonal_lda,behavior,1.0,1.0,416,14,attempted,imagined
t12,diagonal_lda,behavior,1.0,1.0,417,14,listening,listening
t12,diagonal_lda,behavior,1.0,1.0,418,14,listening,listening
t12,diagonal_lda,behavior,1.0,1.0,419,14,listening,listening
t12,diagonal_lda,behavior,1.0,1.0,420,14,imagined,imagined
t12,diagonal_lda,behavior,1.0,1.0,421,14,imagined,imagined
t12,diagonal_lda,behavior,1.0,1.0,422,14,listening,listening
t12,diagonal_lda,behavior,1.0,1.0,423,14,listening,listening
t12,diagonal_lda,behavior,1.0,1.0,424,14,attempted,attempted
t12,diagonal_lda,behavior,1.0,1.0,425,14,listening,imagined
t12,diagonal_lda,behavior,1.0,1.0,426,14,attempted,attempted
t12,diagonal_lda,behavior,1.0,1.0,427,14,imagined,imagined
t12,diagonal_lda,behavior,1.0,1.0,428,14,imagined,imagined
t12,diagonal_lda,behavior,1.0,1.0,429,14,imagined,imagined
t12,diagonal_lda,behavior,1.0,1.0,430,14,attempted,attempted
t12,diagonal_lda,behavior,1.0,1.0,431,14,attempted,attempted
t12,diagonal_lda,behavior,1.0,1.0,432,14,listening,listening
t12,diagonal_lda,behavior,1.0,1.0,433,14,imagined,imagined
t12,diagonal_lda,behavior,1.0,1.0,434,14,listening,listening
t12,diagonal_lda,behavior,1.0,1.0,435,14,attempted,attempted
t12,diagonal_lda,behavior,1.0,1.0,436,14,imagined,imagined
t12,diagonal_lda,behavior,1.0,1.0,437,14,attempted,imagined
t12,diagonal_lda,behavior,1.0,1.0,438,14,listening,idle
t12,diagonal_lda,behavior,1.0,1.0,439,14,attempted,attempted
t15,shrinkage_lda,imagined_word,0.25,0.25,493,8,though,were
t15,shrinkage_lda,imagined_word,0.25,0.25,495,8,day,choice
t15,shrinkage_lda,imagined_word,0.25,0.25,497,8,kite,ban
t15,shrinkage_lda,imagined_word,0.25,0.25,498,8,were,feel
t15,shrinkage_lda,imagined_word,0.25,0.25,499,8,feel,ban
t15,shrinkage_lda,imagined_word,0.25,0.25,500,8,choice,choice
t15,shrinkage_lda,imagined_word,0.25,0.25,501,8,though,though
t15,shrinkage_lda,imagined_word,0.25,0.25,504,8,day,feel
t15,shrinkage_lda,imagined_word,0.25,0.25,505,8,ban,kite
t15,shrinkage_lda,imagined_word,0.25,0.25,508,8,though,day
t15,shrinkage_lda,imagined_word,0.25,0.25,510,8,kite,though
t15,shrinkage_lda,imagined_word,0.25,0.25,511,8,were,day
t15,shrinkage_lda,imagined_word,0.25,0.25,513,8,feel,choice
t15,shrinkage_lda,imagined_word,0.25,0.25,514,8,day,though
t15,shrinkage_lda,imagined_word,0.25,0.25,515,8,choice,choice
t15,shrinkage_lda,imagined_word,0.25,0.25,516,8,kite,feel
t15,shrinkage_lda,imagined_word,0.25,0.25,519,8,ban,kite
t15,shrinkage_lda,imagined_word,0.25,0.25,520,8,kite,choice
t15,shrinkage_lda,imagined_word,0.25,0.25,526,8,feel,were
t15,shrinkage_lda,imagined_word,0.25,0.25,527,8,feel,choice
t15,shrinkage_lda,imagined_word,0.25,0.25,528,8,feel,day
t15,shrinkage_lda,imagined_word,0.25,0.25,529,8,choice,day
t15,shrinkage_lda,imagined_word,0.25,0.25,536,8,ban,feel
t15,shrinkage_lda,imagined_word,0.25,0.25,540,8,feel,feel
t15,shrinkage_lda,imagined_word,0.25,0.25,544,8,feel,feel
t15,shrinkage_lda,imagined_word,0.25,0.25,546,8,day,kite
t15,shrinkage_lda,imagined_word,0.25,0.25,548,8,choice,day
t15,shrinkage_lda,imagined_word,0.25,0.25,549,8,though,day
t15,shrinkage_lda,imagined_word,0.25,0.25,550,8,kite,day
t15,shrinkage_lda,imagined_word,0.25,0.25,551,8,were,were
t15,shrinkage_lda,imagined_word,0.25,0.25,552,8,choice,day
t15,shrinkage_lda,imagined_word,0.25,0.25,553,8,ban,feel
t15,shrinkage_lda,imagined_word,0.25,0.25,554,8,day,day
t15,shrinkage_lda,imagined_word,0.25,0.25,556,8,were,feel
t15,shrinkage_lda,imagined_word,0.25,0.25,562,8,were,feel
t15,shrinkage_lda,imagined_word,0.25,0.25,564,8,were,were
t15,shrinkage_lda,imagined_word,0.25,0.25,570,8,were,were
t15,shrinkage_lda,imagined_word,0.25,0.25,571,8,kite,feel
t15,shrinkage_lda,imagined_word,0.25,0.25,572,8,day,were
t15,shrinkage_lda,imagined_word,0.25,0.25,575,8,were,were
t15,shrinkage_lda,imagined_word,0.25,0.25,577,8,choice,day
t15,shrinkage_lda,imagined_word,0.25,0.25,584,8,choice,were
t15,shrinkage_lda,imagined_word,0.25,0.25,585,8,though,though
t15,shrinkage_lda,imagined_word,0.25,0.25,586,8,kite,were
t15,shrinkage_lda,imagined_word,0.25,0.25,587,8,ban,day
t15,shrinkage_lda,imagined_word,0.25,0.25,588,8,ban,choice
t15,shrinkage_lda,imagined_word,0.25,0.25,592,8,were,day
t15,shrinkage_lda,imagined_word,0.25,0.25,593,8,though,though
t15,shrinkage_lda,imagined_word,0.25,0.25,594,8,though,though
t15,shrinkage_lda,imagined_word,0.25,0.25,595,8,feel,feel
t15,shrinkage_lda,imagined_word,0.25,0.25,596,8,though,choice
t15,shrinkage_lda,imagined_word,0.25,0.25,600,8,kite,were
t15,shrinkage_lda,imagined_word,0.25,0.25,602,8,kite,ban
t15,shrinkage_lda,imagined_word,0.25,0.25,603,8,day,ban
t15,shrinkage_lda,imagined_word,0.25,0.25,606,8,ban,feel
t15,shrinkage_lda,imagined_word,0.25,0.25,607,8,day,choice
t15,shrinkage_lda,imagined_word,0.25,0.25,608,8,choice,were
t15,shrinkage_lda,imagined_word,0.25,0.25,609,8,were,were
t15,shrinkage_lda,imagined_word,0.25,0.25,610,8,feel,kite
t15,shrinkage_lda,imagined_word,0.25,0.25,613,8,choice,feel
t15,shrinkage_lda,imagined_word,0.25,0.25,616,8,though,though
t15,shrinkage_lda,imagined_word,0.25,0.25,623,8,choice,were
t15,shrinkage_lda,imagined_word,0.25,0.25,626,8,day,were
t15,shrinkage_lda,imagined_word,0.25,0.25,629,8,feel,though
t15,shrinkage_lda,imagined_word,0.25,0.25,630,8,though,were
t15,shrinkage_lda,imagined_word,0.25,0.25,633,8,kite,feel
t15,shrinkage_lda,imagined_word,0.25,0.25,634,8,ban,feel
t15,shrinkage_lda,imagined_word,0.25,0.25,635,8,ban,though
t15,shrinkage_lda,imagined_word,0.25,0.25,636,8,day,were
t15,shrinkage_lda,imagined_word,0.25,0.25,637,8,ban,feel
t15,shrinkage_lda,attempted_word,0.25,0.25,494,8,day,day
t15,shrinkage_lda,attempted_word,0.25,0.25,522,8,kite,were
t15,shrinkage_lda,attempted_word,0.25,0.25,523,8,ban,ban
t15,shrinkage_lda,attempted_word,0.25,0.25,524,8,feel,feel
t15,shrinkage_lda,attempted_word,0.25,0.25,525,8,ban,ban
t15,shrinkage_lda,attempted_word,0.25,0.25,530,8,choice,choice
t15,shrinkage_lda,attempted_word,0.25,0.25,531,8,though,were
t15,shrinkage_lda,attempted_word,0.25,0.25,532,8,day,ban
t15,shrinkage_lda,attempted_word,0.25,0.25,535,8,choice,were
t15,shrinkage_lda,attempted_word,0.25,0.25,537,8,ban,were
t15,shrinkage_lda,attempted_word,0.25,0.25,539,8,were,were
t15,shrinkage_lda,attempted_word,0.25,0.25,541,8,day,were
t15,shrinkage_lda,attempted_word,0.25,0.25,545,8,were,ban
t15,shrinkage_lda,attempted_word,0.25,0.25,547,8,day,day
t15,shrinkage_lda,attempted_word,0.25,0.25,557,8,were,were
t15,shrinkage_lda,attempted_word,0.25,0.25,559,8,choice,choice
t15,shrinkage_lda,attempted_word,0.25,0.25,565,8,feel,ban
t15,shrinkage_lda,attempted_word,0.25,0.25,567,8,kite,ban
t15,shrinkage_lda,attempted_word,0.25,0.25,569,8,feel,were
t15,shrinkage_lda,attempted_word,0.25,0.25,573,8,ban,were
t15,shrinkage_lda,attempted_word,0.25,0.25,579,8,were,ban
t15,shrinkage_lda,attempted_word,0.25,0.25,580,8,choice,choice
t15,shrinkage_lda,attempted_word,0.25,0.25,581,8,kite,kite
t15,shrinkage_lda,attempted_word,0.25,0.25,583,8,day,ban
t15,shrinkage_lda,attempted_word,0.25,0.25,598,8,were,were
t15,shrinkage_lda,attempted_word,0.25,0.25,611,8,though,though
t15,shrinkage_lda,attempted_word,0.25,0.25,614,8,though,were
t15,shrinkage_lda,attempted_word,0.25,0.25,617,8,though,were
t15,shrinkage_lda,attempted_word,0.25,0.25,618,8,ban,ban
t15,shrinkage_lda,attempted_word,0.25,0.25,619,8,kite,were
t15,shrinkage_lda,attempted_word,0.25,0.25,621,8,choice,were
t15,shrinkage_lda,attempted_word,0.25,0.25,622,8,feel,were
t15,shrinkage_lda,attempted_word,0.25,0.25,625,8,though,day
t15,shrinkage_lda,attempted_word,0.25,0.25,628,8,kite,kite
t15,shrinkage_lda,attempted_word,0.25,0.25,631,8,feel,feel
t15,shrinkage_lda,listening_word,0.25,0.25,496,8,kite,day
t15,shrinkage_lda,listening_word,0.25,0.25,502,8,were,choice
t15,shrinkage_lda,listening_word,0.25,0.25,503,8,ban,though
t15,shrinkage_lda,listening_word,0.25,0.25,507,8,feel,ban
t15,shrinkage_lda,listening_word,0.25,0.25,509,8,though,were
t15,shrinkage_lda,listening_word,0.25,0.25,512,8,feel,were
t15,shrinkage_lda,listening_word,0.25,0.25,517,8,ban,feel
t15,shrinkage_lda,listening_word,0.25,0.25,518,8,ban,were
t15,shrinkage_lda,listening_word,0.25,0.25,521,8,kite,kite
t15,shrinkage_lda,listening_word,0.25,0.25,533,8,choice,were
t15,shrinkage_lda,listening_word,0.25,0.25,534,8,were,were
t15,shrinkage_lda,listening_word,0.25,0.25,538,8,day,ban
t15,shrinkage_lda,listening_word,0.25,0.25,542,8,choice,were
t15,shrinkage_lda,listening_word,0.25,0.25,543,8,day,feel
t15,shrinkage_lda,listening_word,0.25,0.25,558,8,though,were
t15,shrinkage_lda,listening_word,0.25,0.25,561,8,kite,kite
t15,shrinkage_lda,listening_word,0.25,0.25,563,8,though,ban
t15,shrinkage_lda,listening_word,0.25,0.25,568,8,though,kite
t15,shrinkage_lda,listening_word,0.25,0.25,574,8,feel,kite
t15,shrinkage_lda,listening_word,0.25,0.25,576,8,feel,kite
t15,shrinkage_lda,listening_word,0.25,0.25,578,8,feel,day
t15,shrinkage_lda,listening_word,0.25,0.25,582,8,day,choice
t15,shrinkage_lda,listening_word,0.25,0.25,589,8,choice,were
t15,shrinkage_lda,listening_word,0.25,0.25,591,8,kite,kite
t15,shrinkage_lda,listening_word,0.25,0.25,597,8,ban,kite
t15,shrinkage_lda,listening_word,0.25,0.25,599,8,day,kite
t15,shrinkage_lda,listening_word,0.25,0.25,601,8,day,ban
t15,shrinkage_lda,listening_word,0.25,0.25,604,8,were,ban
t15,shrinkage_lda,listening_word,0.25,0.25,605,8,though,ban
t15,shrinkage_lda,listening_word,0.25,0.25,612,8,kite,choice
t15,shrinkage_lda,listening_word,0.25,0.25,615,8,ban,were
t15,shrinkage_lda,listening_word,0.25,0.25,620,8,choice,were
t15,shrinkage_lda,listening_word,0.25,0.25,624,8,choice,kite
t15,shrinkage_lda,listening_word,0.25,0.25,627,8,were,were
t15,shrinkage_lda,listening_word,0.25,0.25,632,8,were,ban
t15,shrinkage_lda,behavior,0.25,0.25,493,8,imagined,imagined
t15,shrinkage_lda,behavior,0.25,0.25,494,8,attempted,attempted
t15,shrinkage_lda,behavior,0.25,0.25,495,8,imagined,imagined
t15,shrinkage_lda,behavior,0.25,0.25,496,8,listening,listening
t15,shrinkage_lda,behavior,0.25,0.25,497,8,imagined,imagined
t15,shrinkage_lda,behavior,0.25,0.25,498,8,imagined,imagined
t15,shrinkage_lda,behavior,0.25,0.25,499,8,imagined,imagined
t15,shrinkage_lda,behavior,0.25,0.25,500,8,imagined,imagined
t15,shrinkage_lda,behavior,0.25,0.25,501,8,imagined,imagined
t15,shrinkage_lda,behavior,0.25,0.25,502,8,listening,imagined
t15,shrinkage_lda,behavior,0.25,0.25,503,8,listening,listening
t15,shrinkage_lda,behavior,0.25,0.25,504,8,imagined,idle
t15,shrinkage_lda,behavior,0.25,0.25,505,8,imagined,imagined
t15,shrinkage_lda,behavior,0.25,0.25,506,8,idle,imagined
t15,shrinkage_lda,behavior,0.25,0.25,507,8,listening,listening
t15,shrinkage_lda,behavior,0.25,0.25,508,8,imagined,imagined
t15,shrinkage_lda,behavior,0.25,0.25,509,8,listening,listening
t15,shrinkage_lda,behavior,0.25,0.25,510,8,imagined,imagined
t15,shrinkage_lda,behavior,0.25,0.25,511,8,imagined,imagined
t15,shrinkage_lda,behavior,0.25,0.25,512,8,listening,listening
t15,shrinkage_lda,behavior,0.25,0.25,513,8,imagined,imagined
t15,shrinkage_lda,behavior,0.25,0.25,514,8,imagined,imagined
t15,shrinkage_lda,behavior,0.25,0.25,515,8,imagined,imagined
t15,shrinkage_lda,behavior,0.25,0.25,516,8,imagined,imagined
t15,shrinkage_lda,behavior,0.25,0.25,517,8,listening,listening
t15,shrinkage_lda,behavior,0.25,0.25,518,8,listening,listening
t15,shrinkage_lda,behavior,0.25,0.25,519,8,imagined,imagined
t15,shrinkage_lda,behavior,0.25,0.25,520,8,imagined,imagined
t15,shrinkage_lda,behavior,0.25,0.25,521,8,listening,listening
t15,shrinkage_lda,behavior,0.25,0.25,522,8,attempted,attempted
t15,shrinkage_lda,behavior,0.25,0.25,523,8,attempted,imagined
t15,shrinkage_lda,behavior,0.25,0.25,524,8,attempted,imagined
t15,shrinkage_lda,behavior,0.25,0.25,525,8,attempted,attempted
t15,shrinkage_lda,behavior,0.25,0.25,526,8,imagined,imagined
t15,shrinkage_lda,behavior,0.25,0.25,527,8,imagined,imagined
t15,shrinkage_lda,behavior,0.25,0.25,528,8,imagined,imagined
t15,shrinkage_lda,behavior,0.25,0.25,529,8,imagined,imagined
t15,shrinkage_lda,behavior,0.25,0.25,530,8,attempted,attempted
t15,shrinkage_lda,behavior,0.25,0.25,531,8,attempted,listening
t15,shrinkage_lda,behavior,0.25,0.25,532,8,attempted,attempted
t15,shrinkage_lda,behavior,0.25,0.25,533,8,listening,listening
t15,shrinkage_lda,behavior,0.25,0.25,534,8,listening,listening
t15,shrinkage_lda,behavior,0.25,0.25,535,8,attempted,listening
t15,shrinkage_lda,behavior,0.25,0.25,536,8,imagined,imagined
t15,shrinkage_lda,behavior,0.25,0.25,537,8,attempted,imagined
t15,shrinkage_lda,behavior,0.25,0.25,538,8,listening,listening
t15,shrinkage_lda,behavior,0.25,0.25,539,8,attempted,attempted
t15,shrinkage_lda,behavior,0.25,0.25,540,8,imagined,imagined
t15,shrinkage_lda,behavior,0.25,0.25,541,8,attempted,attempted
t15,shrinkage_lda,behavior,0.25,0.25,542,8,listening,listening
t15,shrinkage_lda,behavior,0.25,0.25,543,8,listening,listening
t15,shrinkage_lda,behavior,0.25,0.25,544,8,imagined,imagined
t15,shrinkage_lda,behavior,0.25,0.25,545,8,attempted,imagined
t15,shrinkage_lda,behavior,0.25,0.25,546,8,imagined,imagined
t15,shrinkage_lda,behavior,0.25,0.25,547,8,attempted,attempted
t15,shrinkage_lda,behavior,0.25,0.25,548,8,imagined,imagined
t15,shrinkage_lda,behavior,0.25,0.25,549,8,imagined,imagined
t15,shrinkage_lda,behavior,0.25,0.25,550,8,imagined,imagined
t15,shrinkage_lda,behavior,0.25,0.25,551,8,imagined,imagined
t15,shrinkage_lda,behavior,0.25,0.25,552,8,imagined,imagined
t15,shrinkage_lda,behavior,0.25,0.25,553,8,imagined,imagined
t15,shrinkage_lda,behavior,0.25,0.25,554,8,imagined,imagined
t15,shrinkage_lda,behavior,0.25,0.25,555,8,idle,listening
t15,shrinkage_lda,behavior,0.25,0.25,556,8,imagined,imagined
t15,shrinkage_lda,behavior,0.25,0.25,557,8,attempted,attempted
t15,shrinkage_lda,behavior,0.25,0.25,558,8,listening,listening
t15,shrinkage_lda,behavior,0.25,0.25,559,8,attempted,attempted
t15,shrinkage_lda,behavior,0.25,0.25,560,8,idle,idle
t15,shrinkage_lda,behavior,0.25,0.25,561,8,listening,listening
t15,shrinkage_lda,behavior,0.25,0.25,562,8,imagined,imagined
t15,shrinkage_lda,behavior,0.25,0.25,563,8,listening,imagined
t15,shrinkage_lda,behavior,0.25,0.25,564,8,imagined,imagined
t15,shrinkage_lda,behavior,0.25,0.25,565,8,attempted,imagined
t15,shrinkage_lda,behavior,0.25,0.25,566,8,idle,idle
t15,shrinkage_lda,behavior,0.25,0.25,567,8,attempted,attempted
t15,shrinkage_lda,behavior,0.25,0.25,568,8,listening,listening
t15,shrinkage_lda,behavior,0.25,0.25,569,8,attempted,imagined
t15,shrinkage_lda,behavior,0.25,0.25,570,8,imagined,imagined
t15,shrinkage_lda,behavior,0.25,0.25,571,8,imagined,imagined
t15,shrinkage_lda,behavior,0.25,0.25,572,8,imagined,listening
t15,shrinkage_lda,behavior,0.25,0.25,573,8,attempted,listening
t15,shrinkage_lda,behavior,0.25,0.25,574,8,listening,imagined
t15,shrinkage_lda,behavior,0.25,0.25,575,8,imagined,imagined
t15,shrinkage_lda,behavior,0.25,0.25,576,8,listening,listening
t15,shrinkage_lda,behavior,0.25,0.25,577,8,imagined,imagined
t15,shrinkage_lda,behavior,0.25,0.25,578,8,listening,imagined
t15,shrinkage_lda,behavior,0.25,0.25,579,8,attempted,attempted
t15,shrinkage_lda,behavior,0.25,0.25,580,8,attempted,attempted
t15,shrinkage_lda,behavior,0.25,0.25,581,8,attempted,attempted
t15,shrinkage_lda,behavior,0.25,0.25,582,8,listening,listening
t15,shrinkage_lda,behavior,0.25,0.25,583,8,attempted,attempted
t15,shrinkage_lda,behavior,0.25,0.25,584,8,imagined,imagined
t15,shrinkage_lda,behavior,0.25,0.25,585,8,imagined,imagined
t15,shrinkage_lda,behavior,0.25,0.25,586,8,imagined,imagined
t15,shrinkage_lda,behavior,0.25,0.25,587,8,imagined,listening
t15,shrinkage_lda,behavior,0.25,0.25,588,8,imagined,idle
t15,shrinkage_lda,behavior,0.25,0.25,589,8,listening,imagined
t15,shrinkage_lda,behavior,0.25,0.25,590,8,idle,listening
t15,shrinkage_lda,behavior,0.25,0.25,591,8,listening,listening
t15,shrinkage_lda,behavior,0.25,0.25,592,8,imagined,imagined
t15,shrinkage_lda,behavior,0.25,0.25,593,8,imagined,imagined
t15,shrinkage_lda,behavior,0.25,0.25,594,8,imagined,attempted
t15,shrinkage_lda,behavior,0.25,0.25,595,8,imagined,listening
t15,shrinkage_lda,behavior,0.25,0.25,596,8,imagined,imagined
t15,shrinkage_lda,behavior,0.25,0.25,597,8,listening,listening
t15,shrinkage_lda,behavior,0.25,0.25,598,8,attempted,attempted
t15,shrinkage_lda,behavior,0.25,0.25,599,8,listening,listening
t15,shrinkage_lda,behavior,0.25,0.25,600,8,imagined,listening
t15,shrinkage_lda,behavior,0.25,0.25,601,8,listening,listening
t15,shrinkage_lda,behavior,0.25,0.25,602,8,imagined,idle
t15,shrinkage_lda,behavior,0.25,0.25,603,8,imagined,idle
t15,shrinkage_lda,behavior,0.25,0.25,604,8,listening,listening
t15,shrinkage_lda,behavior,0.25,0.25,605,8,listening,listening
t15,shrinkage_lda,behavior,0.25,0.25,606,8,imagined,imagined
t15,shrinkage_lda,behavior,0.25,0.25,607,8,imagined,listening
t15,shrinkage_lda,behavior,0.25,0.25,608,8,imagined,idle
t15,shrinkage_lda,behavior,0.25,0.25,609,8,imagined,imagined
t15,shrinkage_lda,behavior,0.25,0.25,610,8,imagined,imagined
t15,shrinkage_lda,behavior,0.25,0.25,611,8,attempted,attempted
t15,shrinkage_lda,behavior,0.25,0.25,612,8,listening,imagined
t15,shrinkage_lda,behavior,0.25,0.25,613,8,imagined,imagined
t15,shrinkage_lda,behavior,0.25,0.25,614,8,attempted,listening
t15,shrinkage_lda,behavior,0.25,0.25,615,8,listening,listening
t15,shrinkage_lda,behavior,0.25,0.25,616,8,imagined,attempted
t15,shrinkage_lda,behavior,0.25,0.25,617,8,attempted,imagined
t15,shrinkage_lda,behavior,0.25,0.25,618,8,attempted,attempted
t15,shrinkage_lda,behavior,0.25,0.25,619,8,attempted,attempted
t15,shrinkage_lda,behavior,0.25,0.25,620,8,listening,listening
t15,shrinkage_lda,behavior,0.25,0.25,621,8,attempted,imagined
t15,shrinkage_lda,behavior,0.25,0.25,622,8,attempted,attempted
t15,shrinkage_lda,behavior,0.25,0.25,623,8,imagined,imagined
t15,shrinkage_lda,behavior,0.25,0.25,624,8,listening,listening
t15,shrinkage_lda,behavior,0.25,0.25,625,8,attempted,attempted
t15,shrinkage_lda,behavior,0.25,0.25,626,8,imagined,imagined
t15,shrinkage_lda,behavior,0.25,0.25,627,8,listening,listening
t15,shrinkage_lda,behavior,0.25,0.25,628,8,attempted,imagined
t15,shrinkage_lda,behavior,0.25,0.25,629,8,imagined,imagined
t15,shrinkage_lda,behavior,0.25,0.25,630,8,imagined,listening
t15,shrinkage_lda,behavior,0.25,0.25,631,8,attempted,attempted
t15,shrinkage_lda,behavior,0.25,0.25,632,8,listening,listening
t15,shrinkage_lda,behavior,0.25,0.25,633,8,imagined,imagined
t15,shrinkage_lda,behavior,0.25,0.25,634,8,imagined,imagined
t15,shrinkage_lda,behavior,0.25,0.25,635,8,imagined,imagined
t15,shrinkage_lda,behavior,0.25,0.25,636,8,imagined,imagined
t15,shrinkage_lda,behavior,0.25,0.25,637,8,imagined,imagined
t15,diagonal_lda,imagined_word,0.25,0.25,493,8,though,were
t15,diagonal_lda,imagined_word,0.25,0.25,495,8,day,feel
t15,diagonal_lda,imagined_word,0.25,0.25,497,8,kite,ban
t15,diagonal_lda,imagined_word,0.25,0.25,498,8,were,feel
t15,diagonal_lda,imagined_word,0.25,0.25,499,8,feel,feel
t15,diagonal_lda,imagined_word,0.25,0.25,500,8,choice,ban
t15,diagonal_lda,imagined_word,0.25,0.25,501,8,though,feel
t15,diagonal_lda,imagined_word,0.25,0.25,504,8,day,feel
t15,diagonal_lda,imagined_word,0.25,0.25,505,8,ban,kite
t15,diagonal_lda,imagined_word,0.25,0.25,508,8,though,feel
t15,diagonal_lda,imagined_word,0.25,0.25,510,8,kite,feel
t15,diagonal_lda,imagined_word,0.25,0.25,511,8,were,choice
t15,diagonal_lda,imagined_word,0.25,0.25,513,8,feel,ban
t15,diagonal_lda,imagined_word,0.25,0.25,514,8,day,feel
t15,diagonal_lda,imagined_word,0.25,0.25,515,8,choice,feel
t15,diagonal_lda,imagined_word,0.25,0.25,516,8,kite,feel
t15,diagonal_lda,imagined_word,0.25,0.25,519,8,ban,feel
t15,diagonal_lda,imagined_word,0.25,0.25,520,8,kite,choice
t15,diagonal_lda,imagined_word,0.25,0.25,526,8,feel,feel
t15,diagonal_lda,imagined_word,0.25,0.25,527,8,feel,feel
t15,diagonal_lda,imagined_word,0.25,0.25,528,8,feel,feel
t15,diagonal_lda,imagined_word,0.25,0.25,529,8,choice,ban
t15,diagonal_lda,imagined_word,0.25,0.25,536,8,ban,feel
t15,diagonal_lda,imagined_word,0.25,0.25,540,8,feel,feel
t15,diagonal_lda,imagined_word,0.25,0.25,544,8,feel,feel
t15,diagonal_lda,imagined_word,0.25,0.25,546,8,day,feel
t15,diagonal_lda,imagined_word,0.25,0.25,548,8,choice,were
t15,diagonal_lda,imagined_word,0.25,0.25,549,8,though,feel
t15,diagonal_lda,imagined_word,0.25,0.25,550,8,kite,feel
t15,diagonal_lda,imagined_word,0.25,0.25,551,8,were,were
t15,diagonal_lda,imagined_word,0.25,0.25,552,8,choice,ban
t15,diagonal_lda,imagined_word,0.25,0.25,553,8,ban,feel
t15,diagonal_lda,imagined_word,0.25,0.25,554,8,day,feel
t15,diagonal_lda,imagined_word,0.25,0.25,556,8,were,feel
t15,diagonal_lda,imagined_word,0.25,0.25,562,8,were,feel
t15,diagonal_lda,imagined_word,0.25,0.25,564,8,were,feel
t15,diagonal_lda,imagined_word,0.25,0.25,570,8,were,feel
t15,diagonal_lda,imagined_word,0.25,0.25,571,8,kite,feel
t15,diagonal_lda,imagined_word,0.25,0.25,572,8,day,were
t15,diagonal_lda,imagined_word,0.25,0.25,575,8,were,feel
t15,diagonal_lda,imagined_word,0.25,0.25,577,8,choice,feel
t15,diagonal_lda,imagined_word,0.25,0.25,584,8,choice,feel
t15,diagonal_lda,imagined_word,0.25,0.25,585,8,though,feel
t15,diagonal_lda,imagined_word,0.25,0.25,586,8,kite,ban
t15,diagonal_lda,imagined_word,0.25,0.25,587,8,ban,feel
t15,diagonal_lda,imagined_word,0.25,0.25,588,8,ban,feel
t15,diagonal_lda,imagined_word,0.25,0.25,592,8,were,ban
t15,diagonal_lda,imagined_word,0.25,0.25,593,8,though,feel
t15,diagonal_lda,imagined_word,0.25,0.25,594,8,though,feel
t15,diagonal_lda,imagined_word,0.25,0.25,595,8,feel,feel
t15,diagonal_lda,imagined_word,0.25,0.25,596,8,though,choice
t15,diagonal_lda,imagined_word,0.25,0.25,600,8,kite,were
t15,diagonal_lda,imagined_word,0.25,0.25,602,8,kite,ban
t15,diagonal_lda,imagined_word,0.25,0.25,603,8,day,ban
t15,diagonal_lda,imagined_word,0.25,0.25,606,8,ban,ban
t15,diagonal_lda,imagined_word,0.25,0.25,607,8,day,ban
t15,diagonal_lda,imagined_word,0.25,0.25,608,8,choice,feel
t15,diagonal_lda,imagined_word,0.25,0.25,609,8,were,feel
t15,diagonal_lda,imagined_word,0.25,0.25,610,8,feel,feel
t15,diagonal_lda,imagined_word,0.25,0.25,613,8,choice,feel
t15,diagonal_lda,imagined_word,0.25,0.25,616,8,though,though
t15,diagonal_lda,imagined_word,0.25,0.25,623,8,choice,were
t15,diagonal_lda,imagined_word,0.25,0.25,626,8,day,were
t15,diagonal_lda,imagined_word,0.25,0.25,629,8,feel,ban
t15,diagonal_lda,imagined_word,0.25,0.25,630,8,though,ban
t15,diagonal_lda,imagined_word,0.25,0.25,633,8,kite,feel
t15,diagonal_lda,imagined_word,0.25,0.25,634,8,ban,feel
t15,diagonal_lda,imagined_word,0.25,0.25,635,8,ban,ban
t15,diagonal_lda,imagined_word,0.25,0.25,636,8,day,feel
t15,diagonal_lda,imagined_word,0.25,0.25,637,8,ban,feel
t15,diagonal_lda,attempted_word,0.25,0.25,494,8,day,day
t15,diagonal_lda,attempted_word,0.25,0.25,522,8,kite,were
t15,diagonal_lda,attempted_word,0.25,0.25,523,8,ban,ban
t15,diagonal_lda,attempted_word,0.25,0.25,524,8,feel,feel
t15,diagonal_lda,attempted_word,0.25,0.25,525,8,ban,ban
t15,diagonal_lda,attempted_word,0.25,0.25,530,8,choice,choice
t15,diagonal_lda,attempted_word,0.25,0.25,531,8,though,were
t15,diagonal_lda,attempted_word,0.25,0.25,532,8,day,ban
t15,diagonal_lda,attempted_word,0.25,0.25,535,8,choice,were
t15,diagonal_lda,attempted_word,0.25,0.25,537,8,ban,were
t15,diagonal_lda,attempted_word,0.25,0.25,539,8,were,were
t15,diagonal_lda,attempted_word,0.25,0.25,541,8,day,were
t15,diagonal_lda,attempted_word,0.25,0.25,545,8,were,ban
t15,diagonal_lda,attempted_word,0.25,0.25,547,8,day,day
t15,diagonal_lda,attempted_word,0.25,0.25,557,8,were,were
t15,diagonal_lda,attempted_word,0.25,0.25,559,8,choice,choice
t15,diagonal_lda,attempted_word,0.25,0.25,565,8,feel,ban
t15,diagonal_lda,attempted_word,0.25,0.25,567,8,kite,ban
t15,diagonal_lda,attempted_word,0.25,0.25,569,8,feel,were
t15,diagonal_lda,attempted_word,0.25,0.25,573,8,ban,were
t15,diagonal_lda,attempted_word,0.25,0.25,579,8,were,were
t15,diagonal_lda,attempted_word,0.25,0.25,580,8,choice,choice
t15,diagonal_lda,attempted_word,0.25,0.25,581,8,kite,kite
t15,diagonal_lda,attempted_word,0.25,0.25,583,8,day,choice
t15,diagonal_lda,attempted_word,0.25,0.25,598,8,were,were
t15,diagonal_lda,attempted_word,0.25,0.25,611,8,though,though
t15,diagonal_lda,attempted_word,0.25,0.25,614,8,though,were
t15,diagonal_lda,attempted_word,0.25,0.25,617,8,though,were
t15,diagonal_lda,attempted_word,0.25,0.25,618,8,ban,day
t15,diagonal_lda,attempted_word,0.25,0.25,619,8,kite,were
t15,diagonal_lda,attempted_word,0.25,0.25,621,8,choice,were
t15,diagonal_lda,attempted_word,0.25,0.25,622,8,feel,were
t15,diagonal_lda,attempted_word,0.25,0.25,625,8,though,though
t15,diagonal_lda,attempted_word,0.25,0.25,628,8,kite,ban
t15,diagonal_lda,attempted_word,0.25,0.25,631,8,feel,feel
t15,diagonal_lda,listening_word,0.25,0.25,496,8,kite,feel
t15,diagonal_lda,listening_word,0.25,0.25,502,8,were,choice
t15,diagonal_lda,listening_word,0.25,0.25,503,8,ban,though
t15,diagonal_lda,listening_word,0.25,0.25,507,8,feel,ban
t15,diagonal_lda,listening_word,0.25,0.25,509,8,though,were
t15,diagonal_lda,listening_word,0.25,0.25,512,8,feel,were
t15,diagonal_lda,listening_word,0.25,0.25,517,8,ban,feel
t15,diagonal_lda,listening_word,0.25,0.25,518,8,ban,feel
t15,diagonal_lda,listening_word,0.25,0.25,521,8,kite,kite
t15,diagonal_lda,listening_word,0.25,0.25,533,8,choice,were
t15,diagonal_lda,listening_word,0.25,0.25,534,8,were,were
t15,diagonal_lda,listening_word,0.25,0.25,538,8,day,ban
t15,diagonal_lda,listening_word,0.25,0.25,542,8,choice,were
t15,diagonal_lda,listening_word,0.25,0.25,543,8,day,ban
t15,diagonal_lda,listening_word,0.25,0.25,558,8,though,were
t15,diagonal_lda,listening_word,0.25,0.25,561,8,kite,kite
t15,diagonal_lda,listening_word,0.25,0.25,563,8,though,though
t15,diagonal_lda,listening_word,0.25,0.25,568,8,though,kite
t15,diagonal_lda,listening_word,0.25,0.25,574,8,feel,kite
t15,diagonal_lda,listening_word,0.25,0.25,576,8,feel,feel
t15,diagonal_lda,listening_word,0.25,0.25,578,8,feel,day
t15,diagonal_lda,listening_word,0.25,0.25,582,8,day,kite
t15,diagonal_lda,listening_word,0.25,0.25,589,8,choice,were
t15,diagonal_lda,listening_word,0.25,0.25,591,8,kite,kite
t15,diagonal_lda,listening_word,0.25,0.25,597,8,ban,kite
t15,diagonal_lda,listening_word,0.25,0.25,599,8,day,kite
t15,diagonal_lda,listening_word,0.25,0.25,601,8,day,ban
t15,diagonal_lda,listening_word,0.25,0.25,604,8,were,were
t15,diagonal_lda,listening_word,0.25,0.25,605,8,though,kite
t15,diagonal_lda,listening_word,0.25,0.25,612,8,kite,were
t15,diagonal_lda,listening_word,0.25,0.25,615,8,ban,were
t15,diagonal_lda,listening_word,0.25,0.25,620,8,choice,were
t15,diagonal_lda,listening_word,0.25,0.25,624,8,choice,kite
t15,diagonal_lda,listening_word,0.25,0.25,627,8,were,were
t15,diagonal_lda,listening_word,0.25,0.25,632,8,were,ban
t15,diagonal_lda,behavior,0.25,0.25,493,8,imagined,imagined
t15,diagonal_lda,behavior,0.25,0.25,494,8,attempted,attempted
t15,diagonal_lda,behavior,0.25,0.25,495,8,imagined,imagined
t15,diagonal_lda,behavior,0.25,0.25,496,8,listening,listening
t15,diagonal_lda,behavior,0.25,0.25,497,8,imagined,listening
t15,diagonal_lda,behavior,0.25,0.25,498,8,imagined,imagined
t15,diagonal_lda,behavior,0.25,0.25,499,8,imagined,listening
t15,diagonal_lda,behavior,0.25,0.25,500,8,imagined,listening
t15,diagonal_lda,behavior,0.25,0.25,501,8,imagined,listening
t15,diagonal_lda,behavior,0.25,0.25,502,8,listening,imagined
t15,diagonal_lda,behavior,0.25,0.25,503,8,listening,listening
t15,diagonal_lda,behavior,0.25,0.25,504,8,imagined,listening
t15,diagonal_lda,behavior,0.25,0.25,505,8,imagined,imagined
t15,diagonal_lda,behavior,0.25,0.25,506,8,idle,listening
t15,diagonal_lda,behavior,0.25,0.25,507,8,listening,listening
t15,diagonal_lda,behavior,0.25,0.25,508,8,imagined,listening
t15,diagonal_lda,behavior,0.25,0.25,509,8,listening,listening
t15,diagonal_lda,behavior,0.25,0.25,510,8,imagined,listening
t15,diagonal_lda,behavior,0.25,0.25,511,8,imagined,imagined
t15,diagonal_lda,behavior,0.25,0.25,512,8,listening,listening
t15,diagonal_lda,behavior,0.25,0.25,513,8,imagined,listening
t15,diagonal_lda,behavior,0.25,0.25,514,8,imagined,idle
t15,diagonal_lda,behavior,0.25,0.25,515,8,imagined,idle
t15,diagonal_lda,behavior,0.25,0.25,516,8,imagined,listening
t15,diagonal_lda,behavior,0.25,0.25,517,8,listening,listening
t15,diagonal_lda,behavior,0.25,0.25,518,8,listening,listening
t15,diagonal_lda,behavior,0.25,0.25,519,8,imagined,listening
t15,diagonal_lda,behavior,0.25,0.25,520,8,imagined,imagined
t15,diagonal_lda,behavior,0.25,0.25,521,8,listening,listening
t15,diagonal_lda,behavior,0.25,0.25,522,8,attempted,attempted
t15,diagonal_lda,behavior,0.25,0.25,523,8,attempted,idle
t15,diagonal_lda,behavior,0.25,0.25,524,8,attempted,idle
t15,diagonal_lda,behavior,0.25,0.25,525,8,attempted,attempted
t15,diagonal_lda,behavior,0.25,0.25,526,8,imagined,listening
t15,diagonal_lda,behavior,0.25,0.25,527,8,imagined,idle
t15,diagonal_lda,behavior,0.25,0.25,528,8,imagined,listening
t15,diagonal_lda,behavior,0.25,0.25,529,8,imagined,imagined
t15,diagonal_lda,behavior,0.25,0.25,530,8,attempted,attempted
t15,diagonal_lda,behavior,0.25,0.25,531,8,attempted,listening
t15,diagonal_lda,behavior,0.25,0.25,532,8,attempted,attempted
t15,diagonal_lda,behavior,0.25,0.25,533,8,listening,listening
t15,diagonal_lda,behavior,0.25,0.25,534,8,listening,listening
t15,diagonal_lda,behavior,0.25,0.25,535,8,attempted,listening
t15,diagonal_lda,behavior,0.25,0.25,536,8,imagined,idle
t15,diagonal_lda,behavior,0.25,0.25,537,8,attempted,listening
t15,diagonal_lda,behavior,0.25,0.25,538,8,listening,listening
t15,diagonal_lda,behavior,0.25,0.25,539,8,attempted,attempted
t15,diagonal_lda,behavior,0.25,0.25,540,8,imagined,idle
t15,diagonal_lda,behavior,0.25,0.25,541,8,attempted,attempted
t15,diagonal_lda,behavior,0.25,0.25,542,8,listening,listening
t15,diagonal_lda,behavior,0.25,0.25,543,8,listening,listening
t15,diagonal_lda,behavior,0.25,0.25,544,8,imagined,listening
t15,diagonal_lda,behavior,0.25,0.25,545,8,attempted,idle
t15,diagonal_lda,behavior,0.25,0.25,546,8,imagined,idle
t15,diagonal_lda,behavior,0.25,0.25,547,8,attempted,attempted
t15,diagonal_lda,behavior,0.25,0.25,548,8,imagined,imagined
t15,diagonal_lda,behavior,0.25,0.25,549,8,imagined,listening
t15,diagonal_lda,behavior,0.25,0.25,550,8,imagined,idle
t15,diagonal_lda,behavior,0.25,0.25,551,8,imagined,idle
t15,diagonal_lda,behavior,0.25,0.25,552,8,imagined,listening
t15,diagonal_lda,behavior,0.25,0.25,553,8,imagined,listening
t15,diagonal_lda,behavior,0.25,0.25,554,8,imagined,idle
t15,diagonal_lda,behavior,0.25,0.25,555,8,idle,listening
t15,diagonal_lda,behavior,0.25,0.25,556,8,imagined,listening
t15,diagonal_lda,behavior,0.25,0.25,557,8,attempted,attempted
t15,diagonal_lda,behavior,0.25,0.25,558,8,listening,listening
t15,diagonal_lda,behavior,0.25,0.25,559,8,attempted,attempted
t15,diagonal_lda,behavior,0.25,0.25,560,8,idle,idle
t15,diagonal_lda,behavior,0.25,0.25,561,8,listening,listening
t15,diagonal_lda,behavior,0.25,0.25,562,8,imagined,listening
t15,diagonal_lda,behavior,0.25,0.25,563,8,listening,listening
t15,diagonal_lda,behavior,0.25,0.25,564,8,imagined,listening
t15,diagonal_lda,behavior,0.25,0.25,565,8,attempted,listening
t15,diagonal_lda,behavior,0.25,0.25,566,8,idle,idle
t15,diagonal_lda,behavior,0.25,0.25,567,8,attempted,attempted
t15,diagonal_lda,behavior,0.25,0.25,568,8,listening,listening
t15,diagonal_lda,behavior,0.25,0.25,569,8,attempted,listening
t15,diagonal_lda,behavior,0.25,0.25,570,8,imagined,idle
t15,diagonal_lda,behavior,0.25,0.25,571,8,imagined,attempted
t15,diagonal_lda,behavior,0.25,0.25,572,8,imagined,listening
t15,diagonal_lda,behavior,0.25,0.25,573,8,attempted,listening
t15,diagonal_lda,behavior,0.25,0.25,574,8,listening,listening
t15,diagonal_lda,behavior,0.25,0.25,575,8,imagined,listening
t15,diagonal_lda,behavior,0.25,0.25,576,8,listening,listening
t15,diagonal_lda,behavior,0.25,0.25,577,8,imagined,imagined
t15,diagonal_lda,behavior,0.25,0.25,578,8,listening,imagined
t15,diagonal_lda,behavior,0.25,0.25,579,8,attempted,attempted
t15,diagonal_lda,behavior,0.25,0.25,580,8,attempted,attempted
t15,diagonal_lda,behavior,0.25,0.25,581,8,attempted,attempted
t15,diagonal_lda,behavior,0.25,0.25,582,8,listening,listening
t15,diagonal_lda,behavior,0.25,0.25,583,8,attempted,attempted
t15,diagonal_lda,behavior,0.25,0.25,584,8,imagined,idle
t15,diagonal_lda,behavior,0.25,0.25,585,8,imagined,idle
t15,diagonal_lda,behavior,0.25,0.25,586,8,imagined,listening
t15,diagonal_lda,behavior,0.25,0.25,587,8,imagined,listening
t15,diagonal_lda,behavior,0.25,0.25,588,8,imagined,idle
t15,diagonal_lda,behavior,0.25,0.25,589,8,listening,listening
t15,diagonal_lda,behavior,0.25,0.25,590,8,idle,idle
t15,diagonal_lda,behavior,0.25,0.25,591,8,listening,listening
t15,diagonal_lda,behavior,0.25,0.25,592,8,imagined,imagined
t15,diagonal_lda,behavior,0.25,0.25,593,8,imagined,listening
t15,diagonal_lda,behavior,0.25,0.25,594,8,imagined,attempted
t15,diagonal_lda,behavior,0.25,0.25,595,8,imagined,listening
t15,diagonal_lda,behavior,0.25,0.25,596,8,imagined,listening
t15,diagonal_lda,behavior,0.25,0.25,597,8,listening,listening
t15,diagonal_lda,behavior,0.25,0.25,598,8,attempted,attempted
t15,diagonal_lda,behavior,0.25,0.25,599,8,listening,listening
t15,diagonal_lda,behavior,0.25,0.25,600,8,imagined,listening
t15,diagonal_lda,behavior,0.25,0.25,601,8,listening,listening
t15,diagonal_lda,behavior,0.25,0.25,602,8,imagined,idle
t15,diagonal_lda,behavior,0.25,0.25,603,8,imagined,listening
t15,diagonal_lda,behavior,0.25,0.25,604,8,listening,listening
t15,diagonal_lda,behavior,0.25,0.25,605,8,listening,listening
t15,diagonal_lda,behavior,0.25,0.25,606,8,imagined,listening
t15,diagonal_lda,behavior,0.25,0.25,607,8,imagined,listening
t15,diagonal_lda,behavior,0.25,0.25,608,8,imagined,idle
t15,diagonal_lda,behavior,0.25,0.25,609,8,imagined,idle
t15,diagonal_lda,behavior,0.25,0.25,610,8,imagined,listening
t15,diagonal_lda,behavior,0.25,0.25,611,8,attempted,attempted
t15,diagonal_lda,behavior,0.25,0.25,612,8,listening,listening
t15,diagonal_lda,behavior,0.25,0.25,613,8,imagined,idle
t15,diagonal_lda,behavior,0.25,0.25,614,8,attempted,listening
t15,diagonal_lda,behavior,0.25,0.25,615,8,listening,listening
t15,diagonal_lda,behavior,0.25,0.25,616,8,imagined,attempted
t15,diagonal_lda,behavior,0.25,0.25,617,8,attempted,listening
t15,diagonal_lda,behavior,0.25,0.25,618,8,attempted,attempted
t15,diagonal_lda,behavior,0.25,0.25,619,8,attempted,attempted
t15,diagonal_lda,behavior,0.25,0.25,620,8,listening,listening
t15,diagonal_lda,behavior,0.25,0.25,621,8,attempted,idle
t15,diagonal_lda,behavior,0.25,0.25,622,8,attempted,attempted
t15,diagonal_lda,behavior,0.25,0.25,623,8,imagined,listening
t15,diagonal_lda,behavior,0.25,0.25,624,8,listening,listening
t15,diagonal_lda,behavior,0.25,0.25,625,8,attempted,idle
t15,diagonal_lda,behavior,0.25,0.25,626,8,imagined,listening
t15,diagonal_lda,behavior,0.25,0.25,627,8,listening,listening
t15,diagonal_lda,behavior,0.25,0.25,628,8,attempted,listening
t15,diagonal_lda,behavior,0.25,0.25,629,8,imagined,listening
t15,diagonal_lda,behavior,0.25,0.25,630,8,imagined,listening
t15,diagonal_lda,behavior,0.25,0.25,631,8,attempted,attempted
t15,diagonal_lda,behavior,0.25,0.25,632,8,listening,listening
t15,diagonal_lda,behavior,0.25,0.25,633,8,imagined,idle
t15,diagonal_lda,behavior,0.25,0.25,634,8,imagined,listening
t15,diagonal_lda,behavior,0.25,0.25,635,8,imagined,listening
t15,diagonal_lda,behavior,0.25,0.25,636,8,imagined,listening
t15,diagonal_lda,behavior,0.25,0.25,637,8,imagined,listening
t15,shrinkage_lda,imagined_word,0.5,0.5,493,8,though,though
t15,shrinkage_lda,imagined_word,0.5,0.5,495,8,day,feel
t15,shrinkage_lda,imagined_word,0.5,0.5,497,8,kite,ban
t15,shrinkage_lda,imagined_word,0.5,0.5,498,8,were,kite
t15,shrinkage_lda,imagined_word,0.5,0.5,499,8,feel,were
t15,shrinkage_lda,imagined_word,0.5,0.5,500,8,choice,were
t15,shrinkage_lda,imagined_word,0.5,0.5,501,8,though,though
t15,shrinkage_lda,imagined_word,0.5,0.5,504,8,day,feel
t15,shrinkage_lda,imagined_word,0.5,0.5,505,8,ban,feel
t15,shrinkage_lda,imagined_word,0.5,0.5,508,8,though,were
t15,shrinkage_lda,imagined_word,0.5,0.5,510,8,kite,feel
t15,shrinkage_lda,imagined_word,0.5,0.5,511,8,were,choice
t15,shrinkage_lda,imagined_word,0.5,0.5,513,8,feel,day
t15,shrinkage_lda,imagined_word,0.5,0.5,514,8,day,were
t15,shrinkage_lda,imagined_word,0.5,0.5,515,8,choice,choice
t15,shrinkage_lda,imagined_word,0.5,0.5,516,8,kite,choice
t15,shrinkage_lda,imagined_word,0.5,0.5,519,8,ban,kite
t15,shrinkage_lda,imagined_word,0.5,0.5,520,8,kite,feel
t15,shrinkage_lda,imagined_word,0.5,0.5,526,8,feel,were
t15,shrinkage_lda,imagined_word,0.5,0.5,527,8,feel,choice
t15,shrinkage_lda,imagined_word,0.5,0.5,528,8,feel,feel
t15,shrinkage_lda,imagined_word,0.5,0.5,529,8,choice,day
t15,shrinkage_lda,imagined_word,0.5,0.5,536,8,ban,kite
t15,shrinkage_lda,imagined_word,0.5,0.5,540,8,feel,feel
t15,shrinkage_lda,imagined_word,0.5,0.5,544,8,feel,feel
t15,shrinkage_lda,imagined_word,0.5,0.5,546,8,day,kite
t15,shrinkage_lda,imagined_word,0.5,0.5,548,8,choice,day
t15,shrinkage_lda,imagined_word,0.5,0.5,549,8,though,though
t15,shrinkage_lda,imagined_word,0.5,0.5,550,8,kite,were
t15,shrinkage_lda,imagined_word,0.5,0.5,551,8,were,were
t15,shrinkage_lda,imagined_word,0.5,0.5,552,8,choice,though
t15,shrinkage_lda,imagined_word,0.5,0.5,553,8,ban,feel
t15,shrinkage_lda,imagined_word,0.5,0.5,554,8,day,feel
t15,shrinkage_lda,imagined_word,0.5,0.5,556,8,were,feel
t15,shrinkage_lda,imagined_word,0.5,0.5,562,8,were,feel
t15,shrinkage_lda,imagined_word,0.5,0.5,564,8,were,feel
t15,shrinkage_lda,imagined_word,0.5,0.5,570,8,were,were
t15,shrinkage_lda,imagined_word,0.5,0.5,571,8,kite,feel
t15,shrinkage_lda,imagined_word,0.5,0.5,572,8,day,feel
t15,shrinkage_lda,imagined_word,0.5,0.5,575,8,were,were
t15,shrinkage_lda,imagined_word,0.5,0.5,577,8,choice,choice
t15,shrinkage_lda,imagined_word,0.5,0.5,584,8,choice,choice
t15,shrinkage_lda,imagined_word,0.5,0.5,585,8,though,though
t15,shrinkage_lda,imagined_word,0.5,0.5,586,8,kite,choice
t15,shrinkage_lda,imagined_word,0.5,0.5,587,8,ban,feel
t15,shrinkage_lda,imagined_word,0.5,0.5,588,8,ban,feel
t15,shrinkage_lda,imagined_word,0.5,0.5,592,8,were,feel
t15,shrinkage_lda,imagined_word,0.5,0.5,593,8,though,though
t15,shrinkage_lda,imagined_word,0.5,0.5,594,8,though,though
t15,shrinkage_lda,imagined_word,0.5,0.5,595,8,feel,feel
t15,shrinkage_lda,imagined_word,0.5,0.5,596,8,though,choice
t15,shrinkage_lda,imagined_word,0.5,0.5,600,8,kite,feel
t15,shrinkage_lda,imagined_word,0.5,0.5,602,8,kite,ban
t15,shrinkage_lda,imagined_word,0.5,0.5,603,8,day,choice
t15,shrinkage_lda,imagined_word,0.5,0.5,606,8,ban,feel
t15,shrinkage_lda,imagined_word,0.5,0.5,607,8,day,feel
t15,shrinkage_lda,imagined_word,0.5,0.5,608,8,choice,choice
t15,shrinkage_lda,imagined_word,0.5,0.5,609,8,were,feel
t15,shrinkage_lda,imagined_word,0.5,0.5,610,8,feel,feel
t15,shrinkage_lda,imagined_word,0.5,0.5,613,8,choice,feel
t15,shrinkage_lda,imagined_word,0.5,0.5,616,8,though,though
t15,shrinkage_lda,imagined_word,0.5,0.5,623,8,choice,feel
t15,shrinkage_lda,imagined_word,0.5,0.5,626,8,day,were
t15,shrinkage_lda,imagined_word,0.5,0.5,629,8,feel,though
t15,shrinkage_lda,imagined_word,0.5,0.5,630,8,though,though
t15,shrinkage_lda,imagined_word,0.5,0.5,633,8,kite,feel
t15,shrinkage_lda,imagined_word,0.5,0.5,634,8,ban,feel
t15,shrinkage_lda,imagined_word,0.5,0.5,635,8,ban,feel
t15,shrinkage_lda,imagined_word,0.5,0.5,636,8,day,feel
t15,shrinkage_lda,imagined_word,0.5,0.5,637,8,ban,ban
t15,shrinkage_lda,attempted_word,0.5,0.5,494,8,day,day
t15,shrinkage_lda,attempted_word,0.5,0.5,522,8,kite,kite
t15,shrinkage_lda,attempted_word,0.5,0.5,523,8,ban,ban
t15,shrinkage_lda,attempted_word,0.5,0.5,524,8,feel,feel
t15,shrinkage_lda,attempted_word,0.5,0.5,525,8,ban,ban
t15,shrinkage_lda,attempted_word,0.5,0.5,530,8,choice,choice
t15,shrinkage_lda,attempted_word,0.5,0.5,531,8,though,were
t15,shrinkage_lda,attempted_word,0.5,0.5,532,8,day,ban
t15,shrinkage_lda,attempted_word,0.5,0.5,535,8,choice,were
t15,shrinkage_lda,attempted_word,0.5,0.5,537,8,ban,were
t15,shrinkage_lda,attempted_word,0.5,0.5,539,8,were,were
t15,shrinkage_lda,attempted_word,0.5,0.5,541,8,day,were
t15,shrinkage_lda,attempted_word,0.5,0.5,545,8,were,day
t15,shrinkage_lda,attempted_word,0.5,0.5,547,8,day,day
t15,shrinkage_lda,attempted_word,0.5,0.5,557,8,were,were
t15,shrinkage_lda,attempted_word,0.5,0.5,559,8,choice,choice
t15,shrinkage_lda,attempted_word,0.5,0.5,565,8,feel,ban
t15,shrinkage_lda,attempted_word,0.5,0.5,567,8,kite,kite
t15,shrinkage_lda,attempted_word,0.5,0.5,569,8,feel,ban
t15,shrinkage_lda,attempted_word,0.5,0.5,573,8,ban,ban
t15,shrinkage_lda,attempted_word,0.5,0.5,579,8,were,were
t15,shrinkage_lda,attempted_word,0.5,0.5,580,8,choice,choice
t15,shrinkage_lda,attempted_word,0.5,0.5,581,8,kite,kite
t15,shrinkage_lda,attempted_word,0.5,0.5,583,8,day,ban
t15,shrinkage_lda,attempted_word,0.5,0.5,598,8,were,were
t15,shrinkage_lda,attempted_word,0.5,0.5,611,8,though,though
t15,shrinkage_lda,attempted_word,0.5,0.5,614,8,though,though
t15,shrinkage_lda,attempted_word,0.5,0.5,617,8,though,were
t15,shrinkage_lda,attempted_word,0.5,0.5,618,8,ban,ban
t15,shrinkage_lda,attempted_word,0.5,0.5,619,8,kite,were
t15,shrinkage_lda,attempted_word,0.5,0.5,621,8,choice,were
t15,shrinkage_lda,attempted_word,0.5,0.5,622,8,feel,feel
t15,shrinkage_lda,attempted_word,0.5,0.5,625,8,though,though
t15,shrinkage_lda,attempted_word,0.5,0.5,628,8,kite,kite
t15,shrinkage_lda,attempted_word,0.5,0.5,631,8,feel,feel
t15,shrinkage_lda,listening_word,0.5,0.5,496,8,kite,ban
t15,shrinkage_lda,listening_word,0.5,0.5,502,8,were,choice
t15,shrinkage_lda,listening_word,0.5,0.5,503,8,ban,ban
t15,shrinkage_lda,listening_word,0.5,0.5,507,8,feel,were
t15,shrinkage_lda,listening_word,0.5,0.5,509,8,though,ban
t15,shrinkage_lda,listening_word,0.5,0.5,512,8,feel,feel
t15,shrinkage_lda,listening_word,0.5,0.5,517,8,ban,feel
t15,shrinkage_lda,listening_word,0.5,0.5,518,8,ban,were
t15,shrinkage_lda,listening_word,0.5,0.5,521,8,kite,feel
t15,shrinkage_lda,listening_word,0.5,0.5,533,8,choice,choice
t15,shrinkage_lda,listening_word,0.5,0.5,534,8,were,were
t15,shrinkage_lda,listening_word,0.5,0.5,538,8,day,ban
t15,shrinkage_lda,listening_word,0.5,0.5,542,8,choice,choice
t15,shrinkage_lda,listening_word,0.5,0.5,543,8,day,were
t15,shrinkage_lda,listening_word,0.5,0.5,558,8,though,were
t15,shrinkage_lda,listening_word,0.5,0.5,561,8,kite,kite
t15,shrinkage_lda,listening_word,0.5,0.5,563,8,though,though
t15,shrinkage_lda,listening_word,0.5,0.5,568,8,though,though
t15,shrinkage_lda,listening_word,0.5,0.5,574,8,feel,feel
t15,shrinkage_lda,listening_word,0.5,0.5,576,8,feel,ban
t15,shrinkage_lda,listening_word,0.5,0.5,578,8,feel,ban
t15,shrinkage_lda,listening_word,0.5,0.5,582,8,day,ban
t15,shrinkage_lda,listening_word,0.5,0.5,589,8,choice,ban
t15,shrinkage_lda,listening_word,0.5,0.5,591,8,kite,kite
t15,shrinkage_lda,listening_word,0.5,0.5,597,8,ban,ban
t15,shrinkage_lda,listening_word,0.5,0.5,599,8,day,ban
t15,shrinkage_lda,listening_word,0.5,0.5,601,8,day,ban
t15,shrinkage_lda,listening_word,0.5,0.5,604,8,were,were
t15,shrinkage_lda,listening_word,0.5,0.5,605,8,though,though
t15,shrinkage_lda,listening_word,0.5,0.5,612,8,kite,were
t15,shrinkage_lda,listening_word,0.5,0.5,615,8,ban,were
t15,shrinkage_lda,listening_word,0.5,0.5,620,8,choice,were
t15,shrinkage_lda,listening_word,0.5,0.5,624,8,choice,choice
t15,shrinkage_lda,listening_word,0.5,0.5,627,8,were,were
t15,shrinkage_lda,listening_word,0.5,0.5,632,8,were,were
t15,shrinkage_lda,behavior,0.5,0.5,493,8,imagined,imagined
t15,shrinkage_lda,behavior,0.5,0.5,494,8,attempted,attempted
t15,shrinkage_lda,behavior,0.5,0.5,495,8,imagined,imagined
t15,shrinkage_lda,behavior,0.5,0.5,496,8,listening,listening
t15,shrinkage_lda,behavior,0.5,0.5,497,8,imagined,imagined
t15,shrinkage_lda,behavior,0.5,0.5,498,8,imagined,imagined
t15,shrinkage_lda,behavior,0.5,0.5,499,8,imagined,imagined
t15,shrinkage_lda,behavior,0.5,0.5,500,8,imagined,imagined
t15,shrinkage_lda,behavior,0.5,0.5,501,8,imagined,imagined
t15,shrinkage_lda,behavior,0.5,0.5,502,8,listening,imagined
t15,shrinkage_lda,behavior,0.5,0.5,503,8,listening,listening
t15,shrinkage_lda,behavior,0.5,0.5,504,8,imagined,imagined
t15,shrinkage_lda,behavior,0.5,0.5,505,8,imagined,idle
t15,shrinkage_lda,behavior,0.5,0.5,506,8,idle,imagined
t15,shrinkage_lda,behavior,0.5,0.5,507,8,listening,listening
t15,shrinkage_lda,behavior,0.5,0.5,508,8,imagined,listening
t15,shrinkage_lda,behavior,0.5,0.5,509,8,listening,listening
t15,shrinkage_lda,behavior,0.5,0.5,510,8,imagined,imagined
t15,shrinkage_lda,behavior,0.5,0.5,511,8,imagined,imagined
t15,shrinkage_lda,behavior,0.5,0.5,512,8,listening,listening
t15,shrinkage_lda,behavior,0.5,0.5,513,8,imagined,imagined
t15,shrinkage_lda,behavior,0.5,0.5,514,8,imagined,imagined
t15,shrinkage_lda,behavior,0.5,0.5,515,8,imagined,imagined
t15,shrinkage_lda,behavior,0.5,0.5,516,8,imagined,imagined
t15,shrinkage_lda,behavior,0.5,0.5,517,8,listening,listening
t15,shrinkage_lda,behavior,0.5,0.5,518,8,listening,listening
t15,shrinkage_lda,behavior,0.5,0.5,519,8,imagined,imagined
t15,shrinkage_lda,behavior,0.5,0.5,520,8,imagined,imagined
t15,shrinkage_lda,behavior,0.5,0.5,521,8,listening,listening
t15,shrinkage_lda,behavior,0.5,0.5,522,8,attempted,attempted
t15,shrinkage_lda,behavior,0.5,0.5,523,8,attempted,attempted
t15,shrinkage_lda,behavior,0.5,0.5,524,8,attempted,attempted
t15,shrinkage_lda,behavior,0.5,0.5,525,8,attempted,attempted
t15,shrinkage_lda,behavior,0.5,0.5,526,8,imagined,imagined
t15,shrinkage_lda,behavior,0.5,0.5,527,8,imagined,imagined
t15,shrinkage_lda,behavior,0.5,0.5,528,8,imagined,imagined
t15,shrinkage_lda,behavior,0.5,0.5,529,8,imagined,imagined
t15,shrinkage_lda,behavior,0.5,0.5,530,8,attempted,attempted
t15,shrinkage_lda,behavior,0.5,0.5,531,8,attempted,listening
t15,shrinkage_lda,behavior,0.5,0.5,532,8,attempted,attempted
t15,shrinkage_lda,behavior,0.5,0.5,533,8,listening,listening
t15,shrinkage_lda,behavior,0.5,0.5,534,8,listening,listening
t15,shrinkage_lda,behavior,0.5,0.5,535,8,attempted,listening
t15,shrinkage_lda,behavior,0.5,0.5,536,8,imagined,imagined
t15,shrinkage_lda,behavior,0.5,0.5,537,8,attempted,attempted
t15,shrinkage_lda,behavior,0.5,0.5,538,8,listening,listening
t15,shrinkage_lda,behavior,0.5,0.5,539,8,attempted,attempted
t15,shrinkage_lda,behavior,0.5,0.5,540,8,imagined,imagined
t15,shrinkage_lda,behavior,0.5,0.5,541,8,attempted,attempted
t15,shrinkage_lda,behavior,0.5,0.5,542,8,listening,listening
t15,shrinkage_lda,behavior,0.5,0.5,543,8,listening,listening
t15,shrinkage_lda,behavior,0.5,0.5,544,8,imagined,imagined
t15,shrinkage_lda,behavior,0.5,0.5,545,8,attempted,idle
t15,shrinkage_lda,behavior,0.5,0.5,546,8,imagined,imagined
t15,shrinkage_lda,behavior,0.5,0.5,547,8,attempted,attempted
t15,shrinkage_lda,behavior,0.5,0.5,548,8,imagined,imagined
t15,shrinkage_lda,behavior,0.5,0.5,549,8,imagined,imagined
t15,shrinkage_lda,behavior,0.5,0.5,550,8,imagined,imagined
t15,shrinkage_lda,behavior,0.5,0.5,551,8,imagined,imagined
t15,shrinkage_lda,behavior,0.5,0.5,552,8,imagined,imagined
t15,shrinkage_lda,behavior,0.5,0.5,553,8,imagined,imagined
t15,shrinkage_lda,behavior,0.5,0.5,554,8,imagined,imagined
t15,shrinkage_lda,behavior,0.5,0.5,555,8,idle,idle
t15,shrinkage_lda,behavior,0.5,0.5,556,8,imagined,imagined
t15,shrinkage_lda,behavior,0.5,0.5,557,8,attempted,attempted
t15,shrinkage_lda,behavior,0.5,0.5,558,8,listening,listening
t15,shrinkage_lda,behavior,0.5,0.5,559,8,attempted,attempted
t15,shrinkage_lda,behavior,0.5,0.5,560,8,idle,idle
t15,shrinkage_lda,behavior,0.5,0.5,561,8,listening,listening
t15,shrinkage_lda,behavior,0.5,0.5,562,8,imagined,imagined
t15,shrinkage_lda,behavior,0.5,0.5,563,8,listening,listening
t15,shrinkage_lda,behavior,0.5,0.5,564,8,imagined,imagined
t15,shrinkage_lda,behavior,0.5,0.5,565,8,attempted,listening
t15,shrinkage_lda,behavior,0.5,0.5,566,8,idle,idle
t15,shrinkage_lda,behavior,0.5,0.5,567,8,attempted,attempted
t15,shrinkage_lda,behavior,0.5,0.5,568,8,listening,listening
t15,shrinkage_lda,behavior,0.5,0.5,569,8,attempted,imagined
t15,shrinkage_lda,behavior,0.5,0.5,570,8,imagined,imagined
t15,shrinkage_lda,behavior,0.5,0.5,571,8,imagined,imagined
t15,shrinkage_lda,behavior,0.5,0.5,572,8,imagined,listening
t15,shrinkage_lda,behavior,0.5,0.5,573,8,attempted,attempted
t15,shrinkage_lda,behavior,0.5,0.5,574,8,listening,listening
t15,shrinkage_lda,behavior,0.5,0.5,575,8,imagined,imagined
t15,shrinkage_lda,behavior,0.5,0.5,576,8,listening,listening
t15,shrinkage_lda,behavior,0.5,0.5,577,8,imagined,imagined
t15,shrinkage_lda,behavior,0.5,0.5,578,8,listening,imagined
t15,shrinkage_lda,behavior,0.5,0.5,579,8,attempted,attempted
t15,shrinkage_lda,behavior,0.5,0.5,580,8,attempted,attempted
t15,shrinkage_lda,behavior,0.5,0.5,581,8,attempted,attempted
t15,shrinkage_lda,behavior,0.5,0.5,582,8,listening,listening
t15,shrinkage_lda,behavior,0.5,0.5,583,8,attempted,attempted
t15,shrinkage_lda,behavior,0.5,0.5,584,8,imagined,imagined
t15,shrinkage_lda,behavior,0.5,0.5,585,8,imagined,imagined
t15,shrinkage_lda,behavior,0.5,0.5,586,8,imagined,imagined
t15,shrinkage_lda,behavior,0.5,0.5,587,8,imagined,imagined
t15,shrinkage_lda,behavior,0.5,0.5,588,8,imagined,imagined
t15,shrinkage_lda,behavior,0.5,0.5,589,8,listening,listening
t15,shrinkage_lda,behavior,0.5,0.5,590,8,idle,listening
t15,shrinkage_lda,behavior,0.5,0.5,591,8,listening,listening
t15,shrinkage_lda,behavior,0.5,0.5,592,8,imagined,imagined
t15,shrinkage_lda,behavior,0.5,0.5,593,8,imagined,imagined
t15,shrinkage_lda,behavior,0.5,0.5,594,8,imagined,idle
t15,shrinkage_lda,behavior,0.5,0.5,595,8,imagined,listening
t15,shrinkage_lda,behavior,0.5,0.5,596,8,imagined,imagined
t15,shrinkage_lda,behavior,0.5,0.5,597,8,listening,listening
t15,shrinkage_lda,behavior,0.5,0.5,598,8,attempted,attempted
t15,shrinkage_lda,behavior,0.5,0.5,599,8,listening,listening
t15,shrinkage_lda,behavior,0.5,0.5,600,8,imagined,listening
t15,shrinkage_lda,behavior,0.5,0.5,601,8,listening,listening
t15,shrinkage_lda,behavior,0.5,0.5,602,8,imagined,listening
t15,shrinkage_lda,behavior,0.5,0.5,603,8,imagined,idle
t15,shrinkage_lda,behavior,0.5,0.5,604,8,listening,listening
t15,shrinkage_lda,behavior,0.5,0.5,605,8,listening,listening
t15,shrinkage_lda,behavior,0.5,0.5,606,8,imagined,imagined
t15,shrinkage_lda,behavior,0.5,0.5,607,8,imagined,imagined
t15,shrinkage_lda,behavior,0.5,0.5,608,8,imagined,idle
t15,shrinkage_lda,behavior,0.5,0.5,609,8,imagined,imagined
t15,shrinkage_lda,behavior,0.5,0.5,610,8,imagined,imagined
t15,shrinkage_lda,behavior,0.5,0.5,611,8,attempted,attempted
t15,shrinkage_lda,behavior,0.5,0.5,612,8,listening,listening
t15,shrinkage_lda,behavior,0.5,0.5,613,8,imagined,imagined
t15,shrinkage_lda,behavior,0.5,0.5,614,8,attempted,imagined
t15,shrinkage_lda,behavior,0.5,0.5,615,8,listening,listening
t15,shrinkage_lda,behavior,0.5,0.5,616,8,imagined,imagined
t15,shrinkage_lda,behavior,0.5,0.5,617,8,attempted,imagined
t15,shrinkage_lda,behavior,0.5,0.5,618,8,attempted,attempted
t15,shrinkage_lda,behavior,0.5,0.5,619,8,attempted,attempted
t15,shrinkage_lda,behavior,0.5,0.5,620,8,listening,listening
t15,shrinkage_lda,behavior,0.5,0.5,621,8,attempted,attempted
t15,shrinkage_lda,behavior,0.5,0.5,622,8,attempted,attempted
t15,shrinkage_lda,behavior,0.5,0.5,623,8,imagined,imagined
t15,shrinkage_lda,behavior,0.5,0.5,624,8,listening,listening
t15,shrinkage_lda,behavior,0.5,0.5,625,8,attempted,attempted
t15,shrinkage_lda,behavior,0.5,0.5,626,8,imagined,imagined
t15,shrinkage_lda,behavior,0.5,0.5,627,8,listening,listening
t15,shrinkage_lda,behavior,0.5,0.5,628,8,attempted,imagined
t15,shrinkage_lda,behavior,0.5,0.5,629,8,imagined,listening
t15,shrinkage_lda,behavior,0.5,0.5,630,8,imagined,imagined
t15,shrinkage_lda,behavior,0.5,0.5,631,8,attempted,attempted
t15,shrinkage_lda,behavior,0.5,0.5,632,8,listening,listening
t15,shrinkage_lda,behavior,0.5,0.5,633,8,imagined,imagined
t15,shrinkage_lda,behavior,0.5,0.5,634,8,imagined,imagined
t15,shrinkage_lda,behavior,0.5,0.5,635,8,imagined,imagined
t15,shrinkage_lda,behavior,0.5,0.5,636,8,imagined,imagined
t15,shrinkage_lda,behavior,0.5,0.5,637,8,imagined,imagined
t15,diagonal_lda,imagined_word,0.5,0.5,493,8,though,were
t15,diagonal_lda,imagined_word,0.5,0.5,495,8,day,feel
t15,diagonal_lda,imagined_word,0.5,0.5,497,8,kite,feel
t15,diagonal_lda,imagined_word,0.5,0.5,498,8,were,feel
t15,diagonal_lda,imagined_word,0.5,0.5,499,8,feel,feel
t15,diagonal_lda,imagined_word,0.5,0.5,500,8,choice,ban
t15,diagonal_lda,imagined_word,0.5,0.5,501,8,though,though
t15,diagonal_lda,imagined_word,0.5,0.5,504,8,day,feel
t15,diagonal_lda,imagined_word,0.5,0.5,505,8,ban,feel
t15,diagonal_lda,imagined_word,0.5,0.5,508,8,though,were
t15,diagonal_lda,imagined_word,0.5,0.5,510,8,kite,feel
t15,diagonal_lda,imagined_word,0.5,0.5,511,8,were,choice
t15,diagonal_lda,imagined_word,0.5,0.5,513,8,feel,feel
t15,diagonal_lda,imagined_word,0.5,0.5,514,8,day,feel
t15,diagonal_lda,imagined_word,0.5,0.5,515,8,choice,feel
t15,diagonal_lda,imagined_word,0.5,0.5,516,8,kite,feel
t15,diagonal_lda,imagined_word,0.5,0.5,519,8,ban,ban
t15,diagonal_lda,imagined_word,0.5,0.5,520,8,kite,feel
t15,diagonal_lda,imagined_word,0.5,0.5,526,8,feel,were
t15,diagonal_lda,imagined_word,0.5,0.5,527,8,feel,feel
t15,diagonal_lda,imagined_word,0.5,0.5,528,8,feel,feel
t15,diagonal_lda,imagined_word,0.5,0.5,529,8,choice,choice
t15,diagonal_lda,imagined_word,0.5,0.5,536,8,ban,feel
t15,diagonal_lda,imagined_word,0.5,0.5,540,8,feel,feel
t15,diagonal_lda,imagined_word,0.5,0.5,544,8,feel,ban
t15,diagonal_lda,imagined_word,0.5,0.5,546,8,day,were
t15,diagonal_lda,imagined_word,0.5,0.5,548,8,choice,were
t15,diagonal_lda,imagined_word,0.5,0.5,549,8,though,were
t15,diagonal_lda,imagined_word,0.5,0.5,550,8,kite,feel
t15,diagonal_lda,imagined_word,0.5,0.5,551,8,were,feel
t15,diagonal_lda,imagined_word,0.5,0.5,552,8,choice,feel
t15,diagonal_lda,imagined_word,0.5,0.5,553,8,ban,feel
t15,diagonal_lda,imagined_word,0.5,0.5,554,8,day,feel
t15,diagonal_lda,imagined_word,0.5,0.5,556,8,were,feel
t15,diagonal_lda,imagined_word,0.5,0.5,562,8,were,feel
t15,diagonal_lda,imagined_word,0.5,0.5,564,8,were,feel
t15,diagonal_lda,imagined_word,0.5,0.5,570,8,were,feel
t15,diagonal_lda,imagined_word,0.5,0.5,571,8,kite,feel
t15,diagonal_lda,imagined_word,0.5,0.5,572,8,day,feel
t15,diagonal_lda,imagined_word,0.5,0.5,575,8,were,were
t15,diagonal_lda,imagined_word,0.5,0.5,577,8,choice,choice
t15,diagonal_lda,imagined_word,0.5,0.5,584,8,choice,choice
t15,diagonal_lda,imagined_word,0.5,0.5,585,8,though,though
t15,diagonal_lda,imagined_word,0.5,0.5,586,8,kite,choice
t15,diagonal_lda,imagined_word,0.5,0.5,587,8,ban,feel
t15,diagonal_lda,imagined_word,0.5,0.5,588,8,ban,feel
t15,diagonal_lda,imagined_word,0.5,0.5,592,8,were,feel
t15,diagonal_lda,imagined_word,0.5,0.5,593,8,though,though
t15,diagonal_lda,imagined_word,0.5,0.5,594,8,though,though
t15,diagonal_lda,imagined_word,0.5,0.5,595,8,feel,feel
t15,diagonal_lda,imagined_word,0.5,0.5,596,8,though,feel
t15,diagonal_lda,imagined_word,0.5,0.5,600,8,kite,feel
t15,diagonal_lda,imagined_word,0.5,0.5,602,8,kite,feel
t15,diagonal_lda,imagined_word,0.5,0.5,603,8,day,were
t15,diagonal_lda,imagined_word,0.5,0.5,606,8,ban,feel
t15,diagonal_lda,imagined_word,0.5,0.5,607,8,day,feel
t15,diagonal_lda,imagined_word,0.5,0.5,608,8,choice,feel
t15,diagonal_lda,imagined_word,0.5,0.5,609,8,were,feel
t15,diagonal_lda,imagined_word,0.5,0.5,610,8,feel,feel
t15,diagonal_lda,imagined_word,0.5,0.5,613,8,choice,feel
t15,diagonal_lda,imagined_word,0.5,0.5,616,8,though,though
t15,diagonal_lda,imagined_word,0.5,0.5,623,8,choice,feel
t15,diagonal_lda,imagined_word,0.5,0.5,626,8,day,were
t15,diagonal_lda,imagined_word,0.5,0.5,629,8,feel,feel
t15,diagonal_lda,imagined_word,0.5,0.5,630,8,though,though
t15,diagonal_lda,imagined_word,0.5,0.5,633,8,kite,feel
t15,diagonal_lda,imagined_word,0.5,0.5,634,8,ban,feel
t15,diagonal_lda,imagined_word,0.5,0.5,635,8,ban,ban
t15,diagonal_lda,imagined_word,0.5,0.5,636,8,day,were
t15,diagonal_lda,imagined_word,0.5,0.5,637,8,ban,ban
t15,diagonal_lda,attempted_word,0.5,0.5,494,8,day,day
t15,diagonal_lda,attempted_word,0.5,0.5,522,8,kite,were
t15,diagonal_lda,attempted_word,0.5,0.5,523,8,ban,ban
t15,diagonal_lda,attempted_word,0.5,0.5,524,8,feel,feel
t15,diagonal_lda,attempted_word,0.5,0.5,525,8,ban,ban
t15,diagonal_lda,attempted_word,0.5,0.5,530,8,choice,choice
t15,diagonal_lda,attempted_word,0.5,0.5,531,8,though,were
t15,diagonal_lda,attempted_word,0.5,0.5,532,8,day,ban
t15,diagonal_lda,attempted_word,0.5,0.5,535,8,choice,were
t15,diagonal_lda,attempted_word,0.5,0.5,537,8,ban,were
t15,diagonal_lda,attempted_word,0.5,0.5,539,8,were,were
t15,diagonal_lda,attempted_word,0.5,0.5,541,8,day,were
t15,diagonal_lda,attempted_word,0.5,0.5,545,8,were,were
t15,diagonal_lda,attempted_word,0.5,0.5,547,8,day,day
t15,diagonal_lda,attempted_word,0.5,0.5,557,8,were,were
t15,diagonal_lda,attempted_word,0.5,0.5,559,8,choice,choice
t15,diagonal_lda,attempted_word,0.5,0.5,565,8,feel,choice
t15,diagonal_lda,attempted_word,0.5,0.5,567,8,kite,kite
t15,diagonal_lda,attempted_word,0.5,0.5,569,8,feel,were
t15,diagonal_lda,attempted_word,0.5,0.5,573,8,ban,were
t15,diagonal_lda,attempted_word,0.5,0.5,579,8,were,were
t15,diagonal_lda,attempted_word,0.5,0.5,580,8,choice,choice
t15,diagonal_lda,attempted_word,0.5,0.5,581,8,kite,kite
t15,diagonal_lda,attempted_word,0.5,0.5,583,8,day,ban
t15,diagonal_lda,attempted_word,0.5,0.5,598,8,were,were
t15,diagonal_lda,attempted_word,0.5,0.5,611,8,though,though
t15,diagonal_lda,attempted_word,0.5,0.5,614,8,though,though
t15,diagonal_lda,attempted_word,0.5,0.5,617,8,though,were
t15,diagonal_lda,attempted_word,0.5,0.5,618,8,ban,day
t15,diagonal_lda,attempted_word,0.5,0.5,619,8,kite,were
t15,diagonal_lda,attempted_word,0.5,0.5,621,8,choice,were
t15,diagonal_lda,attempted_word,0.5,0.5,622,8,feel,feel
t15,diagonal_lda,attempted_word,0.5,0.5,625,8,though,though
t15,diagonal_lda,attempted_word,0.5,0.5,628,8,kite,kite
t15,diagonal_lda,attempted_word,0.5,0.5,631,8,feel,feel
t15,diagonal_lda,listening_word,0.5,0.5,496,8,kite,ban
t15,diagonal_lda,listening_word,0.5,0.5,502,8,were,choice
t15,diagonal_lda,listening_word,0.5,0.5,503,8,ban,ban
t15,diagonal_lda,listening_word,0.5,0.5,507,8,feel,were
t15,diagonal_lda,listening_word,0.5,0.5,509,8,though,feel
t15,diagonal_lda,listening_word,0.5,0.5,512,8,feel,feel
t15,diagonal_lda,listening_word,0.5,0.5,517,8,ban,feel
t15,diagonal_lda,listening_word,0.5,0.5,518,8,ban,were
t15,diagonal_lda,listening_word,0.5,0.5,521,8,kite,feel
t15,diagonal_lda,listening_word,0.5,0.5,533,8,choice,choice
t15,diagonal_lda,listening_word,0.5,0.5,534,8,were,were
t15,diagonal_lda,listening_word,0.5,0.5,538,8,day,ban
t15,diagonal_lda,listening_word,0.5,0.5,542,8,choice,choice
t15,diagonal_lda,listening_word,0.5,0.5,543,8,day,were
t15,diagonal_lda,listening_word,0.5,0.5,558,8,though,were
t15,diagonal_lda,listening_word,0.5,0.5,561,8,kite,kite
t15,diagonal_lda,listening_word,0.5,0.5,563,8,though,though
t15,diagonal_lda,listening_word,0.5,0.5,568,8,though,though
t15,diagonal_lda,listening_word,0.5,0.5,574,8,feel,were
t15,diagonal_lda,listening_word,0.5,0.5,576,8,feel,ban
t15,diagonal_lda,listening_word,0.5,0.5,578,8,feel,kite
t15,diagonal_lda,listening_word,0.5,0.5,582,8,day,were
t15,diagonal_lda,listening_word,0.5,0.5,589,8,choice,ban
t15,diagonal_lda,listening_word,0.5,0.5,591,8,kite,kite
t15,diagonal_lda,listening_word,0.5,0.5,597,8,ban,ban
t15,diagonal_lda,listening_word,0.5,0.5,599,8,day,feel
t15,diagonal_lda,listening_word,0.5,0.5,601,8,day,were
t15,diagonal_lda,listening_word,0.5,0.5,604,8,were,were
t15,diagonal_lda,listening_word,0.5,0.5,605,8,though,were
t15,diagonal_lda,listening_word,0.5,0.5,612,8,kite,kite
t15,diagonal_lda,listening_word,0.5,0.5,615,8,ban,were
t15,diagonal_lda,listening_word,0.5,0.5,620,8,choice,were
t15,diagonal_lda,listening_word,0.5,0.5,624,8,choice,feel
t15,diagonal_lda,listening_word,0.5,0.5,627,8,were,were
t15,diagonal_lda,listening_word,0.5,0.5,632,8,were,feel
t15,diagonal_lda,behavior,0.5,0.5,493,8,imagined,imagined
t15,diagonal_lda,behavior,0.5,0.5,494,8,attempted,attempted
t15,diagonal_lda,behavior,0.5,0.5,495,8,imagined,imagined
t15,diagonal_lda,behavior,0.5,0.5,496,8,listening,listening
t15,diagonal_lda,behavior,0.5,0.5,497,8,imagined,idle
t15,diagonal_lda,behavior,0.5,0.5,498,8,imagined,imagined
t15,diagonal_lda,behavior,0.5,0.5,499,8,imagined,listening
t15,diagonal_lda,behavior,0.5,0.5,500,8,imagined,imagined
t15,diagonal_lda,behavior,0.5,0.5,501,8,imagined,imagined
t15,diagonal_lda,behavior,0.5,0.5,502,8,listening,imagined
t15,diagonal_lda,behavior,0.5,0.5,503,8,listening,listening
t15,diagonal_lda,behavior,0.5,0.5,504,8,imagined,listening
t15,diagonal_lda,behavior,0.5,0.5,505,8,imagined,imagined
t15,diagonal_lda,behavior,0.5,0.5,506,8,idle,idle
t15,diagonal_lda,behavior,0.5,0.5,507,8,listening,listening
t15,diagonal_lda,behavior,0.5,0.5,508,8,imagined,listening
t15,diagonal_lda,behavior,0.5,0.5,509,8,listening,listening
t15,diagonal_lda,behavior,0.5,0.5,510,8,imagined,listening
t15,diagonal_lda,behavior,0.5,0.5,511,8,imagined,imagined
t15,diagonal_lda,behavior,0.5,0.5,512,8,listening,listening
t15,diagonal_lda,behavior,0.5,0.5,513,8,imagined,idle
t15,diagonal_lda,behavior,0.5,0.5,514,8,imagined,imagined
t15,diagonal_lda,behavior,0.5,0.5,515,8,imagined,idle
t15,diagonal_lda,behavior,0.5,0.5,516,8,imagined,idle
t15,diagonal_lda,behavior,0.5,0.5,517,8,listening,listening
t15,diagonal_lda,behavior,0.5,0.5,518,8,listening,listening
t15,diagonal_lda,behavior,0.5,0.5,519,8,imagined,listening
t15,diagonal_lda,behavior,0.5,0.5,520,8,imagined,listening
t15,diagonal_lda,behavior,0.5,0.5,521,8,listening,listening
t15,diagonal_lda,behavior,0.5,0.5,522,8,attempted,attempted
t15,diagonal_lda,behavior,0.5,0.5,523,8,attempted,attempted
t15,diagonal_lda,behavior,0.5,0.5,524,8,attempted,attempted
t15,diagonal_lda,behavior,0.5,0.5,525,8,attempted,idle
t15,diagonal_lda,behavior,0.5,0.5,526,8,imagined,idle
t15,diagonal_lda,behavior,0.5,0.5,527,8,imagined,idle
t15,diagonal_lda,behavior,0.5,0.5,528,8,imagined,idle
t15,diagonal_lda,behavior,0.5,0.5,529,8,imagined,imagined
t15,diagonal_lda,behavior,0.5,0.5,530,8,attempted,attempted
t15,diagonal_lda,behavior,0.5,0.5,531,8,attempted,listening
t15,diagonal_lda,behavior,0.5,0.5,532,8,attempted,attempted
t15,diagonal_lda,behavior,0.5,0.5,533,8,listening,listening
t15,diagonal_lda,behavior,0.5,0.5,534,8,listening,listening
t15,diagonal_lda,behavior,0.5,0.5,535,8,attempted,listening
t15,diagonal_lda,behavior,0.5,0.5,536,8,imagined,idle
t15,diagonal_lda,behavior,0.5,0.5,537,8,attempted,attempted
t15,diagonal_lda,behavior,0.5,0.5,538,8,listening,listening
t15,diagonal_lda,behavior,0.5,0.5,539,8,attempted,attempted
t15,diagonal_lda,behavior,0.5,0.5,540,8,imagined,imagined
t15,diagonal_lda,behavior,0.5,0.5,541,8,attempted,attempted
t15,diagonal_lda,behavior,0.5,0.5,542,8,listening,listening
t15,diagonal_lda,behavior,0.5,0.5,543,8,listening,listening
t15,diagonal_lda,behavior,0.5,0.5,544,8,imagined,imagined
t15,diagonal_lda,behavior,0.5,0.5,545,8,attempted,idle
t15,diagonal_lda,behavior,0.5,0.5,546,8,imagined,idle
t15,diagonal_lda,behavior,0.5,0.5,547,8,attempted,attempted
t15,diagonal_lda,behavior,0.5,0.5,548,8,imagined,imagined
t15,diagonal_lda,behavior,0.5,0.5,549,8,imagined,idle
t15,diagonal_lda,behavior,0.5,0.5,550,8,imagined,idle
t15,diagonal_lda,behavior,0.5,0.5,551,8,imagined,idle
t15,diagonal_lda,behavior,0.5,0.5,552,8,imagined,idle
t15,diagonal_lda,behavior,0.5,0.5,553,8,imagined,listening
t15,diagonal_lda,behavior,0.5,0.5,554,8,imagined,idle
t15,diagonal_lda,behavior,0.5,0.5,555,8,idle,listening
t15,diagonal_lda,behavior,0.5,0.5,556,8,imagined,idle
t15,diagonal_lda,behavior,0.5,0.5,557,8,attempted,attempted
t15,diagonal_lda,behavior,0.5,0.5,558,8,listening,listening
t15,diagonal_lda,behavior,0.5,0.5,559,8,attempted,attempted
t15,diagonal_lda,behavior,0.5,0.5,560,8,idle,idle
t15,diagonal_lda,behavior,0.5,0.5,561,8,listening,listening
t15,diagonal_lda,behavior,0.5,0.5,562,8,imagined,idle
t15,diagonal_lda,behavior,0.5,0.5,563,8,listening,listening
t15,diagonal_lda,behavior,0.5,0.5,564,8,imagined,listening
t15,diagonal_lda,behavior,0.5,0.5,565,8,attempted,listening
t15,diagonal_lda,behavior,0.5,0.5,566,8,idle,idle
t15,diagonal_lda,behavior,0.5,0.5,567,8,attempted,attempted
t15,diagonal_lda,behavior,0.5,0.5,568,8,listening,listening
t15,diagonal_lda,behavior,0.5,0.5,569,8,attempted,listening
t15,diagonal_lda,behavior,0.5,0.5,570,8,imagined,idle
t15,diagonal_lda,behavior,0.5,0.5,571,8,imagined,idle
t15,diagonal_lda,behavior,0.5,0.5,572,8,imagined,idle
t15,diagonal_lda,behavior,0.5,0.5,573,8,attempted,attempted
t15,diagonal_lda,behavior,0.5,0.5,574,8,listening,listening
t15,diagonal_lda,behavior,0.5,0.5,575,8,imagined,listening
t15,diagonal_lda,behavior,0.5,0.5,576,8,listening,listening
t15,diagonal_lda,behavior,0.5,0.5,577,8,imagined,imagined
t15,diagonal_lda,behavior,0.5,0.5,578,8,listening,listening
t15,diagonal_lda,behavior,0.5,0.5,579,8,attempted,attempted
t15,diagonal_lda,behavior,0.5,0.5,580,8,attempted,attempted
t15,diagonal_lda,behavior,0.5,0.5,581,8,attempted,attempted
t15,diagonal_lda,behavior,0.5,0.5,582,8,listening,listening
t15,diagonal_lda,behavior,0.5,0.5,583,8,attempted,attempted
t15,diagonal_lda,behavior,0.5,0.5,584,8,imagined,idle
t15,diagonal_lda,behavior,0.5,0.5,585,8,imagined,imagined
t15,diagonal_lda,behavior,0.5,0.5,586,8,imagined,idle
t15,diagonal_lda,behavior,0.5,0.5,587,8,imagined,idle
t15,diagonal_lda,behavior,0.5,0.5,588,8,imagined,idle
t15,diagonal_lda,behavior,0.5,0.5,589,8,listening,listening
t15,diagonal_lda,behavior,0.5,0.5,590,8,idle,idle
t15,diagonal_lda,behavior,0.5,0.5,591,8,listening,idle
t15,diagonal_lda,behavior,0.5,0.5,592,8,imagined,imagined
t15,diagonal_lda,behavior,0.5,0.5,593,8,imagined,idle
t15,diagonal_lda,behavior,0.5,0.5,594,8,imagined,idle
t15,diagonal_lda,behavior,0.5,0.5,595,8,imagined,listening
t15,diagonal_lda,behavior,0.5,0.5,596,8,imagined,listening
t15,diagonal_lda,behavior,0.5,0.5,597,8,listening,listening
t15,diagonal_lda,behavior,0.5,0.5,598,8,attempted,attempted
t15,diagonal_lda,behavior,0.5,0.5,599,8,listening,listening
t15,diagonal_lda,behavior,0.5,0.5,600,8,imagined,listening
t15,diagonal_lda,behavior,0.5,0.5,601,8,listening,listening
t15,diagonal_lda,behavior,0.5,0.5,602,8,imagined,idle
t15,diagonal_lda,behavior,0.5,0.5,603,8,imagined,idle
t15,diagonal_lda,behavior,0.5,0.5,604,8,listening,listening
t15,diagonal_lda,behavior,0.5,0.5,605,8,listening,listening
t15,diagonal_lda,behavior,0.5,0.5,606,8,imagined,imagined
t15,diagonal_lda,behavior,0.5,0.5,607,8,imagined,idle
t15,diagonal_lda,behavior,0.5,0.5,608,8,imagined,idle
t15,diagonal_lda,behavior,0.5,0.5,609,8,imagined,idle
t15,diagonal_lda,behavior,0.5,0.5,610,8,imagined,idle
t15,diagonal_lda,behavior,0.5,0.5,611,8,attempted,attempted
t15,diagonal_lda,behavior,0.5,0.5,612,8,listening,listening
t15,diagonal_lda,behavior,0.5,0.5,613,8,imagined,idle
t15,diagonal_lda,behavior,0.5,0.5,614,8,attempted,attempted
t15,diagonal_lda,behavior,0.5,0.5,615,8,listening,listening
t15,diagonal_lda,behavior,0.5,0.5,616,8,imagined,idle
t15,diagonal_lda,behavior,0.5,0.5,617,8,attempted,listening
t15,diagonal_lda,behavior,0.5,0.5,618,8,attempted,attempted
t15,diagonal_lda,behavior,0.5,0.5,619,8,attempted,attempted
t15,diagonal_lda,behavior,0.5,0.5,620,8,listening,listening
t15,diagonal_lda,behavior,0.5,0.5,621,8,attempted,attempted
t15,diagonal_lda,behavior,0.5,0.5,622,8,attempted,attempted
t15,diagonal_lda,behavior,0.5,0.5,623,8,imagined,listening
t15,diagonal_lda,behavior,0.5,0.5,624,8,listening,listening
t15,diagonal_lda,behavior,0.5,0.5,625,8,attempted,attempted
t15,diagonal_lda,behavior,0.5,0.5,626,8,imagined,listening
t15,diagonal_lda,behavior,0.5,0.5,627,8,listening,listening
t15,diagonal_lda,behavior,0.5,0.5,628,8,attempted,idle
t15,diagonal_lda,behavior,0.5,0.5,629,8,imagined,listening
t15,diagonal_lda,behavior,0.5,0.5,630,8,imagined,idle
t15,diagonal_lda,behavior,0.5,0.5,631,8,attempted,attempted
t15,diagonal_lda,behavior,0.5,0.5,632,8,listening,listening
t15,diagonal_lda,behavior,0.5,0.5,633,8,imagined,listening
t15,diagonal_lda,behavior,0.5,0.5,634,8,imagined,listening
t15,diagonal_lda,behavior,0.5,0.5,635,8,imagined,listening
t15,diagonal_lda,behavior,0.5,0.5,636,8,imagined,listening
t15,diagonal_lda,behavior,0.5,0.5,637,8,imagined,listening
t15,shrinkage_lda,imagined_word,1.0,1.0,493,8,though,feel
t15,shrinkage_lda,imagined_word,1.0,1.0,495,8,day,feel
t15,shrinkage_lda,imagined_word,1.0,1.0,497,8,kite,feel
t15,shrinkage_lda,imagined_word,1.0,1.0,498,8,were,kite
t15,shrinkage_lda,imagined_word,1.0,1.0,499,8,feel,feel
t15,shrinkage_lda,imagined_word,1.0,1.0,500,8,choice,choice
t15,shrinkage_lda,imagined_word,1.0,1.0,501,8,though,though
t15,shrinkage_lda,imagined_word,1.0,1.0,504,8,day,feel
t15,shrinkage_lda,imagined_word,1.0,1.0,505,8,ban,feel
t15,shrinkage_lda,imagined_word,1.0,1.0,508,8,though,were
t15,shrinkage_lda,imagined_word,1.0,1.0,510,8,kite,feel
t15,shrinkage_lda,imagined_word,1.0,1.0,511,8,were,feel
t15,shrinkage_lda,imagined_word,1.0,1.0,513,8,feel,day
t15,shrinkage_lda,imagined_word,1.0,1.0,514,8,day,feel
t15,shrinkage_lda,imagined_word,1.0,1.0,515,8,choice,choice
t15,shrinkage_lda,imagined_word,1.0,1.0,516,8,kite,feel
t15,shrinkage_lda,imagined_word,1.0,1.0,519,8,ban,day
t15,shrinkage_lda,imagined_word,1.0,1.0,520,8,kite,were
t15,shrinkage_lda,imagined_word,1.0,1.0,526,8,feel,feel
t15,shrinkage_lda,imagined_word,1.0,1.0,527,8,feel,feel
t15,shrinkage_lda,imagined_word,1.0,1.0,528,8,feel,feel
t15,shrinkage_lda,imagined_word,1.0,1.0,529,8,choice,choice
t15,shrinkage_lda,imagined_word,1.0,1.0,536,8,ban,kite
t15,shrinkage_lda,imagined_word,1.0,1.0,540,8,feel,feel
t15,shrinkage_lda,imagined_word,1.0,1.0,544,8,feel,day
t15,shrinkage_lda,imagined_word,1.0,1.0,546,8,day,feel
t15,shrinkage_lda,imagined_word,1.0,1.0,548,8,choice,were
t15,shrinkage_lda,imagined_word,1.0,1.0,549,8,though,feel
t15,shrinkage_lda,imagined_word,1.0,1.0,550,8,kite,were
t15,shrinkage_lda,imagined_word,1.0,1.0,551,8,were,were
t15,shrinkage_lda,imagined_word,1.0,1.0,552,8,choice,choice
t15,shrinkage_lda,imagined_word,1.0,1.0,553,8,ban,feel
t15,shrinkage_lda,imagined_word,1.0,1.0,554,8,day,feel
t15,shrinkage_lda,imagined_word,1.0,1.0,556,8,were,choice
t15,shrinkage_lda,imagined_word,1.0,1.0,562,8,were,feel
t15,shrinkage_lda,imagined_word,1.0,1.0,564,8,were,feel
t15,shrinkage_lda,imagined_word,1.0,1.0,570,8,were,were
t15,shrinkage_lda,imagined_word,1.0,1.0,571,8,kite,feel
t15,shrinkage_lda,imagined_word,1.0,1.0,572,8,day,kite
t15,shrinkage_lda,imagined_word,1.0,1.0,575,8,were,feel
t15,shrinkage_lda,imagined_word,1.0,1.0,577,8,choice,feel
t15,shrinkage_lda,imagined_word,1.0,1.0,584,8,choice,feel
t15,shrinkage_lda,imagined_word,1.0,1.0,585,8,though,though
t15,shrinkage_lda,imagined_word,1.0,1.0,586,8,kite,choice
t15,shrinkage_lda,imagined_word,1.0,1.0,587,8,ban,feel
t15,shrinkage_lda,imagined_word,1.0,1.0,588,8,ban,feel
t15,shrinkage_lda,imagined_word,1.0,1.0,592,8,were,were
t15,shrinkage_lda,imagined_word,1.0,1.0,593,8,though,though
t15,shrinkage_lda,imagined_word,1.0,1.0,594,8,though,though
t15,shrinkage_lda,imagined_word,1.0,1.0,595,8,feel,feel
t15,shrinkage_lda,imagined_word,1.0,1.0,596,8,though,kite
t15,shrinkage_lda,imagined_word,1.0,1.0,600,8,kite,feel
t15,shrinkage_lda,imagined_word,1.0,1.0,602,8,kite,ban
t15,shrinkage_lda,imagined_word,1.0,1.0,603,8,day,feel
t15,shrinkage_lda,imagined_word,1.0,1.0,606,8,ban,feel
t15,shrinkage_lda,imagined_word,1.0,1.0,607,8,day,feel
t15,shrinkage_lda,imagined_word,1.0,1.0,608,8,choice,choice
t15,shrinkage_lda,imagined_word,1.0,1.0,609,8,were,choice
t15,shrinkage_lda,imagined_word,1.0,1.0,610,8,feel,feel
t15,shrinkage_lda,imagined_word,1.0,1.0,613,8,choice,feel
t15,shrinkage_lda,imagined_word,1.0,1.0,616,8,though,though
t15,shrinkage_lda,imagined_word,1.0,1.0,623,8,choice,feel
t15,shrinkage_lda,imagined_word,1.0,1.0,626,8,day,were
t15,shrinkage_lda,imagined_word,1.0,1.0,629,8,feel,though
t15,shrinkage_lda,imagined_word,1.0,1.0,630,8,though,though
t15,shrinkage_lda,imagined_word,1.0,1.0,633,8,kite,feel
t15,shrinkage_lda,imagined_word,1.0,1.0,634,8,ban,feel
t15,shrinkage_lda,imagined_word,1.0,1.0,635,8,ban,day
t15,shrinkage_lda,imagined_word,1.0,1.0,636,8,day,feel
t15,shrinkage_lda,imagined_word,1.0,1.0,637,8,ban,feel
t15,shrinkage_lda,attempted_word,1.0,1.0,494,8,day,day
t15,shrinkage_lda,attempted_word,1.0,1.0,522,8,kite,kite
t15,shrinkage_lda,attempted_word,1.0,1.0,523,8,ban,ban
t15,shrinkage_lda,attempted_word,1.0,1.0,524,8,feel,feel
t15,shrinkage_lda,attempted_word,1.0,1.0,525,8,ban,ban
t15,shrinkage_lda,attempted_word,1.0,1.0,530,8,choice,choice
t15,shrinkage_lda,attempted_word,1.0,1.0,531,8,though,were
t15,shrinkage_lda,attempted_word,1.0,1.0,532,8,day,day
t15,shrinkage_lda,attempted_word,1.0,1.0,535,8,choice,were
t15,shrinkage_lda,attempted_word,1.0,1.0,537,8,ban,ban
t15,shrinkage_lda,attempted_word,1.0,1.0,539,8,were,were
t15,shrinkage_lda,attempted_word,1.0,1.0,541,8,day,day
t15,shrinkage_lda,attempted_word,1.0,1.0,545,8,were,day
t15,shrinkage_lda,attempted_word,1.0,1.0,547,8,day,day
t15,shrinkage_lda,attempted_word,1.0,1.0,557,8,were,were
t15,shrinkage_lda,attempted_word,1.0,1.0,559,8,choice,choice
t15,shrinkage_lda,attempted_word,1.0,1.0,565,8,feel,were
t15,shrinkage_lda,attempted_word,1.0,1.0,567,8,kite,kite
t15,shrinkage_lda,attempted_word,1.0,1.0,569,8,feel,were
t15,shrinkage_lda,attempted_word,1.0,1.0,573,8,ban,ban
t15,shrinkage_lda,attempted_word,1.0,1.0,579,8,were,were
t15,shrinkage_lda,attempted_word,1.0,1.0,580,8,choice,choice
t15,shrinkage_lda,attempted_word,1.0,1.0,581,8,kite,kite
t15,shrinkage_lda,attempted_word,1.0,1.0,583,8,day,day
t15,shrinkage_lda,attempted_word,1.0,1.0,598,8,were,were
t15,shrinkage_lda,attempted_word,1.0,1.0,611,8,though,though
t15,shrinkage_lda,attempted_word,1.0,1.0,614,8,though,though
t15,shrinkage_lda,attempted_word,1.0,1.0,617,8,though,were
t15,shrinkage_lda,attempted_word,1.0,1.0,618,8,ban,ban
t15,shrinkage_lda,attempted_word,1.0,1.0,619,8,kite,kite
t15,shrinkage_lda,attempted_word,1.0,1.0,621,8,choice,choice
t15,shrinkage_lda,attempted_word,1.0,1.0,622,8,feel,feel
t15,shrinkage_lda,attempted_word,1.0,1.0,625,8,though,though
t15,shrinkage_lda,attempted_word,1.0,1.0,628,8,kite,day
t15,shrinkage_lda,attempted_word,1.0,1.0,631,8,feel,feel
t15,shrinkage_lda,listening_word,1.0,1.0,496,8,kite,kite
t15,shrinkage_lda,listening_word,1.0,1.0,502,8,were,choice
t15,shrinkage_lda,listening_word,1.0,1.0,503,8,ban,ban
t15,shrinkage_lda,listening_word,1.0,1.0,507,8,feel,were
t15,shrinkage_lda,listening_word,1.0,1.0,509,8,though,though
t15,shrinkage_lda,listening_word,1.0,1.0,512,8,feel,feel
t15,shrinkage_lda,listening_word,1.0,1.0,517,8,ban,feel
t15,shrinkage_lda,listening_word,1.0,1.0,518,8,ban,were
t15,shrinkage_lda,listening_word,1.0,1.0,521,8,kite,kite
t15,shrinkage_lda,listening_word,1.0,1.0,533,8,choice,choice
t15,shrinkage_lda,listening_word,1.0,1.0,534,8,were,were
t15,shrinkage_lda,listening_word,1.0,1.0,538,8,day,were
t15,shrinkage_lda,listening_word,1.0,1.0,542,8,choice,choice
t15,shrinkage_lda,listening_word,1.0,1.0,543,8,day,were
t15,shrinkage_lda,listening_word,1.0,1.0,558,8,though,though
t15,shrinkage_lda,listening_word,1.0,1.0,561,8,kite,kite
t15,shrinkage_lda,listening_word,1.0,1.0,563,8,though,though
t15,shrinkage_lda,listening_word,1.0,1.0,568,8,though,though
t15,shrinkage_lda,listening_word,1.0,1.0,574,8,feel,were
t15,shrinkage_lda,listening_word,1.0,1.0,576,8,feel,were
t15,shrinkage_lda,listening_word,1.0,1.0,578,8,feel,feel
t15,shrinkage_lda,listening_word,1.0,1.0,582,8,day,were
t15,shrinkage_lda,listening_word,1.0,1.0,589,8,choice,choice
t15,shrinkage_lda,listening_word,1.0,1.0,591,8,kite,kite
t15,shrinkage_lda,listening_word,1.0,1.0,597,8,ban,ban
t15,shrinkage_lda,listening_word,1.0,1.0,599,8,day,were
t15,shrinkage_lda,listening_word,1.0,1.0,601,8,day,were
t15,shrinkage_lda,listening_word,1.0,1.0,604,8,were,were
t15,shrinkage_lda,listening_word,1.0,1.0,605,8,though,though
t15,shrinkage_lda,listening_word,1.0,1.0,612,8,kite,kite
t15,shrinkage_lda,listening_word,1.0,1.0,615,8,ban,were
t15,shrinkage_lda,listening_word,1.0,1.0,620,8,choice,choice
t15,shrinkage_lda,listening_word,1.0,1.0,624,8,choice,choice
t15,shrinkage_lda,listening_word,1.0,1.0,627,8,were,were
t15,shrinkage_lda,listening_word,1.0,1.0,632,8,were,were
t15,shrinkage_lda,behavior,1.0,1.0,493,8,imagined,imagined
t15,shrinkage_lda,behavior,1.0,1.0,494,8,attempted,attempted
t15,shrinkage_lda,behavior,1.0,1.0,495,8,imagined,imagined
t15,shrinkage_lda,behavior,1.0,1.0,496,8,listening,listening
t15,shrinkage_lda,behavior,1.0,1.0,497,8,imagined,imagined
t15,shrinkage_lda,behavior,1.0,1.0,498,8,imagined,imagined
t15,shrinkage_lda,behavior,1.0,1.0,499,8,imagined,imagined
t15,shrinkage_lda,behavior,1.0,1.0,500,8,imagined,imagined
t15,shrinkage_lda,behavior,1.0,1.0,501,8,imagined,imagined
t15,shrinkage_lda,behavior,1.0,1.0,502,8,listening,imagined
t15,shrinkage_lda,behavior,1.0,1.0,503,8,listening,listening
t15,shrinkage_lda,behavior,1.0,1.0,504,8,imagined,imagined
t15,shrinkage_lda,behavior,1.0,1.0,505,8,imagined,imagined
t15,shrinkage_lda,behavior,1.0,1.0,506,8,idle,idle
t15,shrinkage_lda,behavior,1.0,1.0,507,8,listening,listening
t15,shrinkage_lda,behavior,1.0,1.0,508,8,imagined,listening
t15,shrinkage_lda,behavior,1.0,1.0,509,8,listening,listening
t15,shrinkage_lda,behavior,1.0,1.0,510,8,imagined,imagined
t15,shrinkage_lda,behavior,1.0,1.0,511,8,imagined,imagined
t15,shrinkage_lda,behavior,1.0,1.0,512,8,listening,listening
t15,shrinkage_lda,behavior,1.0,1.0,513,8,imagined,listening
t15,shrinkage_lda,behavior,1.0,1.0,514,8,imagined,imagined
t15,shrinkage_lda,behavior,1.0,1.0,515,8,imagined,imagined
t15,shrinkage_lda,behavior,1.0,1.0,516,8,imagined,imagined
t15,shrinkage_lda,behavior,1.0,1.0,517,8,listening,listening
t15,shrinkage_lda,behavior,1.0,1.0,518,8,listening,listening
t15,shrinkage_lda,behavior,1.0,1.0,519,8,imagined,imagined
t15,shrinkage_lda,behavior,1.0,1.0,520,8,imagined,imagined
t15,shrinkage_lda,behavior,1.0,1.0,521,8,listening,listening
t15,shrinkage_lda,behavior,1.0,1.0,522,8,attempted,attempted
t15,shrinkage_lda,behavior,1.0,1.0,523,8,attempted,attempted
t15,shrinkage_lda,behavior,1.0,1.0,524,8,attempted,attempted
t15,shrinkage_lda,behavior,1.0,1.0,525,8,attempted,attempted
t15,shrinkage_lda,behavior,1.0,1.0,526,8,imagined,imagined
t15,shrinkage_lda,behavior,1.0,1.0,527,8,imagined,imagined
t15,shrinkage_lda,behavior,1.0,1.0,528,8,imagined,imagined
t15,shrinkage_lda,behavior,1.0,1.0,529,8,imagined,imagined
t15,shrinkage_lda,behavior,1.0,1.0,530,8,attempted,attempted
t15,shrinkage_lda,behavior,1.0,1.0,531,8,attempted,idle
t15,shrinkage_lda,behavior,1.0,1.0,532,8,attempted,attempted
t15,shrinkage_lda,behavior,1.0,1.0,533,8,listening,listening
t15,shrinkage_lda,behavior,1.0,1.0,534,8,listening,listening
t15,shrinkage_lda,behavior,1.0,1.0,535,8,attempted,idle
t15,shrinkage_lda,behavior,1.0,1.0,536,8,imagined,imagined
t15,shrinkage_lda,behavior,1.0,1.0,537,8,attempted,attempted
t15,shrinkage_lda,behavior,1.0,1.0,538,8,listening,listening
t15,shrinkage_lda,behavior,1.0,1.0,539,8,attempted,attempted
t15,shrinkage_lda,behavior,1.0,1.0,540,8,imagined,imagined
t15,shrinkage_lda,behavior,1.0,1.0,541,8,attempted,attempted
t15,shrinkage_lda,behavior,1.0,1.0,542,8,listening,listening
t15,shrinkage_lda,behavior,1.0,1.0,543,8,listening,listening
t15,shrinkage_lda,behavior,1.0,1.0,544,8,imagined,imagined
t15,shrinkage_lda,behavior,1.0,1.0,545,8,attempted,idle
t15,shrinkage_lda,behavior,1.0,1.0,546,8,imagined,idle
t15,shrinkage_lda,behavior,1.0,1.0,547,8,attempted,attempted
t15,shrinkage_lda,behavior,1.0,1.0,548,8,imagined,imagined
t15,shrinkage_lda,behavior,1.0,1.0,549,8,imagined,imagined
t15,shrinkage_lda,behavior,1.0,1.0,550,8,imagined,idle
t15,shrinkage_lda,behavior,1.0,1.0,551,8,imagined,imagined
t15,shrinkage_lda,behavior,1.0,1.0,552,8,imagined,listening
t15,shrinkage_lda,behavior,1.0,1.0,553,8,imagined,listening
t15,shrinkage_lda,behavior,1.0,1.0,554,8,imagined,imagined
t15,shrinkage_lda,behavior,1.0,1.0,555,8,idle,idle
t15,shrinkage_lda,behavior,1.0,1.0,556,8,imagined,listening
t15,shrinkage_lda,behavior,1.0,1.0,557,8,attempted,attempted
t15,shrinkage_lda,behavior,1.0,1.0,558,8,listening,listening
t15,shrinkage_lda,behavior,1.0,1.0,559,8,attempted,attempted
t15,shrinkage_lda,behavior,1.0,1.0,560,8,idle,idle
t15,shrinkage_lda,behavior,1.0,1.0,561,8,listening,listening
t15,shrinkage_lda,behavior,1.0,1.0,562,8,imagined,imagined
t15,shrinkage_lda,behavior,1.0,1.0,563,8,listening,listening
t15,shrinkage_lda,behavior,1.0,1.0,564,8,imagined,listening
t15,shrinkage_lda,behavior,1.0,1.0,565,8,attempted,listening
t15,shrinkage_lda,behavior,1.0,1.0,566,8,idle,idle
t15,shrinkage_lda,behavior,1.0,1.0,567,8,attempted,attempted
t15,shrinkage_lda,behavior,1.0,1.0,568,8,listening,listening
t15,shrinkage_lda,behavior,1.0,1.0,569,8,attempted,imagined
t15,shrinkage_lda,behavior,1.0,1.0,570,8,imagined,imagined
t15,shrinkage_lda,behavior,1.0,1.0,571,8,imagined,imagined
t15,shrinkage_lda,behavior,1.0,1.0,572,8,imagined,listening
t15,shrinkage_lda,behavior,1.0,1.0,573,8,attempted,attempted
t15,shrinkage_lda,behavior,1.0,1.0,574,8,listening,listening
t15,shrinkage_lda,behavior,1.0,1.0,575,8,imagined,listening
t15,shrinkage_lda,behavior,1.0,1.0,576,8,listening,listening
t15,shrinkage_lda,behavior,1.0,1.0,577,8,imagined,imagined
t15,shrinkage_lda,behavior,1.0,1.0,578,8,listening,listening
t15,shrinkage_lda,behavior,1.0,1.0,579,8,attempted,attempted
t15,shrinkage_lda,behavior,1.0,1.0,580,8,attempted,attempted
t15,shrinkage_lda,behavior,1.0,1.0,581,8,attempted,attempted
t15,shrinkage_lda,behavior,1.0,1.0,582,8,listening,listening
t15,shrinkage_lda,behavior,1.0,1.0,583,8,attempted,attempted
t15,shrinkage_lda,behavior,1.0,1.0,584,8,imagined,imagined
t15,shrinkage_lda,behavior,1.0,1.0,585,8,imagined,imagined
t15,shrinkage_lda,behavior,1.0,1.0,586,8,imagined,idle
t15,shrinkage_lda,behavior,1.0,1.0,587,8,imagined,listening
t15,shrinkage_lda,behavior,1.0,1.0,588,8,imagined,imagined
t15,shrinkage_lda,behavior,1.0,1.0,589,8,listening,listening
t15,shrinkage_lda,behavior,1.0,1.0,590,8,idle,listening
t15,shrinkage_lda,behavior,1.0,1.0,591,8,listening,listening
t15,shrinkage_lda,behavior,1.0,1.0,592,8,imagined,imagined
t15,shrinkage_lda,behavior,1.0,1.0,593,8,imagined,imagined
t15,shrinkage_lda,behavior,1.0,1.0,594,8,imagined,idle
t15,shrinkage_lda,behavior,1.0,1.0,595,8,imagined,listening
t15,shrinkage_lda,behavior,1.0,1.0,596,8,imagined,imagined
t15,shrinkage_lda,behavior,1.0,1.0,597,8,listening,listening
t15,shrinkage_lda,behavior,1.0,1.0,598,8,attempted,attempted
t15,shrinkage_lda,behavior,1.0,1.0,599,8,listening,listening
t15,shrinkage_lda,behavior,1.0,1.0,600,8,imagined,idle
t15,shrinkage_lda,behavior,1.0,1.0,601,8,listening,listening
t15,shrinkage_lda,behavior,1.0,1.0,602,8,imagined,listening
t15,shrinkage_lda,behavior,1.0,1.0,603,8,imagined,idle
t15,shrinkage_lda,behavior,1.0,1.0,604,8,listening,listening
t15,shrinkage_lda,behavior,1.0,1.0,605,8,listening,listening
t15,shrinkage_lda,behavior,1.0,1.0,606,8,imagined,imagined
t15,shrinkage_lda,behavior,1.0,1.0,607,8,imagined,imagined
t15,shrinkage_lda,behavior,1.0,1.0,608,8,imagined,idle
t15,shrinkage_lda,behavior,1.0,1.0,609,8,imagined,imagined
t15,shrinkage_lda,behavior,1.0,1.0,610,8,imagined,imagined
t15,shrinkage_lda,behavior,1.0,1.0,611,8,attempted,attempted
t15,shrinkage_lda,behavior,1.0,1.0,612,8,listening,listening
t15,shrinkage_lda,behavior,1.0,1.0,613,8,imagined,imagined
t15,shrinkage_lda,behavior,1.0,1.0,614,8,attempted,attempted
t15,shrinkage_lda,behavior,1.0,1.0,615,8,listening,listening
t15,shrinkage_lda,behavior,1.0,1.0,616,8,imagined,imagined
t15,shrinkage_lda,behavior,1.0,1.0,617,8,attempted,listening
t15,shrinkage_lda,behavior,1.0,1.0,618,8,attempted,attempted
t15,shrinkage_lda,behavior,1.0,1.0,619,8,attempted,attempted
t15,shrinkage_lda,behavior,1.0,1.0,620,8,listening,listening
t15,shrinkage_lda,behavior,1.0,1.0,621,8,attempted,attempted
t15,shrinkage_lda,behavior,1.0,1.0,622,8,attempted,attempted
t15,shrinkage_lda,behavior,1.0,1.0,623,8,imagined,listening
t15,shrinkage_lda,behavior,1.0,1.0,624,8,listening,listening
t15,shrinkage_lda,behavior,1.0,1.0,625,8,attempted,attempted
t15,shrinkage_lda,behavior,1.0,1.0,626,8,imagined,listening
t15,shrinkage_lda,behavior,1.0,1.0,627,8,listening,listening
t15,shrinkage_lda,behavior,1.0,1.0,628,8,attempted,imagined
t15,shrinkage_lda,behavior,1.0,1.0,629,8,imagined,listening
t15,shrinkage_lda,behavior,1.0,1.0,630,8,imagined,imagined
t15,shrinkage_lda,behavior,1.0,1.0,631,8,attempted,attempted
t15,shrinkage_lda,behavior,1.0,1.0,632,8,listening,listening
t15,shrinkage_lda,behavior,1.0,1.0,633,8,imagined,listening
t15,shrinkage_lda,behavior,1.0,1.0,634,8,imagined,listening
t15,shrinkage_lda,behavior,1.0,1.0,635,8,imagined,imagined
t15,shrinkage_lda,behavior,1.0,1.0,636,8,imagined,listening
t15,shrinkage_lda,behavior,1.0,1.0,637,8,imagined,imagined
t15,diagonal_lda,imagined_word,1.0,1.0,493,8,though,were
t15,diagonal_lda,imagined_word,1.0,1.0,495,8,day,choice
t15,diagonal_lda,imagined_word,1.0,1.0,497,8,kite,feel
t15,diagonal_lda,imagined_word,1.0,1.0,498,8,were,kite
t15,diagonal_lda,imagined_word,1.0,1.0,499,8,feel,ban
t15,diagonal_lda,imagined_word,1.0,1.0,500,8,choice,ban
t15,diagonal_lda,imagined_word,1.0,1.0,501,8,though,feel
t15,diagonal_lda,imagined_word,1.0,1.0,504,8,day,were
t15,diagonal_lda,imagined_word,1.0,1.0,505,8,ban,feel
t15,diagonal_lda,imagined_word,1.0,1.0,508,8,though,ban
t15,diagonal_lda,imagined_word,1.0,1.0,510,8,kite,ban
t15,diagonal_lda,imagined_word,1.0,1.0,511,8,were,ban
t15,diagonal_lda,imagined_word,1.0,1.0,513,8,feel,ban
t15,diagonal_lda,imagined_word,1.0,1.0,514,8,day,choice
t15,diagonal_lda,imagined_word,1.0,1.0,515,8,choice,ban
t15,diagonal_lda,imagined_word,1.0,1.0,516,8,kite,were
t15,diagonal_lda,imagined_word,1.0,1.0,519,8,ban,ban
t15,diagonal_lda,imagined_word,1.0,1.0,520,8,kite,were
t15,diagonal_lda,imagined_word,1.0,1.0,526,8,feel,were
t15,diagonal_lda,imagined_word,1.0,1.0,527,8,feel,feel
t15,diagonal_lda,imagined_word,1.0,1.0,528,8,feel,feel
t15,diagonal_lda,imagined_word,1.0,1.0,529,8,choice,choice
t15,diagonal_lda,imagined_word,1.0,1.0,536,8,ban,feel
t15,diagonal_lda,imagined_word,1.0,1.0,540,8,feel,feel
t15,diagonal_lda,imagined_word,1.0,1.0,544,8,feel,ban
t15,diagonal_lda,imagined_word,1.0,1.0,546,8,day,were
t15,diagonal_lda,imagined_word,1.0,1.0,548,8,choice,were
t15,diagonal_lda,imagined_word,1.0,1.0,549,8,though,were
t15,diagonal_lda,imagined_word,1.0,1.0,550,8,kite,were
t15,diagonal_lda,imagined_word,1.0,1.0,551,8,were,were
t15,diagonal_lda,imagined_word,1.0,1.0,552,8,choice,ban
t15,diagonal_lda,imagined_word,1.0,1.0,553,8,ban,ban
t15,diagonal_lda,imagined_word,1.0,1.0,554,8,day,were
t15,diagonal_lda,imagined_word,1.0,1.0,556,8,were,feel
t15,diagonal_lda,imagined_word,1.0,1.0,562,8,were,feel
t15,diagonal_lda,imagined_word,1.0,1.0,564,8,were,ban
t15,diagonal_lda,imagined_word,1.0,1.0,570,8,were,were
t15,diagonal_lda,imagined_word,1.0,1.0,571,8,kite,feel
t15,diagonal_lda,imagined_word,1.0,1.0,572,8,day,ban
t15,diagonal_lda,imagined_word,1.0,1.0,575,8,were,were
t15,diagonal_lda,imagined_word,1.0,1.0,577,8,choice,feel
t15,diagonal_lda,imagined_word,1.0,1.0,584,8,choice,feel
t15,diagonal_lda,imagined_word,1.0,1.0,585,8,though,though
t15,diagonal_lda,imagined_word,1.0,1.0,586,8,kite,ban
t15,diagonal_lda,imagined_word,1.0,1.0,587,8,ban,feel
t15,diagonal_lda,imagined_word,1.0,1.0,588,8,ban,feel
t15,diagonal_lda,imagined_word,1.0,1.0,592,8,were,were
t15,diagonal_lda,imagined_word,1.0,1.0,593,8,though,ban
t15,diagonal_lda,imagined_word,1.0,1.0,594,8,though,feel
t15,diagonal_lda,imagined_word,1.0,1.0,595,8,feel,were
t15,diagonal_lda,imagined_word,1.0,1.0,596,8,though,feel
t15,diagonal_lda,imagined_word,1.0,1.0,600,8,kite,were
t15,diagonal_lda,imagined_word,1.0,1.0,602,8,kite,were
t15,diagonal_lda,imagined_word,1.0,1.0,603,8,day,were
t15,diagonal_lda,imagined_word,1.0,1.0,606,8,ban,were
t15,diagonal_lda,imagined_word,1.0,1.0,607,8,day,feel
t15,diagonal_lda,imagined_word,1.0,1.0,608,8,choice,feel
t15,diagonal_lda,imagined_word,1.0,1.0,609,8,were,ban
t15,diagonal_lda,imagined_word,1.0,1.0,610,8,feel,feel
t15,diagonal_lda,imagined_word,1.0,1.0,613,8,choice,ban
t15,diagonal_lda,imagined_word,1.0,1.0,616,8,though,though
t15,diagonal_lda,imagined_word,1.0,1.0,623,8,choice,were
t15,diagonal_lda,imagined_word,1.0,1.0,626,8,day,were
t15,diagonal_lda,imagined_word,1.0,1.0,629,8,feel,feel
t15,diagonal_lda,imagined_word,1.0,1.0,630,8,though,though
t15,diagonal_lda,imagined_word,1.0,1.0,633,8,kite,feel
t15,diagonal_lda,imagined_word,1.0,1.0,634,8,ban,ban
t15,diagonal_lda,imagined_word,1.0,1.0,635,8,ban,ban
t15,diagonal_lda,imagined_word,1.0,1.0,636,8,day,were
t15,diagonal_lda,imagined_word,1.0,1.0,637,8,ban,ban
t15,diagonal_lda,attempted_word,1.0,1.0,494,8,day,day
t15,diagonal_lda,attempted_word,1.0,1.0,522,8,kite,kite
t15,diagonal_lda,attempted_word,1.0,1.0,523,8,ban,ban
t15,diagonal_lda,attempted_word,1.0,1.0,524,8,feel,feel
t15,diagonal_lda,attempted_word,1.0,1.0,525,8,ban,ban
t15,diagonal_lda,attempted_word,1.0,1.0,530,8,choice,choice
t15,diagonal_lda,attempted_word,1.0,1.0,531,8,though,were
t15,diagonal_lda,attempted_word,1.0,1.0,532,8,day,were
t15,diagonal_lda,attempted_word,1.0,1.0,535,8,choice,were
t15,diagonal_lda,attempted_word,1.0,1.0,537,8,ban,ban
t15,diagonal_lda,attempted_word,1.0,1.0,539,8,were,were
t15,diagonal_lda,attempted_word,1.0,1.0,541,8,day,were
t15,diagonal_lda,attempted_word,1.0,1.0,545,8,were,were
t15,diagonal_lda,attempted_word,1.0,1.0,547,8,day,day
t15,diagonal_lda,attempted_word,1.0,1.0,557,8,were,were
t15,diagonal_lda,attempted_word,1.0,1.0,559,8,choice,choice
t15,diagonal_lda,attempted_word,1.0,1.0,565,8,feel,were
t15,diagonal_lda,attempted_word,1.0,1.0,567,8,kite,kite
t15,diagonal_lda,attempted_word,1.0,1.0,569,8,feel,were
t15,diagonal_lda,attempted_word,1.0,1.0,573,8,ban,ban
t15,diagonal_lda,attempted_word,1.0,1.0,579,8,were,were
t15,diagonal_lda,attempted_word,1.0,1.0,580,8,choice,choice
t15,diagonal_lda,attempted_word,1.0,1.0,581,8,kite,kite
t15,diagonal_lda,attempted_word,1.0,1.0,583,8,day,day
t15,diagonal_lda,attempted_word,1.0,1.0,598,8,were,were
t15,diagonal_lda,attempted_word,1.0,1.0,611,8,though,though
t15,diagonal_lda,attempted_word,1.0,1.0,614,8,though,though
t15,diagonal_lda,attempted_word,1.0,1.0,617,8,though,were
t15,diagonal_lda,attempted_word,1.0,1.0,618,8,ban,ban
t15,diagonal_lda,attempted_word,1.0,1.0,619,8,kite,kite
t15,diagonal_lda,attempted_word,1.0,1.0,621,8,choice,choice
t15,diagonal_lda,attempted_word,1.0,1.0,622,8,feel,feel
t15,diagonal_lda,attempted_word,1.0,1.0,625,8,though,though
t15,diagonal_lda,attempted_word,1.0,1.0,628,8,kite,choice
t15,diagonal_lda,attempted_word,1.0,1.0,631,8,feel,feel
t15,diagonal_lda,listening_word,1.0,1.0,496,8,kite,kite
t15,diagonal_lda,listening_word,1.0,1.0,502,8,were,choice
t15,diagonal_lda,listening_word,1.0,1.0,503,8,ban,ban
t15,diagonal_lda,listening_word,1.0,1.0,507,8,feel,were
t15,diagonal_lda,listening_word,1.0,1.0,509,8,though,though
t15,diagonal_lda,listening_word,1.0,1.0,512,8,feel,feel
t15,diagonal_lda,listening_word,1.0,1.0,517,8,ban,feel
t15,diagonal_lda,listening_word,1.0,1.0,518,8,ban,were
t15,diagonal_lda,listening_word,1.0,1.0,521,8,kite,were
t15,diagonal_lda,listening_word,1.0,1.0,533,8,choice,choice
t15,diagonal_lda,listening_word,1.0,1.0,534,8,were,were
t15,diagonal_lda,listening_word,1.0,1.0,538,8,day,were
t15,diagonal_lda,listening_word,1.0,1.0,542,8,choice,were
t15,diagonal_lda,listening_word,1.0,1.0,543,8,day,were
t15,diagonal_lda,listening_word,1.0,1.0,558,8,though,though
t15,diagonal_lda,listening_word,1.0,1.0,561,8,kite,kite
t15,diagonal_lda,listening_word,1.0,1.0,563,8,though,though
t15,diagonal_lda,listening_word,1.0,1.0,568,8,though,though
t15,diagonal_lda,listening_word,1.0,1.0,574,8,feel,were
t15,diagonal_lda,listening_word,1.0,1.0,576,8,feel,were
t15,diagonal_lda,listening_word,1.0,1.0,578,8,feel,feel
t15,diagonal_lda,listening_word,1.0,1.0,582,8,day,were
t15,diagonal_lda,listening_word,1.0,1.0,589,8,choice,were
t15,diagonal_lda,listening_word,1.0,1.0,591,8,kite,kite
t15,diagonal_lda,listening_word,1.0,1.0,597,8,ban,were
t15,diagonal_lda,listening_word,1.0,1.0,599,8,day,were
t15,diagonal_lda,listening_word,1.0,1.0,601,8,day,were
t15,diagonal_lda,listening_word,1.0,1.0,604,8,were,were
t15,diagonal_lda,listening_word,1.0,1.0,605,8,though,though
t15,diagonal_lda,listening_word,1.0,1.0,612,8,kite,kite
t15,diagonal_lda,listening_word,1.0,1.0,615,8,ban,were
t15,diagonal_lda,listening_word,1.0,1.0,620,8,choice,were
t15,diagonal_lda,listening_word,1.0,1.0,624,8,choice,feel
t15,diagonal_lda,listening_word,1.0,1.0,627,8,were,were
t15,diagonal_lda,listening_word,1.0,1.0,632,8,were,were
t15,diagonal_lda,behavior,1.0,1.0,493,8,imagined,imagined
t15,diagonal_lda,behavior,1.0,1.0,494,8,attempted,attempted
t15,diagonal_lda,behavior,1.0,1.0,495,8,imagined,imagined
t15,diagonal_lda,behavior,1.0,1.0,496,8,listening,listening
t15,diagonal_lda,behavior,1.0,1.0,497,8,imagined,imagined
t15,diagonal_lda,behavior,1.0,1.0,498,8,imagined,imagined
t15,diagonal_lda,behavior,1.0,1.0,499,8,imagined,listening
t15,diagonal_lda,behavior,1.0,1.0,500,8,imagined,imagined
t15,diagonal_lda,behavior,1.0,1.0,501,8,imagined,listening
t15,diagonal_lda,behavior,1.0,1.0,502,8,listening,imagined
t15,diagonal_lda,behavior,1.0,1.0,503,8,listening,listening
t15,diagonal_lda,behavior,1.0,1.0,504,8,imagined,idle
t15,diagonal_lda,behavior,1.0,1.0,505,8,imagined,idle
t15,diagonal_lda,behavior,1.0,1.0,506,8,idle,idle
t15,diagonal_lda,behavior,1.0,1.0,507,8,listening,listening
t15,diagonal_lda,behavior,1.0,1.0,508,8,imagined,listening
t15,diagonal_lda,behavior,1.0,1.0,509,8,listening,listening
t15,diagonal_lda,behavior,1.0,1.0,510,8,imagined,listening
t15,diagonal_lda,behavior,1.0,1.0,511,8,imagined,listening
t15,diagonal_lda,behavior,1.0,1.0,512,8,listening,listening
t15,diagonal_lda,behavior,1.0,1.0,513,8,imagined,listening
t15,diagonal_lda,behavior,1.0,1.0,514,8,imagined,idle
t15,diagonal_lda,behavior,1.0,1.0,515,8,imagined,idle
t15,diagonal_lda,behavior,1.0,1.0,516,8,imagined,listening
t15,diagonal_lda,behavior,1.0,1.0,517,8,listening,listening
t15,diagonal_lda,behavior,1.0,1.0,518,8,listening,listening
t15,diagonal_lda,behavior,1.0,1.0,519,8,imagined,listening
t15,diagonal_lda,behavior,1.0,1.0,520,8,imagined,listening
t15,diagonal_lda,behavior,1.0,1.0,521,8,listening,listening
t15,diagonal_lda,behavior,1.0,1.0,522,8,attempted,attempted
t15,diagonal_lda,behavior,1.0,1.0,523,8,attempted,attempted
t15,diagonal_lda,behavior,1.0,1.0,524,8,attempted,attempted
t15,diagonal_lda,behavior,1.0,1.0,525,8,attempted,idle
t15,diagonal_lda,behavior,1.0,1.0,526,8,imagined,idle
t15,diagonal_lda,behavior,1.0,1.0,527,8,imagined,idle
t15,diagonal_lda,behavior,1.0,1.0,528,8,imagined,listening
t15,diagonal_lda,behavior,1.0,1.0,529,8,imagined,listening
t15,diagonal_lda,behavior,1.0,1.0,530,8,attempted,attempted
t15,diagonal_lda,behavior,1.0,1.0,531,8,attempted,listening
t15,diagonal_lda,behavior,1.0,1.0,532,8,attempted,attempted
t15,diagonal_lda,behavior,1.0,1.0,533,8,listening,listening
t15,diagonal_lda,behavior,1.0,1.0,534,8,listening,listening
t15,diagonal_lda,behavior,1.0,1.0,535,8,attempted,idle
t15,diagonal_lda,behavior,1.0,1.0,536,8,imagined,idle
t15,diagonal_lda,behavior,1.0,1.0,537,8,attempted,attempted
t15,diagonal_lda,behavior,1.0,1.0,538,8,listening,listening
t15,diagonal_lda,behavior,1.0,1.0,539,8,attempted,idle
t15,diagonal_lda,behavior,1.0,1.0,540,8,imagined,idle
t15,diagonal_lda,behavior,1.0,1.0,541,8,attempted,attempted
t15,diagonal_lda,behavior,1.0,1.0,542,8,listening,listening
t15,diagonal_lda,behavior,1.0,1.0,543,8,listening,listening
t15,diagonal_lda,behavior,1.0,1.0,544,8,imagined,listening
t15,diagonal_lda,behavior,1.0,1.0,545,8,attempted,idle
t15,diagonal_lda,behavior,1.0,1.0,546,8,imagined,idle
t15,diagonal_lda,behavior,1.0,1.0,547,8,attempted,attempted
t15,diagonal_lda,behavior,1.0,1.0,548,8,imagined,listening
t15,diagonal_lda,behavior,1.0,1.0,549,8,imagined,idle
t15,diagonal_lda,behavior,1.0,1.0,550,8,imagined,idle
t15,diagonal_lda,behavior,1.0,1.0,551,8,imagined,idle
t15,diagonal_lda,behavior,1.0,1.0,552,8,imagined,listening
t15,diagonal_lda,behavior,1.0,1.0,553,8,imagined,listening
t15,diagonal_lda,behavior,1.0,1.0,554,8,imagined,listening
t15,diagonal_lda,behavior,1.0,1.0,555,8,idle,listening
t15,diagonal_lda,behavior,1.0,1.0,556,8,imagined,listening
t15,diagonal_lda,behavior,1.0,1.0,557,8,attempted,attempted
t15,diagonal_lda,behavior,1.0,1.0,558,8,listening,listening
t15,diagonal_lda,behavior,1.0,1.0,559,8,attempted,attempted
t15,diagonal_lda,behavior,1.0,1.0,560,8,idle,listening
t15,diagonal_lda,behavior,1.0,1.0,561,8,listening,listening
t15,diagonal_lda,behavior,1.0,1.0,562,8,imagined,idle
t15,diagonal_lda,behavior,1.0,1.0,563,8,listening,listening
t15,diagonal_lda,behavior,1.0,1.0,564,8,imagined,listening
t15,diagonal_lda,behavior,1.0,1.0,565,8,attempted,listening
t15,diagonal_lda,behavior,1.0,1.0,566,8,idle,idle
t15,diagonal_lda,behavior,1.0,1.0,567,8,attempted,attempted
t15,diagonal_lda,behavior,1.0,1.0,568,8,listening,listening
t15,diagonal_lda,behavior,1.0,1.0,569,8,attempted,listening
t15,diagonal_lda,behavior,1.0,1.0,570,8,imagined,idle
t15,diagonal_lda,behavior,1.0,1.0,571,8,imagined,idle
t15,diagonal_lda,behavior,1.0,1.0,572,8,imagined,listening
t15,diagonal_lda,behavior,1.0,1.0,573,8,attempted,attempted
t15,diagonal_lda,behavior,1.0,1.0,574,8,listening,listening
t15,diagonal_lda,behavior,1.0,1.0,575,8,imagined,listening
t15,diagonal_lda,behavior,1.0,1.0,576,8,listening,listening
t15,diagonal_lda,behavior,1.0,1.0,577,8,imagined,listening
t15,diagonal_lda,behavior,1.0,1.0,578,8,listening,listening
t15,diagonal_lda,behavior,1.0,1.0,579,8,attempted,attempted
t15,diagonal_lda,behavior,1.0,1.0,580,8,attempted,attempted
t15,diagonal_lda,behavior,1.0,1.0,581,8,attempted,attempted
t15,diagonal_lda,behavior,1.0,1.0,582,8,listening,listening
t15,diagonal_lda,behavior,1.0,1.0,583,8,attempted,attempted
t15,diagonal_lda,behavior,1.0,1.0,584,8,imagined,listening
t15,diagonal_lda,behavior,1.0,1.0,585,8,imagined,listening
t15,diagonal_lda,behavior,1.0,1.0,586,8,imagined,listening
t15,diagonal_lda,behavior,1.0,1.0,587,8,imagined,listening
t15,diagonal_lda,behavior,1.0,1.0,588,8,imagined,listening
t15,diagonal_lda,behavior,1.0,1.0,589,8,listening,listening
t15,diagonal_lda,behavior,1.0,1.0,590,8,idle,idle
t15,diagonal_lda,behavior,1.0,1.0,591,8,listening,listening
t15,diagonal_lda,behavior,1.0,1.0,592,8,imagined,idle
t15,diagonal_lda,behavior,1.0,1.0,593,8,imagined,idle
t15,diagonal_lda,behavior,1.0,1.0,594,8,imagined,idle
t15,diagonal_lda,behavior,1.0,1.0,595,8,imagined,listening
t15,diagonal_lda,behavior,1.0,1.0,596,8,imagined,listening
t15,diagonal_lda,behavior,1.0,1.0,597,8,listening,listening
t15,diagonal_lda,behavior,1.0,1.0,598,8,attempted,attempted
t15,diagonal_lda,behavior,1.0,1.0,599,8,listening,listening
t15,diagonal_lda,behavior,1.0,1.0,600,8,imagined,listening
t15,diagonal_lda,behavior,1.0,1.0,601,8,listening,listening
t15,diagonal_lda,behavior,1.0,1.0,602,8,imagined,idle
t15,diagonal_lda,behavior,1.0,1.0,603,8,imagined,listening
t15,diagonal_lda,behavior,1.0,1.0,604,8,listening,listening
t15,diagonal_lda,behavior,1.0,1.0,605,8,listening,listening
t15,diagonal_lda,behavior,1.0,1.0,606,8,imagined,idle
t15,diagonal_lda,behavior,1.0,1.0,607,8,imagined,idle
t15,diagonal_lda,behavior,1.0,1.0,608,8,imagined,idle
t15,diagonal_lda,behavior,1.0,1.0,609,8,imagined,idle
t15,diagonal_lda,behavior,1.0,1.0,610,8,imagined,listening
t15,diagonal_lda,behavior,1.0,1.0,611,8,attempted,attempted
t15,diagonal_lda,behavior,1.0,1.0,612,8,listening,listening
t15,diagonal_lda,behavior,1.0,1.0,613,8,imagined,listening
t15,diagonal_lda,behavior,1.0,1.0,614,8,attempted,attempted
t15,diagonal_lda,behavior,1.0,1.0,615,8,listening,listening
t15,diagonal_lda,behavior,1.0,1.0,616,8,imagined,idle
t15,diagonal_lda,behavior,1.0,1.0,617,8,attempted,listening
t15,diagonal_lda,behavior,1.0,1.0,618,8,attempted,attempted
t15,diagonal_lda,behavior,1.0,1.0,619,8,attempted,attempted
t15,diagonal_lda,behavior,1.0,1.0,620,8,listening,listening
t15,diagonal_lda,behavior,1.0,1.0,621,8,attempted,attempted
t15,diagonal_lda,behavior,1.0,1.0,622,8,attempted,attempted
t15,diagonal_lda,behavior,1.0,1.0,623,8,imagined,listening
t15,diagonal_lda,behavior,1.0,1.0,624,8,listening,listening
t15,diagonal_lda,behavior,1.0,1.0,625,8,attempted,attempted
t15,diagonal_lda,behavior,1.0,1.0,626,8,imagined,listening
t15,diagonal_lda,behavior,1.0,1.0,627,8,listening,listening
t15,diagonal_lda,behavior,1.0,1.0,628,8,attempted,idle
t15,diagonal_lda,behavior,1.0,1.0,629,8,imagined,listening
t15,diagonal_lda,behavior,1.0,1.0,630,8,imagined,idle
t15,diagonal_lda,behavior,1.0,1.0,631,8,attempted,attempted
t15,diagonal_lda,behavior,1.0,1.0,632,8,listening,listening
t15,diagonal_lda,behavior,1.0,1.0,633,8,imagined,listening
t15,diagonal_lda,behavior,1.0,1.0,634,8,imagined,listening
t15,diagonal_lda,behavior,1.0,1.0,635,8,imagined,idle
t15,diagonal_lda,behavior,1.0,1.0,636,8,imagined,listening
t15,diagonal_lda,behavior,1.0,1.0,637,8,imagined,listening
t16,shrinkage_lda,imagined_word,0.25,0.24,353,13,kite,kite
t16,shrinkage_lda,imagined_word,0.25,0.24,355,13,feel,feel
t16,shrinkage_lda,imagined_word,0.25,0.24,358,13,ban,ban
t16,shrinkage_lda,imagined_word,0.25,0.24,359,13,day,were
t16,shrinkage_lda,imagined_word,0.25,0.24,361,13,choice,though
t16,shrinkage_lda,imagined_word,0.25,0.24,372,13,though,though
t16,shrinkage_lda,imagined_word,0.25,0.24,373,13,were,were
t16,shrinkage_lda,imagined_word,0.25,0.24,379,13,though,though
t16,shrinkage_lda,imagined_word,0.25,0.24,381,13,ban,kite
t16,shrinkage_lda,imagined_word,0.25,0.24,382,13,kite,feel
t16,shrinkage_lda,imagined_word,0.25,0.24,384,13,choice,feel
t16,shrinkage_lda,imagined_word,0.25,0.24,385,13,feel,kite
t16,shrinkage_lda,imagined_word,0.25,0.24,392,13,were,were
t16,shrinkage_lda,imagined_word,0.25,0.24,393,13,day,though
t16,shrinkage_lda,imagined_word,0.25,0.24,396,14,were,choice
t16,shrinkage_lda,imagined_word,0.25,0.24,400,14,kite,kite
t16,shrinkage_lda,imagined_word,0.25,0.24,401,14,choice,choice
t16,shrinkage_lda,imagined_word,0.25,0.24,402,14,ban,were
t16,shrinkage_lda,imagined_word,0.25,0.24,405,14,day,day
t16,shrinkage_lda,imagined_word,0.25,0.24,406,14,feel,kite
t16,shrinkage_lda,imagined_word,0.25,0.24,412,14,though,were
t16,shrinkage_lda,imagined_word,0.25,0.24,419,14,were,were
t16,shrinkage_lda,imagined_word,0.25,0.24,420,14,choice,choice
t16,shrinkage_lda,imagined_word,0.25,0.24,425,14,though,were
t16,shrinkage_lda,imagined_word,0.25,0.24,427,14,ban,though
t16,shrinkage_lda,imagined_word,0.25,0.24,435,14,feel,ban
t16,shrinkage_lda,imagined_word,0.25,0.24,438,14,day,day
t16,shrinkage_lda,imagined_word,0.25,0.24,439,14,kite,though
t16,shrinkage_lda,attempted_word,0.25,0.24,354,13,kite,though
t16,shrinkage_lda,attempted_word,0.25,0.24,360,13,choice,choice
t16,shrinkage_lda,attempted_word,0.25,0.24,365,13,ban,though
t16,shrinkage_lda,attempted_word,0.25,0.24,366,13,feel,feel
t16,shrinkage_lda,attempted_word,0.25,0.24,367,13,though,though
t16,shrinkage_lda,attempted_word,0.25,0.24,368,13,were,were
t16,shrinkage_lda,attempted_word,0.25,0.24,369,13,day,feel
t16,shrinkage_lda,attempted_word,0.25,0.24,374,13,ban,were
t16,shrinkage_lda,attempted_word,0.25,0.24,375,13,though,feel
t16,shrinkage_lda,attempted_word,0.25,0.24,376,13,day,though
t16,shrinkage_lda,attempted_word,0.25,0.24,377,13,feel,were
t16,shrinkage_lda,attempted_word,0.25,0.24,388,13,choice,choice
t16,shrinkage_lda,attempted_word,0.25,0.24,394,13,were,were
t16,shrinkage_lda,attempted_word,0.25,0.24,395,13,kite,though
t16,shrinkage_lda,attempted_word,0.25,0.24,398,14,though,though
t16,shrinkage_lda,attempted_word,0.25,0.24,403,14,were,were
t16,shrinkage_lda,attempted_word,0.25,0.24,408,14,day,ban
t16,shrinkage_lda,attempted_word,0.25,0.24,409,14,feel,feel
t16,shrinkage_lda,attempted_word,0.25,0.24,410,14,kite,kite
t16,shrinkage_lda,attempted_word,0.25,0.24,413,14,ban,choice
t16,shrinkage_lda,attempted_word,0.25,0.24,416,14,choice,ban
t16,shrinkage_lda,attempted_word,0.25,0.24,418,14,day,day
t16,shrinkage_lda,attempted_word,0.25,0.24,423,14,were,were
t16,shrinkage_lda,attempted_word,0.25,0.24,426,14,ban,feel
t16,shrinkage_lda,attempted_word,0.25,0.24,428,14,though,though
t16,shrinkage_lda,attempted_word,0.25,0.24,431,14,feel,feel
t16,shrinkage_lda,attempted_word,0.25,0.24,432,14,choice,choice
t16,shrinkage_lda,attempted_word,0.25,0.24,434,14,kite,feel
t16,shrinkage_lda,listening_word,0.25,0.24,352,13,ban,choice
t16,shrinkage_lda,listening_word,0.25,0.24,356,13,feel,were
t16,shrinkage_lda,listening_word,0.25,0.24,357,13,kite,were
t16,shrinkage_lda,listening_word,0.25,0.24,362,13,choice,were
t16,shrinkage_lda,listening_word,0.25,0.24,363,13,were,were
t16,shrinkage_lda,listening_word,0.25,0.24,364,13,day,feel
t16,shrinkage_lda,listening_word,0.25,0.24,370,13,though,day
t16,shrinkage_lda,listening_word,0.25,0.24,378,13,though,day
t16,shrinkage_lda,listening_word,0.25,0.24,380,13,choice,feel
t16,shrinkage_lda,listening_word,0.25,0.24,383,13,feel,were
t16,shrinkage_lda,listening_word,0.25,0.24,386,13,kite,feel
t16,shrinkage_lda,listening_word,0.25,0.24,387,13,were,kite
t16,shrinkage_lda,listening_word,0.25,0.24,389,13,ban,ban
t16,shrinkage_lda,listening_word,0.25,0.24,390,13,day,kite
t16,shrinkage_lda,listening_word,0.25,0.24,397,14,were,day
t16,shrinkage_lda,listening_word,0.25,0.24,404,14,kite,kite
t16,shrinkage_lda,listening_word,0.25,0.24,407,14,day,kite
t16,shrinkage_lda,listening_word,0.25,0.24,411,14,ban,kite
t16,shrinkage_lda,listening_word,0.25,0.24,414,14,though,kite
t16,shrinkage_lda,listening_word,0.25,0.24,415,14,choice,ban
t16,shrinkage_lda,listening_word,0.25,0.24,417,14,feel,day
t16,shrinkage_lda,listening_word,0.25,0.24,421,14,though,ban
t16,shrinkage_lda,listening_word,0.25,0.24,424,14,day,kite
t16,shrinkage_lda,listening_word,0.25,0.24,429,14,were,kite
t16,shrinkage_lda,listening_word,0.25,0.24,430,14,feel,kite
t16,shrinkage_lda,listening_word,0.25,0.24,433,14,choice,day
t16,shrinkage_lda,listening_word,0.25,0.24,436,14,kite,kite
t16,shrinkage_lda,listening_word,0.25,0.24,437,14,ban,choice
t16,shrinkage_lda,behavior,0.25,0.24,352,13,listening,listening
t16,shrinkage_lda,behavior,0.25,0.24,353,13,imagined,imagined
t16,shrinkage_lda,behavior,0.25,0.24,354,13,attempted,attempted
t16,shrinkage_lda,behavior,0.25,0.24,355,13,imagined,attempted
t16,shrinkage_lda,behavior,0.25,0.24,356,13,listening,listening
t16,shrinkage_lda,behavior,0.25,0.24,357,13,listening,listening
t16,shrinkage_lda,behavior,0.25,0.24,358,13,imagined,attempted
t16,shrinkage_lda,behavior,0.25,0.24,359,13,imagined,imagined
t16,shrinkage_lda,behavior,0.25,0.24,360,13,attempted,attempted
t16,shrinkage_lda,behavior,0.25,0.24,361,13,imagined,imagined
t16,shrinkage_lda,behavior,0.25,0.24,362,13,listening,listening
t16,shrinkage_lda,behavior,0.25,0.24,363,13,listening,listening
t16,shrinkage_lda,behavior,0.25,0.24,364,13,listening,listening
t16,shrinkage_lda,behavior,0.25,0.24,365,13,attempted,attempted
t16,shrinkage_lda,behavior,0.25,0.24,366,13,attempted,attempted
t16,shrinkage_lda,behavior,0.25,0.24,367,13,attempted,attempted
t16,shrinkage_lda,behavior,0.25,0.24,368,13,attempted,attempted
t16,shrinkage_lda,behavior,0.25,0.24,369,13,attempted,attempted
t16,shrinkage_lda,behavior,0.25,0.24,370,13,listening,listening
t16,shrinkage_lda,behavior,0.25,0.24,371,13,idle,listening
t16,shrinkage_lda,behavior,0.25,0.24,372,13,imagined,imagined
t16,shrinkage_lda,behavior,0.25,0.24,373,13,imagined,imagined
t16,shrinkage_lda,behavior,0.25,0.24,374,13,attempted,attempted
t16,shrinkage_lda,behavior,0.25,0.24,375,13,attempted,idle
t16,shrinkage_lda,behavior,0.25,0.24,376,13,attempted,imagined
t16,shrinkage_lda,behavior,0.25,0.24,377,13,attempted,attempted
t16,shrinkage_lda,behavior,0.25,0.24,378,13,listening,imagined
t16,shrinkage_lda,behavior,0.25,0.24,379,13,imagined,attempted
t16,shrinkage_lda,behavior,0.25,0.24,380,13,listening,listening
t16,shrinkage_lda,behavior,0.25,0.24,381,13,imagined,idle
t16,shrinkage_lda,behavior,0.25,0.24,382,13,imagined,imagined
t16,shrinkage_lda,behavior,0.25,0.24,383,13,listening,listening
t16,shrinkage_lda,behavior,0.25,0.24,384,13,imagined,imagined
t16,shrinkage_lda,behavior,0.25,0.24,385,13,imagined,imagined
t16,shrinkage_lda,behavior,0.25,0.24,386,13,listening,imagined
t16,shrinkage_lda,behavior,0.25,0.24,387,13,listening,listening
t16,shrinkage_lda,behavior,0.25,0.24,388,13,attempted,attempted
t16,shrinkage_lda,behavior,0.25,0.24,389,13,listening,listening
t16,shrinkage_lda,behavior,0.25,0.24,390,13,listening,imagined
t16,shrinkage_lda,behavior,0.25,0.24,391,13,idle,idle
t16,shrinkage_lda,behavior,0.25,0.24,392,13,imagined,imagined
t16,shrinkage_lda,behavior,0.25,0.24,393,13,imagined,imagined
t16,shrinkage_lda,behavior,0.25,0.24,394,13,attempted,attempted
t16,shrinkage_lda,behavior,0.25,0.24,395,13,attempted,imagined
t16,shrinkage_lda,behavior,0.25,0.24,396,14,imagined,imagined
t16,shrinkage_lda,behavior,0.25,0.24,397,14,listening,listening
t16,shrinkage_lda,behavior,0.25,0.24,398,14,attempted,attempted
t16,shrinkage_lda,behavior,0.25,0.24,399,14,idle,listening
t16,shrinkage_lda,behavior,0.25,0.24,400,14,imagined,imagined
t16,shrinkage_lda,behavior,0.25,0.24,401,14,imagined,attempted
t16,shrinkage_lda,behavior,0.25,0.24,402,14,imagined,imagined
t16,shrinkage_lda,behavior,0.25,0.24,403,14,attempted,attempted
t16,shrinkage_lda,behavior,0.25,0.24,404,14,listening,listening
t16,shrinkage_lda,behavior,0.25,0.24,405,14,imagined,attempted
t16,shrinkage_lda,behavior,0.25,0.24,406,14,imagined,imagined
t16,shrinkage_lda,behavior,0.25,0.24,407,14,listening,listening
t16,shrinkage_lda,behavior,0.25,0.24,408,14,attempted,attempted
t16,shrinkage_lda,behavior,0.25,0.24,409,14,attempted,imagined
t16,shrinkage_lda,behavior,0.25,0.24,410,14,attempted,imagined
t16,shrinkage_lda,behavior,0.25,0.24,411,14,listening,listening
t16,shrinkage_lda,behavior,0.25,0.24,412,14,imagined,idle
t16,shrinkage_lda,behavior,0.25,0.24,413,14,attempted,idle
t16,shrinkage_lda,behavior,0.25,0.24,414,14,listening,idle
t16,shrinkage_lda,behavior,0.25,0.24,415,14,listening,listening
t16,shrinkage_lda,behavior,0.25,0.24,416,14,attempted,imagined
t16,shrinkage_lda,behavior,0.25,0.24,417,14,listening,listening
t16,shrinkage_lda,behavior,0.25,0.24,418,14,attempted,attempted
t16,shrinkage_lda,behavior,0.25,0.24,419,14,imagined,idle
t16,shrinkage_lda,behavior,0.25,0.24,420,14,imagined,imagined
t16,shrinkage_lda,behavior,0.25,0.24,421,14,listening,listening
t16,shrinkage_lda,behavior,0.25,0.24,422,14,idle,idle
t16,shrinkage_lda,behavior,0.25,0.24,423,14,attempted,attempted
t16,shrinkage_lda,behavior,0.25,0.24,424,14,listening,listening
t16,shrinkage_lda,behavior,0.25,0.24,425,14,imagined,imagined
t16,shrinkage_lda,behavior,0.25,0.24,426,14,attempted,listening
t16,shrinkage_lda,behavior,0.25,0.24,427,14,imagined,listening
t16,shrinkage_lda,behavior,0.25,0.24,428,14,attempted,attempted
t16,shrinkage_lda,behavior,0.25,0.24,429,14,listening,listening
t16,shrinkage_lda,behavior,0.25,0.24,430,14,listening,imagined
t16,shrinkage_lda,behavior,0.25,0.24,431,14,attempted,attempted
t16,shrinkage_lda,behavior,0.25,0.24,432,14,attempted,imagined
t16,shrinkage_lda,behavior,0.25,0.24,433,14,listening,listening
t16,shrinkage_lda,behavior,0.25,0.24,434,14,attempted,imagined
t16,shrinkage_lda,behavior,0.25,0.24,435,14,imagined,imagined
t16,shrinkage_lda,behavior,0.25,0.24,436,14,listening,listening
t16,shrinkage_lda,behavior,0.25,0.24,437,14,listening,attempted
t16,shrinkage_lda,behavior,0.25,0.24,438,14,imagined,imagined
t16,shrinkage_lda,behavior,0.25,0.24,439,14,imagined,imagined
t16,diagonal_lda,imagined_word,0.25,0.24,353,13,kite,feel
t16,diagonal_lda,imagined_word,0.25,0.24,355,13,feel,feel
t16,diagonal_lda,imagined_word,0.25,0.24,358,13,ban,ban
t16,diagonal_lda,imagined_word,0.25,0.24,359,13,day,were
t16,diagonal_lda,imagined_word,0.25,0.24,361,13,choice,kite
t16,diagonal_lda,imagined_word,0.25,0.24,372,13,though,though
t16,diagonal_lda,imagined_word,0.25,0.24,373,13,were,were
t16,diagonal_lda,imagined_word,0.25,0.24,379,13,though,though
t16,diagonal_lda,imagined_word,0.25,0.24,381,13,ban,ban
t16,diagonal_lda,imagined_word,0.25,0.24,382,13,kite,ban
t16,diagonal_lda,imagined_word,0.25,0.24,384,13,choice,choice
t16,diagonal_lda,imagined_word,0.25,0.24,385,13,feel,feel
t16,diagonal_lda,imagined_word,0.25,0.24,392,13,were,were
t16,diagonal_lda,imagined_word,0.25,0.24,393,13,day,though
t16,diagonal_lda,imagined_word,0.25,0.24,396,14,were,choice
t16,diagonal_lda,imagined_word,0.25,0.24,400,14,kite,kite
t16,diagonal_lda,imagined_word,0.25,0.24,401,14,choice,feel
t16,diagonal_lda,imagined_word,0.25,0.24,402,14,ban,were
t16,diagonal_lda,imagined_word,0.25,0.24,405,14,day,day
t16,diagonal_lda,imagined_word,0.25,0.24,406,14,feel,ban
t16,diagonal_lda,imagined_word,0.25,0.24,412,14,though,though
t16,diagonal_lda,imagined_word,0.25,0.24,419,14,were,were
t16,diagonal_lda,imagined_word,0.25,0.24,420,14,choice,choice
t16,diagonal_lda,imagined_word,0.25,0.24,425,14,though,were
t16,diagonal_lda,imagined_word,0.25,0.24,427,14,ban,kite
t16,diagonal_lda,imagined_word,0.25,0.24,435,14,feel,ban
t16,diagonal_lda,imagined_word,0.25,0.24,438,14,day,kite
t16,diagonal_lda,imagined_word,0.25,0.24,439,14,kite,though
t16,diagonal_lda,attempted_word,0.25,0.24,354,13,kite,kite
t16,diagonal_lda,attempted_word,0.25,0.24,360,13,choice,choice
t16,diagonal_lda,attempted_word,0.25,0.24,365,13,ban,though
t16,diagonal_lda,attempted_word,0.25,0.24,366,13,feel,feel
t16,diagonal_lda,attempted_word,0.25,0.24,367,13,though,though
t16,diagonal_lda,attempted_word,0.25,0.24,368,13,were,were
t16,diagonal_lda,attempted_word,0.25,0.24,369,13,day,were
t16,diagonal_lda,attempted_word,0.25,0.24,374,13,ban,were
t16,diagonal_lda,attempted_word,0.25,0.24,375,13,though,feel
t16,diagonal_lda,attempted_word,0.25,0.24,376,13,day,though
t16,diagonal_lda,attempted_word,0.25,0.24,377,13,feel,were
t16,diagonal_lda,attempted_word,0.25,0.24,388,13,choice,choice
t16,diagonal_lda,attempted_word,0.25,0.24,394,13,were,ban
t16,diagonal_lda,attempted_word,0.25,0.24,395,13,kite,ban
t16,diagonal_lda,attempted_word,0.25,0.24,398,14,though,though
t16,diagonal_lda,attempted_word,0.25,0.24,403,14,were,were
t16,diagonal_lda,attempted_word,0.25,0.24,408,14,day,ban
t16,diagonal_lda,attempted_word,0.25,0.24,409,14,feel,feel
t16,diagonal_lda,attempted_word,0.25,0.24,410,14,kite,kite
t16,diagonal_lda,attempted_word,0.25,0.24,413,14,ban,were
t16,diagonal_lda,attempted_word,0.25,0.24,416,14,choice,ban
t16,diagonal_lda,attempted_word,0.25,0.24,418,14,day,though
t16,diagonal_lda,attempted_word,0.25,0.24,423,14,were,were
t16,diagonal_lda,attempted_word,0.25,0.24,426,14,ban,feel
t16,diagonal_lda,attempted_word,0.25,0.24,428,14,though,though
t16,diagonal_lda,attempted_word,0.25,0.24,431,14,feel,feel
t16,diagonal_lda,attempted_word,0.25,0.24,432,14,choice,choice
t16,diagonal_lda,attempted_word,0.25,0.24,434,14,kite,feel
t16,diagonal_lda,listening_word,0.25,0.24,352,13,ban,feel
t16,diagonal_lda,listening_word,0.25,0.24,356,13,feel,were
t16,diagonal_lda,listening_word,0.25,0.24,357,13,kite,were
t16,diagonal_lda,listening_word,0.25,0.24,362,13,choice,were
t16,diagonal_lda,listening_word,0.25,0.24,363,13,were,were
t16,diagonal_lda,listening_word,0.25,0.24,364,13,day,feel
t16,diagonal_lda,listening_word,0.25,0.24,370,13,though,day
t16,diagonal_lda,listening_word,0.25,0.24,378,13,though,day
t16,diagonal_lda,listening_word,0.25,0.24,380,13,choice,choice
t16,diagonal_lda,listening_word,0.25,0.24,383,13,feel,were
t16,diagonal_lda,listening_word,0.25,0.24,386,13,kite,feel
t16,diagonal_lda,listening_word,0.25,0.24,387,13,were,kite
t16,diagonal_lda,listening_word,0.25,0.24,389,13,ban,ban
t16,diagonal_lda,listening_word,0.25,0.24,390,13,day,kite
t16,diagonal_lda,listening_word,0.25,0.24,397,14,were,day
t16,diagonal_lda,listening_word,0.25,0.24,404,14,kite,kite
t16,diagonal_lda,listening_word,0.25,0.24,407,14,day,kite
t16,diagonal_lda,listening_word,0.25,0.24,411,14,ban,kite
t16,diagonal_lda,listening_word,0.25,0.24,414,14,though,kite
t16,diagonal_lda,listening_word,0.25,0.24,415,14,choice,ban
t16,diagonal_lda,listening_word,0.25,0.24,417,14,feel,choice
t16,diagonal_lda,listening_word,0.25,0.24,421,14,though,ban
t16,diagonal_lda,listening_word,0.25,0.24,424,14,day,feel
t16,diagonal_lda,listening_word,0.25,0.24,429,14,were,kite
t16,diagonal_lda,listening_word,0.25,0.24,430,14,feel,kite
t16,diagonal_lda,listening_word,0.25,0.24,433,14,choice,day
t16,diagonal_lda,listening_word,0.25,0.24,436,14,kite,kite
t16,diagonal_lda,listening_word,0.25,0.24,437,14,ban,choice
t16,diagonal_lda,behavior,0.25,0.24,352,13,listening,listening
t16,diagonal_lda,behavior,0.25,0.24,353,13,imagined,imagined
t16,diagonal_lda,behavior,0.25,0.24,354,13,attempted,attempted
t16,diagonal_lda,behavior,0.25,0.24,355,13,imagined,attempted
t16,diagonal_lda,behavior,0.25,0.24,356,13,listening,listening
t16,diagonal_lda,behavior,0.25,0.24,357,13,listening,listening
t16,diagonal_lda,behavior,0.25,0.24,358,13,imagined,attempted
t16,diagonal_lda,behavior,0.25,0.24,359,13,imagined,imagined
t16,diagonal_lda,behavior,0.25,0.24,360,13,attempted,attempted
t16,diagonal_lda,behavior,0.25,0.24,361,13,imagined,imagined
t16,diagonal_lda,behavior,0.25,0.24,362,13,listening,listening
t16,diagonal_lda,behavior,0.25,0.24,363,13,listening,listening
t16,diagonal_lda,behavior,0.25,0.24,364,13,listening,listening
t16,diagonal_lda,behavior,0.25,0.24,365,13,attempted,attempted
t16,diagonal_lda,behavior,0.25,0.24,366,13,attempted,attempted
t16,diagonal_lda,behavior,0.25,0.24,367,13,attempted,attempted
t16,diagonal_lda,behavior,0.25,0.24,368,13,attempted,attempted
t16,diagonal_lda,behavior,0.25,0.24,369,13,attempted,attempted
t16,diagonal_lda,behavior,0.25,0.24,370,13,listening,listening
t16,diagonal_lda,behavior,0.25,0.24,371,13,idle,listening
t16,diagonal_lda,behavior,0.25,0.24,372,13,imagined,imagined
t16,diagonal_lda,behavior,0.25,0.24,373,13,imagined,imagined
t16,diagonal_lda,behavior,0.25,0.24,374,13,attempted,attempted
t16,diagonal_lda,behavior,0.25,0.24,375,13,attempted,imagined
t16,diagonal_lda,behavior,0.25,0.24,376,13,attempted,imagined
t16,diagonal_lda,behavior,0.25,0.24,377,13,attempted,attempted
t16,diagonal_lda,behavior,0.25,0.24,378,13,listening,idle
t16,diagonal_lda,behavior,0.25,0.24,379,13,imagined,imagined
t16,diagonal_lda,behavior,0.25,0.24,380,13,listening,listening
t16,diagonal_lda,behavior,0.25,0.24,381,13,imagined,imagined
t16,diagonal_lda,behavior,0.25,0.24,382,13,imagined,imagined
t16,diagonal_lda,behavior,0.25,0.24,383,13,listening,listening
t16,diagonal_lda,behavior,0.25,0.24,384,13,imagined,imagined
t16,diagonal_lda,behavior,0.25,0.24,385,13,imagined,imagined
t16,diagonal_lda,behavior,0.25,0.24,386,13,listening,imagined
t16,diagonal_lda,behavior,0.25,0.24,387,13,listening,listening
t16,diagonal_lda,behavior,0.25,0.24,388,13,attempted,attempted
t16,diagonal_lda,behavior,0.25,0.24,389,13,listening,listening
t16,diagonal_lda,behavior,0.25,0.24,390,13,listening,listening
t16,diagonal_lda,behavior,0.25,0.24,391,13,idle,idle
t16,diagonal_lda,behavior,0.25,0.24,392,13,imagined,imagined
t16,diagonal_lda,behavior,0.25,0.24,393,13,imagined,imagined
t16,diagonal_lda,behavior,0.25,0.24,394,13,attempted,imagined
t16,diagonal_lda,behavior,0.25,0.24,395,13,attempted,imagined
t16,diagonal_lda,behavior,0.25,0.24,396,14,imagined,imagined
t16,diagonal_lda,behavior,0.25,0.24,397,14,listening,listening
t16,diagonal_lda,behavior,0.25,0.24,398,14,attempted,attempted
t16,diagonal_lda,behavior,0.25,0.24,399,14,idle,listening
t16,diagonal_lda,behavior,0.25,0.24,400,14,imagined,imagined
t16,diagonal_lda,behavior,0.25,0.24,401,14,imagined,attempted
t16,diagonal_lda,behavior,0.25,0.24,402,14,imagined,imagined
t16,diagonal_lda,behavior,0.25,0.24,403,14,attempted,attempted
t16,diagonal_lda,behavior,0.25,0.24,404,14,listening,listening
t16,diagonal_lda,behavior,0.25,0.24,405,14,imagined,attempted
t16,diagonal_lda,behavior,0.25,0.24,406,14,imagined,imagined
t16,diagonal_lda,behavior,0.25,0.24,407,14,listening,listening
t16,diagonal_lda,behavior,0.25,0.24,408,14,attempted,attempted
t16,diagonal_lda,behavior,0.25,0.24,409,14,attempted,imagined
t16,diagonal_lda,behavior,0.25,0.24,410,14,attempted,imagined
t16,diagonal_lda,behavior,0.25,0.24,411,14,listening,listening
t16,diagonal_lda,behavior,0.25,0.24,412,14,imagined,imagined
t16,diagonal_lda,behavior,0.25,0.24,413,14,attempted,idle
t16,diagonal_lda,behavior,0.25,0.24,414,14,listening,idle
t16,diagonal_lda,behavior,0.25,0.24,415,14,listening,listening
t16,diagonal_lda,behavior,0.25,0.24,416,14,attempted,imagined
t16,diagonal_lda,behavior,0.25,0.24,417,14,listening,listening
t16,diagonal_lda,behavior,0.25,0.24,418,14,attempted,attempted
t16,diagonal_lda,behavior,0.25,0.24,419,14,imagined,idle
t16,diagonal_lda,behavior,0.25,0.24,420,14,imagined,imagined
t16,diagonal_lda,behavior,0.25,0.24,421,14,listening,listening
t16,diagonal_lda,behavior,0.25,0.24,422,14,idle,idle
t16,diagonal_lda,behavior,0.25,0.24,423,14,attempted,attempted
t16,diagonal_lda,behavior,0.25,0.24,424,14,listening,listening
t16,diagonal_lda,behavior,0.25,0.24,425,14,imagined,imagined
t16,diagonal_lda,behavior,0.25,0.24,426,14,attempted,attempted
t16,diagonal_lda,behavior,0.25,0.24,427,14,imagined,listening
t16,diagonal_lda,behavior,0.25,0.24,428,14,attempted,attempted
t16,diagonal_lda,behavior,0.25,0.24,429,14,listening,listening
t16,diagonal_lda,behavior,0.25,0.24,430,14,listening,imagined
t16,diagonal_lda,behavior,0.25,0.24,431,14,attempted,listening
t16,diagonal_lda,behavior,0.25,0.24,432,14,attempted,imagined
t16,diagonal_lda,behavior,0.25,0.24,433,14,listening,imagined
t16,diagonal_lda,behavior,0.25,0.24,434,14,attempted,attempted
t16,diagonal_lda,behavior,0.25,0.24,435,14,imagined,imagined
t16,diagonal_lda,behavior,0.25,0.24,436,14,listening,listening
t16,diagonal_lda,behavior,0.25,0.24,437,14,listening,attempted
t16,diagonal_lda,behavior,0.25,0.24,438,14,imagined,imagined
t16,diagonal_lda,behavior,0.25,0.24,439,14,imagined,imagined
t16,shrinkage_lda,imagined_word,0.5,0.5,353,13,kite,kite
t16,shrinkage_lda,imagined_word,0.5,0.5,355,13,feel,feel
t16,shrinkage_lda,imagined_word,0.5,0.5,358,13,ban,ban
t16,shrinkage_lda,imagined_word,0.5,0.5,359,13,day,day
t16,shrinkage_lda,imagined_word,0.5,0.5,361,13,choice,kite
t16,shrinkage_lda,imagined_word,0.5,0.5,372,13,though,though
t16,shrinkage_lda,imagined_word,0.5,0.5,373,13,were,were
t16,shrinkage_lda,imagined_word,0.5,0.5,379,13,though,though
t16,shrinkage_lda,imagined_word,0.5,0.5,381,13,ban,though
t16,shrinkage_lda,imagined_word,0.5,0.5,382,13,kite,feel
t16,shrinkage_lda,imagined_word,0.5,0.5,384,13,choice,choice
t16,shrinkage_lda,imagined_word,0.5,0.5,385,13,feel,feel
t16,shrinkage_lda,imagined_word,0.5,0.5,392,13,were,were
t16,shrinkage_lda,imagined_word,0.5,0.5,393,13,day,day
t16,shrinkage_lda,imagined_word,0.5,0.5,396,14,were,were
t16,shrinkage_lda,imagined_word,0.5,0.5,400,14,kite,day
t16,shrinkage_lda,imagined_word,0.5,0.5,401,14,choice,choice
t16,shrinkage_lda,imagined_word,0.5,0.5,402,14,ban,ban
t16,shrinkage_lda,imagined_word,0.5,0.5,405,14,day,day
t16,shrinkage_lda,imagined_word,0.5,0.5,406,14,feel,feel
t16,shrinkage_lda,imagined_word,0.5,0.5,412,14,though,though
t16,shrinkage_lda,imagined_word,0.5,0.5,419,14,were,were
t16,shrinkage_lda,imagined_word,0.5,0.5,420,14,choice,choice
t16,shrinkage_lda,imagined_word,0.5,0.5,425,14,though,though
t16,shrinkage_lda,imagined_word,0.5,0.5,427,14,ban,ban
t16,shrinkage_lda,imagined_word,0.5,0.5,435,14,feel,ban
t16,shrinkage_lda,imagined_word,0.5,0.5,438,14,day,day
t16,shrinkage_lda,imagined_word,0.5,0.5,439,14,kite,though
t16,shrinkage_lda,attempted_word,0.5,0.5,354,13,kite,kite
t16,shrinkage_lda,attempted_word,0.5,0.5,360,13,choice,choice
t16,shrinkage_lda,attempted_word,0.5,0.5,365,13,ban,though
t16,shrinkage_lda,attempted_word,0.5,0.5,366,13,feel,feel
t16,shrinkage_lda,attempted_word,0.5,0.5,367,13,though,though
t16,shrinkage_lda,attempted_word,0.5,0.5,368,13,were,were
t16,shrinkage_lda,attempted_word,0.5,0.5,369,13,day,though
t16,shrinkage_lda,attempted_word,0.5,0.5,374,13,ban,ban
t16,shrinkage_lda,attempted_word,0.5,0.5,375,13,though,though
t16,shrinkage_lda,attempted_word,0.5,0.5,376,13,day,though
t16,shrinkage_lda,attempted_word,0.5,0.5,377,13,feel,though
t16,shrinkage_lda,attempted_word,0.5,0.5,388,13,choice,choice
t16,shrinkage_lda,attempted_word,0.5,0.5,394,13,were,ban
t16,shrinkage_lda,attempted_word,0.5,0.5,395,13,kite,kite
t16,shrinkage_lda,attempted_word,0.5,0.5,398,14,though,though
t16,shrinkage_lda,attempted_word,0.5,0.5,403,14,were,were
t16,shrinkage_lda,attempted_word,0.5,0.5,408,14,day,though
t16,shrinkage_lda,attempted_word,0.5,0.5,409,14,feel,though
t16,shrinkage_lda,attempted_word,0.5,0.5,410,14,kite,kite
t16,shrinkage_lda,attempted_word,0.5,0.5,413,14,ban,ban
t16,shrinkage_lda,attempted_word,0.5,0.5,416,14,choice,choice
t16,shrinkage_lda,attempted_word,0.5,0.5,418,14,day,day
t16,shrinkage_lda,attempted_word,0.5,0.5,423,14,were,were
t16,shrinkage_lda,attempted_word,0.5,0.5,426,14,ban,ban
t16,shrinkage_lda,attempted_word,0.5,0.5,428,14,though,though
t16,shrinkage_lda,attempted_word,0.5,0.5,431,14,feel,feel
t16,shrinkage_lda,attempted_word,0.5,0.5,432,14,choice,choice
t16,shrinkage_lda,attempted_word,0.5,0.5,434,14,kite,kite
t16,shrinkage_lda,listening_word,0.5,0.5,352,13,ban,ban
t16,shrinkage_lda,listening_word,0.5,0.5,356,13,feel,feel
t16,shrinkage_lda,listening_word,0.5,0.5,357,13,kite,day
t16,shrinkage_lda,listening_word,0.5,0.5,362,13,choice,choice
t16,shrinkage_lda,listening_word,0.5,0.5,363,13,were,were
t16,shrinkage_lda,listening_word,0.5,0.5,364,13,day,feel
t16,shrinkage_lda,listening_word,0.5,0.5,370,13,though,though
t16,shrinkage_lda,listening_word,0.5,0.5,378,13,though,though
t16,shrinkage_lda,listening_word,0.5,0.5,380,13,choice,choice
t16,shrinkage_lda,listening_word,0.5,0.5,383,13,feel,feel
t16,shrinkage_lda,listening_word,0.5,0.5,386,13,kite,kite
t16,shrinkage_lda,listening_word,0.5,0.5,387,13,were,were
t16,shrinkage_lda,listening_word,0.5,0.5,389,13,ban,ban
t16,shrinkage_lda,listening_word,0.5,0.5,390,13,day,kite
t16,shrinkage_lda,listening_word,0.5,0.5,397,14,were,were
t16,shrinkage_lda,listening_word,0.5,0.5,404,14,kite,kite
t16,shrinkage_lda,listening_word,0.5,0.5,407,14,day,though
t16,shrinkage_lda,listening_word,0.5,0.5,411,14,ban,ban
t16,shrinkage_lda,listening_word,0.5,0.5,414,14,though,though
t16,shrinkage_lda,listening_word,0.5,0.5,415,14,choice,choice
t16,shrinkage_lda,listening_word,0.5,0.5,417,14,feel,feel
t16,shrinkage_lda,listening_word,0.5,0.5,421,14,though,though
t16,shrinkage_lda,listening_word,0.5,0.5,424,14,day,day
t16,shrinkage_lda,listening_word,0.5,0.5,429,14,were,were
t16,shrinkage_lda,listening_word,0.5,0.5,430,14,feel,feel
t16,shrinkage_lda,listening_word,0.5,0.5,433,14,choice,choice
t16,shrinkage_lda,listening_word,0.5,0.5,436,14,kite,kite
t16,shrinkage_lda,listening_word,0.5,0.5,437,14,ban,ban
t16,shrinkage_lda,behavior,0.5,0.5,352,13,listening,listening
t16,shrinkage_lda,behavior,0.5,0.5,353,13,imagined,imagined
t16,shrinkage_lda,behavior,0.5,0.5,354,13,attempted,attempted
t16,shrinkage_lda,behavior,0.5,0.5,355,13,imagined,imagined
t16,shrinkage_lda,behavior,0.5,0.5,356,13,listening,listening
t16,shrinkage_lda,behavior,0.5,0.5,357,13,listening,listening
t16,shrinkage_lda,behavior,0.5,0.5,358,13,imagined,imagined
t16,shrinkage_lda,behavior,0.5,0.5,359,13,imagined,imagined
t16,shrinkage_lda,behavior,0.5,0.5,360,13,attempted,attempted
t16,shrinkage_lda,behavior,0.5,0.5,361,13,imagined,imagined
t16,shrinkage_lda,behavior,0.5,0.5,362,13,listening,listening
t16,shrinkage_lda,behavior,0.5,0.5,363,13,listening,listening
t16,shrinkage_lda,behavior,0.5,0.5,364,13,listening,listening
t16,shrinkage_lda,behavior,0.5,0.5,365,13,attempted,attempted
t16,shrinkage_lda,behavior,0.5,0.5,366,13,attempted,attempted
t16,shrinkage_lda,behavior,0.5,0.5,367,13,attempted,attempted
t16,shrinkage_lda,behavior,0.5,0.5,368,13,attempted,imagined
t16,shrinkage_lda,behavior,0.5,0.5,369,13,attempted,attempted
t16,shrinkage_lda,behavior,0.5,0.5,370,13,listening,listening
t16,shrinkage_lda,behavior,0.5,0.5,371,13,idle,imagined
t16,shrinkage_lda,behavior,0.5,0.5,372,13,imagined,imagined
t16,shrinkage_lda,behavior,0.5,0.5,373,13,imagined,imagined
t16,shrinkage_lda,behavior,0.5,0.5,374,13,attempted,attempted
t16,shrinkage_lda,behavior,0.5,0.5,375,13,attempted,imagined
t16,shrinkage_lda,behavior,0.5,0.5,376,13,attempted,imagined
t16,shrinkage_lda,behavior,0.5,0.5,377,13,attempted,attempted
t16,shrinkage_lda,behavior,0.5,0.5,378,13,listening,listening
t16,shrinkage_lda,behavior,0.5,0.5,379,13,imagined,imagined
t16,shrinkage_lda,behavior,0.5,0.5,380,13,listening,listening
t16,shrinkage_lda,behavior,0.5,0.5,381,13,imagined,imagined
t16,shrinkage_lda,behavior,0.5,0.5,382,13,imagined,imagined
t16,shrinkage_lda,behavior,0.5,0.5,383,13,listening,listening
t16,shrinkage_lda,behavior,0.5,0.5,384,13,imagined,imagined
t16,shrinkage_lda,behavior,0.5,0.5,385,13,imagined,imagined
t16,shrinkage_lda,behavior,0.5,0.5,386,13,listening,listening
t16,shrinkage_lda,behavior,0.5,0.5,387,13,listening,listening
t16,shrinkage_lda,behavior,0.5,0.5,388,13,attempted,attempted
t16,shrinkage_lda,behavior,0.5,0.5,389,13,listening,listening
t16,shrinkage_lda,behavior,0.5,0.5,390,13,listening,listening
t16,shrinkage_lda,behavior,0.5,0.5,391,13,idle,idle
t16,shrinkage_lda,behavior,0.5,0.5,392,13,imagined,imagined
t16,shrinkage_lda,behavior,0.5,0.5,393,13,imagined,imagined
t16,shrinkage_lda,behavior,0.5,0.5,394,13,attempted,imagined
t16,shrinkage_lda,behavior,0.5,0.5,395,13,attempted,imagined
t16,shrinkage_lda,behavior,0.5,0.5,396,14,imagined,imagined
t16,shrinkage_lda,behavior,0.5,0.5,397,14,listening,listening
t16,shrinkage_lda,behavior,0.5,0.5,398,14,attempted,attempted
t16,shrinkage_lda,behavior,0.5,0.5,399,14,idle,idle
t16,shrinkage_lda,behavior,0.5,0.5,400,14,imagined,imagined
t16,shrinkage_lda,behavior,0.5,0.5,401,14,imagined,imagined
t16,shrinkage_lda,behavior,0.5,0.5,402,14,imagined,imagined
t16,shrinkage_lda,behavior,0.5,0.5,403,14,attempted,attempted
t16,shrinkage_lda,behavior,0.5,0.5,404,14,listening,listening
t16,shrinkage_lda,behavior,0.5,0.5,405,14,imagined,imagined
t16,shrinkage_lda,behavior,0.5,0.5,406,14,imagined,imagined
t16,shrinkage_lda,behavior,0.5,0.5,407,14,listening,listening
t16,shrinkage_lda,behavior,0.5,0.5,408,14,attempted,idle
t16,shrinkage_lda,behavior,0.5,0.5,409,14,attempted,imagined
t16,shrinkage_lda,behavior,0.5,0.5,410,14,attempted,attempted
t16,shrinkage_lda,behavior,0.5,0.5,411,14,listening,listening
t16,shrinkage_lda,behavior,0.5,0.5,412,14,imagined,imagined
t16,shrinkage_lda,behavior,0.5,0.5,413,14,attempted,attempted
t16,shrinkage_lda,behavior,0.5,0.5,414,14,listening,listening
t16,shrinkage_lda,behavior,0.5,0.5,415,14,listening,listening
t16,shrinkage_lda,behavior,0.5,0.5,416,14,attempted,attempted
t16,shrinkage_lda,behavior,0.5,0.5,417,14,listening,listening
t16,shrinkage_lda,behavior,0.5,0.5,418,14,attempted,attempted
t16,shrinkage_lda,behavior,0.5,0.5,419,14,imagined,idle
t16,shrinkage_lda,behavior,0.5,0.5,420,14,imagined,imagined
t16,shrinkage_lda,behavior,0.5,0.5,421,14,listening,listening
t16,shrinkage_lda,behavior,0.5,0.5,422,14,idle,idle
t16,shrinkage_lda,behavior,0.5,0.5,423,14,attempted,attempted
t16,shrinkage_lda,behavior,0.5,0.5,424,14,listening,listening
t16,shrinkage_lda,behavior,0.5,0.5,425,14,imagined,imagined
t16,shrinkage_lda,behavior,0.5,0.5,426,14,attempted,attempted
t16,shrinkage_lda,behavior,0.5,0.5,427,14,imagined,imagined
t16,shrinkage_lda,behavior,0.5,0.5,428,14,attempted,attempted
t16,shrinkage_lda,behavior,0.5,0.5,429,14,listening,listening
t16,shrinkage_lda,behavior,0.5,0.5,430,14,listening,listening
t16,shrinkage_lda,behavior,0.5,0.5,431,14,attempted,attempted
t16,shrinkage_lda,behavior,0.5,0.5,432,14,attempted,attempted
t16,shrinkage_lda,behavior,0.5,0.5,433,14,listening,listening
t16,shrinkage_lda,behavior,0.5,0.5,434,14,attempted,imagined
t16,shrinkage_lda,behavior,0.5,0.5,435,14,imagined,attempted
t16,shrinkage_lda,behavior,0.5,0.5,436,14,listening,listening
t16,shrinkage_lda,behavior,0.5,0.5,437,14,listening,listening
t16,shrinkage_lda,behavior,0.5,0.5,438,14,imagined,attempted
t16,shrinkage_lda,behavior,0.5,0.5,439,14,imagined,imagined
t16,diagonal_lda,imagined_word,0.5,0.5,353,13,kite,kite
t16,diagonal_lda,imagined_word,0.5,0.5,355,13,feel,feel
t16,diagonal_lda,imagined_word,0.5,0.5,358,13,ban,ban
t16,diagonal_lda,imagined_word,0.5,0.5,359,13,day,day
t16,diagonal_lda,imagined_word,0.5,0.5,361,13,choice,kite
t16,diagonal_lda,imagined_word,0.5,0.5,372,13,though,though
t16,diagonal_lda,imagined_word,0.5,0.5,373,13,were,were
t16,diagonal_lda,imagined_word,0.5,0.5,379,13,though,though
t16,diagonal_lda,imagined_word,0.5,0.5,381,13,ban,though
t16,diagonal_lda,imagined_word,0.5,0.5,382,13,kite,feel
t16,diagonal_lda,imagined_word,0.5,0.5,384,13,choice,choice
t16,diagonal_lda,imagined_word,0.5,0.5,385,13,feel,feel
t16,diagonal_lda,imagined_word,0.5,0.5,392,13,were,were
t16,diagonal_lda,imagined_word,0.5,0.5,393,13,day,day
t16,diagonal_lda,imagined_word,0.5,0.5,396,14,were,were
t16,diagonal_lda,imagined_word,0.5,0.5,400,14,kite,day
t16,diagonal_lda,imagined_word,0.5,0.5,401,14,choice,choice
t16,diagonal_lda,imagined_word,0.5,0.5,402,14,ban,ban
t16,diagonal_lda,imagined_word,0.5,0.5,405,14,day,day
t16,diagonal_lda,imagined_word,0.5,0.5,406,14,feel,feel
t16,diagonal_lda,imagined_word,0.5,0.5,412,14,though,though
t16,diagonal_lda,imagined_word,0.5,0.5,419,14,were,were
t16,diagonal_lda,imagined_word,0.5,0.5,420,14,choice,choice
t16,diagonal_lda,imagined_word,0.5,0.5,425,14,though,though
t16,diagonal_lda,imagined_word,0.5,0.5,427,14,ban,ban
t16,diagonal_lda,imagined_word,0.5,0.5,435,14,feel,ban
t16,diagonal_lda,imagined_word,0.5,0.5,438,14,day,day
t16,diagonal_lda,imagined_word,0.5,0.5,439,14,kite,though
t16,diagonal_lda,attempted_word,0.5,0.5,354,13,kite,kite
t16,diagonal_lda,attempted_word,0.5,0.5,360,13,choice,choice
t16,diagonal_lda,attempted_word,0.5,0.5,365,13,ban,though
t16,diagonal_lda,attempted_word,0.5,0.5,366,13,feel,feel
t16,diagonal_lda,attempted_word,0.5,0.5,367,13,though,feel
t16,diagonal_lda,attempted_word,0.5,0.5,368,13,were,were
t16,diagonal_lda,attempted_word,0.5,0.5,369,13,day,day
t16,diagonal_lda,attempted_word,0.5,0.5,374,13,ban,ban
t16,diagonal_lda,attempted_word,0.5,0.5,375,13,though,ban
t16,diagonal_lda,attempted_word,0.5,0.5,376,13,day,though
t16,diagonal_lda,attempted_word,0.5,0.5,377,13,feel,though
t16,diagonal_lda,attempted_word,0.5,0.5,388,13,choice,choice
t16,diagonal_lda,attempted_word,0.5,0.5,394,13,were,ban
t16,diagonal_lda,attempted_word,0.5,0.5,395,13,kite,kite
t16,diagonal_lda,attempted_word,0.5,0.5,398,14,though,though
t16,diagonal_lda,attempted_word,0.5,0.5,403,14,were,were
t16,diagonal_lda,attempted_word,0.5,0.5,408,14,day,ban
t16,diagonal_lda,attempted_word,0.5,0.5,409,14,feel,though
t16,diagonal_lda,attempted_word,0.5,0.5,410,14,kite,kite
t16,diagonal_lda,attempted_word,0.5,0.5,413,14,ban,ban
t16,diagonal_lda,attempted_word,0.5,0.5,416,14,choice,ban
t16,diagonal_lda,attempted_word,0.5,0.5,418,14,day,day
t16,diagonal_lda,attempted_word,0.5,0.5,423,14,were,were
t16,diagonal_lda,attempted_word,0.5,0.5,426,14,ban,ban
t16,diagonal_lda,attempted_word,0.5,0.5,428,14,though,though
t16,diagonal_lda,attempted_word,0.5,0.5,431,14,feel,feel
t16,diagonal_lda,attempted_word,0.5,0.5,432,14,choice,choice
t16,diagonal_lda,attempted_word,0.5,0.5,434,14,kite,ban
t16,diagonal_lda,listening_word,0.5,0.5,352,13,ban,day
t16,diagonal_lda,listening_word,0.5,0.5,356,13,feel,feel
t16,diagonal_lda,listening_word,0.5,0.5,357,13,kite,kite
t16,diagonal_lda,listening_word,0.5,0.5,362,13,choice,choice
t16,diagonal_lda,listening_word,0.5,0.5,363,13,were,were
t16,diagonal_lda,listening_word,0.5,0.5,364,13,day,day
t16,diagonal_lda,listening_word,0.5,0.5,370,13,though,kite
t16,diagonal_lda,listening_word,0.5,0.5,378,13,though,kite
t16,diagonal_lda,listening_word,0.5,0.5,380,13,choice,kite
t16,diagonal_lda,listening_word,0.5,0.5,383,13,feel,feel
t16,diagonal_lda,listening_word,0.5,0.5,386,13,kite,kite
t16,diagonal_lda,listening_word,0.5,0.5,387,13,were,were
t16,diagonal_lda,listening_word,0.5,0.5,389,13,ban,ban
t16,diagonal_lda,listening_word,0.5,0.5,390,13,day,kite
t16,diagonal_lda,listening_word,0.5,0.5,397,14,were,were
t16,diagonal_lda,listening_word,0.5,0.5,404,14,kite,kite
t16,diagonal_lda,listening_word,0.5,0.5,407,14,day,though
t16,diagonal_lda,listening_word,0.5,0.5,411,14,ban,day
t16,diagonal_lda,listening_word,0.5,0.5,414,14,though,though
t16,diagonal_lda,listening_word,0.5,0.5,415,14,choice,choice
t16,diagonal_lda,listening_word,0.5,0.5,417,14,feel,feel
t16,diagonal_lda,listening_word,0.5,0.5,421,14,though,though
t16,diagonal_lda,listening_word,0.5,0.5,424,14,day,day
t16,diagonal_lda,listening_word,0.5,0.5,429,14,were,were
t16,diagonal_lda,listening_word,0.5,0.5,430,14,feel,feel
t16,diagonal_lda,listening_word,0.5,0.5,433,14,choice,choice
t16,diagonal_lda,listening_word,0.5,0.5,436,14,kite,kite
t16,diagonal_lda,listening_word,0.5,0.5,437,14,ban,kite
t16,diagonal_lda,behavior,0.5,0.5,352,13,listening,listening
t16,diagonal_lda,behavior,0.5,0.5,353,13,imagined,imagined
t16,diagonal_lda,behavior,0.5,0.5,354,13,attempted,attempted
t16,diagonal_lda,behavior,0.5,0.5,355,13,imagined,imagined
t16,diagonal_lda,behavior,0.5,0.5,356,13,listening,listening
t16,diagonal_lda,behavior,0.5,0.5,357,13,listening,listening
t16,diagonal_lda,behavior,0.5,0.5,358,13,imagined,imagined
t16,diagonal_lda,behavior,0.5,0.5,359,13,imagined,imagined
t16,diagonal_lda,behavior,0.5,0.5,360,13,attempted,attempted
t16,diagonal_lda,behavior,0.5,0.5,361,13,imagined,imagined
t16,diagonal_lda,behavior,0.5,0.5,362,13,listening,listening
t16,diagonal_lda,behavior,0.5,0.5,363,13,listening,listening
t16,diagonal_lda,behavior,0.5,0.5,364,13,listening,listening
t16,diagonal_lda,behavior,0.5,0.5,365,13,attempted,attempted
t16,diagonal_lda,behavior,0.5,0.5,366,13,attempted,attempted
t16,diagonal_lda,behavior,0.5,0.5,367,13,attempted,attempted
t16,diagonal_lda,behavior,0.5,0.5,368,13,attempted,imagined
t16,diagonal_lda,behavior,0.5,0.5,369,13,attempted,attempted
t16,diagonal_lda,behavior,0.5,0.5,370,13,listening,listening
t16,diagonal_lda,behavior,0.5,0.5,371,13,idle,imagined
t16,diagonal_lda,behavior,0.5,0.5,372,13,imagined,imagined
t16,diagonal_lda,behavior,0.5,0.5,373,13,imagined,imagined
t16,diagonal_lda,behavior,0.5,0.5,374,13,attempted,attempted
t16,diagonal_lda,behavior,0.5,0.5,375,13,attempted,imagined
t16,diagonal_lda,behavior,0.5,0.5,376,13,attempted,imagined
t16,diagonal_lda,behavior,0.5,0.5,377,13,attempted,attempted
t16,diagonal_lda,behavior,0.5,0.5,378,13,listening,listening
t16,diagonal_lda,behavior,0.5,0.5,379,13,imagined,imagined
t16,diagonal_lda,behavior,0.5,0.5,380,13,listening,listening
t16,diagonal_lda,behavior,0.5,0.5,381,13,imagined,imagined
t16,diagonal_lda,behavior,0.5,0.5,382,13,imagined,imagined
t16,diagonal_lda,behavior,0.5,0.5,383,13,listening,listening
t16,diagonal_lda,behavior,0.5,0.5,384,13,imagined,imagined
t16,diagonal_lda,behavior,0.5,0.5,385,13,imagined,imagined
t16,diagonal_lda,behavior,0.5,0.5,386,13,listening,listening
t16,diagonal_lda,behavior,0.5,0.5,387,13,listening,listening
t16,diagonal_lda,behavior,0.5,0.5,388,13,attempted,attempted
t16,diagonal_lda,behavior,0.5,0.5,389,13,listening,listening
t16,diagonal_lda,behavior,0.5,0.5,390,13,listening,listening
t16,diagonal_lda,behavior,0.5,0.5,391,13,idle,idle
t16,diagonal_lda,behavior,0.5,0.5,392,13,imagined,imagined
t16,diagonal_lda,behavior,0.5,0.5,393,13,imagined,imagined
t16,diagonal_lda,behavior,0.5,0.5,394,13,attempted,imagined
t16,diagonal_lda,behavior,0.5,0.5,395,13,attempted,imagined
t16,diagonal_lda,behavior,0.5,0.5,396,14,imagined,imagined
t16,diagonal_lda,behavior,0.5,0.5,397,14,listening,listening
t16,diagonal_lda,behavior,0.5,0.5,398,14,attempted,attempted
t16,diagonal_lda,behavior,0.5,0.5,399,14,idle,idle
t16,diagonal_lda,behavior,0.5,0.5,400,14,imagined,imagined
t16,diagonal_lda,behavior,0.5,0.5,401,14,imagined,imagined
t16,diagonal_lda,behavior,0.5,0.5,402,14,imagined,imagined
t16,diagonal_lda,behavior,0.5,0.5,403,14,attempted,attempted
t16,diagonal_lda,behavior,0.5,0.5,404,14,listening,imagined
t16,diagonal_lda,behavior,0.5,0.5,405,14,imagined,imagined
t16,diagonal_lda,behavior,0.5,0.5,406,14,imagined,imagined
t16,diagonal_lda,behavior,0.5,0.5,407,14,listening,listening
t16,diagonal_lda,behavior,0.5,0.5,408,14,attempted,idle
t16,diagonal_lda,behavior,0.5,0.5,409,14,attempted,imagined
t16,diagonal_lda,behavior,0.5,0.5,410,14,attempted,attempted
t16,diagonal_lda,behavior,0.5,0.5,411,14,listening,listening
t16,diagonal_lda,behavior,0.5,0.5,412,14,imagined,imagined
t16,diagonal_lda,behavior,0.5,0.5,413,14,attempted,attempted
t16,diagonal_lda,behavior,0.5,0.5,414,14,listening,listening
t16,diagonal_lda,behavior,0.5,0.5,415,14,listening,listening
t16,diagonal_lda,behavior,0.5,0.5,416,14,attempted,attempted
t16,diagonal_lda,behavior,0.5,0.5,417,14,listening,listening
t16,diagonal_lda,behavior,0.5,0.5,418,14,attempted,attempted
t16,diagonal_lda,behavior,0.5,0.5,419,14,imagined,idle
t16,diagonal_lda,behavior,0.5,0.5,420,14,imagined,imagined
t16,diagonal_lda,behavior,0.5,0.5,421,14,listening,listening
t16,diagonal_lda,behavior,0.5,0.5,422,14,idle,idle
t16,diagonal_lda,behavior,0.5,0.5,423,14,attempted,attempted
t16,diagonal_lda,behavior,0.5,0.5,424,14,listening,listening
t16,diagonal_lda,behavior,0.5,0.5,425,14,imagined,imagined
t16,diagonal_lda,behavior,0.5,0.5,426,14,attempted,attempted
t16,diagonal_lda,behavior,0.5,0.5,427,14,imagined,idle
t16,diagonal_lda,behavior,0.5,0.5,428,14,attempted,attempted
t16,diagonal_lda,behavior,0.5,0.5,429,14,listening,listening
t16,diagonal_lda,behavior,0.5,0.5,430,14,listening,listening
t16,diagonal_lda,behavior,0.5,0.5,431,14,attempted,attempted
t16,diagonal_lda,behavior,0.5,0.5,432,14,attempted,attempted
t16,diagonal_lda,behavior,0.5,0.5,433,14,listening,listening
t16,diagonal_lda,behavior,0.5,0.5,434,14,attempted,imagined
t16,diagonal_lda,behavior,0.5,0.5,435,14,imagined,attempted
t16,diagonal_lda,behavior,0.5,0.5,436,14,listening,imagined
t16,diagonal_lda,behavior,0.5,0.5,437,14,listening,listening
t16,diagonal_lda,behavior,0.5,0.5,438,14,imagined,attempted
t16,diagonal_lda,behavior,0.5,0.5,439,14,imagined,imagined
t16,shrinkage_lda,imagined_word,1.0,1.0,353,13,kite,kite
t16,shrinkage_lda,imagined_word,1.0,1.0,355,13,feel,kite
t16,shrinkage_lda,imagined_word,1.0,1.0,358,13,ban,ban
t16,shrinkage_lda,imagined_word,1.0,1.0,359,13,day,day
t16,shrinkage_lda,imagined_word,1.0,1.0,361,13,choice,ban
t16,shrinkage_lda,imagined_word,1.0,1.0,372,13,though,though
t16,shrinkage_lda,imagined_word,1.0,1.0,373,13,were,were
t16,shrinkage_lda,imagined_word,1.0,1.0,379,13,though,though
t16,shrinkage_lda,imagined_word,1.0,1.0,381,13,ban,ban
t16,shrinkage_lda,imagined_word,1.0,1.0,382,13,kite,kite
t16,shrinkage_lda,imagined_word,1.0,1.0,384,13,choice,choice
t16,shrinkage_lda,imagined_word,1.0,1.0,385,13,feel,though
t16,shrinkage_lda,imagined_word,1.0,1.0,392,13,were,were
t16,shrinkage_lda,imagined_word,1.0,1.0,393,13,day,day
t16,shrinkage_lda,imagined_word,1.0,1.0,396,14,were,were
t16,shrinkage_lda,imagined_word,1.0,1.0,400,14,kite,day
t16,shrinkage_lda,imagined_word,1.0,1.0,401,14,choice,choice
t16,shrinkage_lda,imagined_word,1.0,1.0,402,14,ban,ban
t16,shrinkage_lda,imagined_word,1.0,1.0,405,14,day,day
t16,shrinkage_lda,imagined_word,1.0,1.0,406,14,feel,feel
t16,shrinkage_lda,imagined_word,1.0,1.0,412,14,though,though
t16,shrinkage_lda,imagined_word,1.0,1.0,419,14,were,were
t16,shrinkage_lda,imagined_word,1.0,1.0,420,14,choice,choice
t16,shrinkage_lda,imagined_word,1.0,1.0,425,14,though,though
t16,shrinkage_lda,imagined_word,1.0,1.0,427,14,ban,day
t16,shrinkage_lda,imagined_word,1.0,1.0,435,14,feel,ban
t16,shrinkage_lda,imagined_word,1.0,1.0,438,14,day,day
t16,shrinkage_lda,imagined_word,1.0,1.0,439,14,kite,kite
t16,shrinkage_lda,attempted_word,1.0,1.0,354,13,kite,kite
t16,shrinkage_lda,attempted_word,1.0,1.0,360,13,choice,choice
t16,shrinkage_lda,attempted_word,1.0,1.0,365,13,ban,ban
t16,shrinkage_lda,attempted_word,1.0,1.0,366,13,feel,feel
t16,shrinkage_lda,attempted_word,1.0,1.0,367,13,though,though
t16,shrinkage_lda,attempted_word,1.0,1.0,368,13,were,were
t16,shrinkage_lda,attempted_word,1.0,1.0,369,13,day,day
t16,shrinkage_lda,attempted_word,1.0,1.0,374,13,ban,ban
t16,shrinkage_lda,attempted_word,1.0,1.0,375,13,though,though
t16,shrinkage_lda,attempted_word,1.0,1.0,376,13,day,day
t16,shrinkage_lda,attempted_word,1.0,1.0,377,13,feel,feel
t16,shrinkage_lda,attempted_word,1.0,1.0,388,13,choice,choice
t16,shrinkage_lda,attempted_word,1.0,1.0,394,13,were,were
t16,shrinkage_lda,attempted_word,1.0,1.0,395,13,kite,kite
t16,shrinkage_lda,attempted_word,1.0,1.0,398,14,though,kite
t16,shrinkage_lda,attempted_word,1.0,1.0,403,14,were,were
t16,shrinkage_lda,attempted_word,1.0,1.0,408,14,day,ban
t16,shrinkage_lda,attempted_word,1.0,1.0,409,14,feel,day
t16,shrinkage_lda,attempted_word,1.0,1.0,410,14,kite,kite
t16,shrinkage_lda,attempted_word,1.0,1.0,413,14,ban,ban
t16,shrinkage_lda,attempted_word,1.0,1.0,416,14,choice,choice
t16,shrinkage_lda,attempted_word,1.0,1.0,418,14,day,day
t16,shrinkage_lda,attempted_word,1.0,1.0,423,14,were,were
t16,shrinkage_lda,attempted_word,1.0,1.0,426,14,ban,feel
t16,shrinkage_lda,attempted_word,1.0,1.0,428,14,though,though
t16,shrinkage_lda,attempted_word,1.0,1.0,431,14,feel,feel
t16,shrinkage_lda,attempted_word,1.0,1.0,432,14,choice,choice
t16,shrinkage_lda,attempted_word,1.0,1.0,434,14,kite,kite
t16,shrinkage_lda,listening_word,1.0,1.0,352,13,ban,ban
t16,shrinkage_lda,listening_word,1.0,1.0,356,13,feel,feel
t16,shrinkage_lda,listening_word,1.0,1.0,357,13,kite,kite
t16,shrinkage_lda,listening_word,1.0,1.0,362,13,choice,choice
t16,shrinkage_lda,listening_word,1.0,1.0,363,13,were,were
t16,shrinkage_lda,listening_word,1.0,1.0,364,13,day,day
t16,shrinkage_lda,listening_word,1.0,1.0,370,13,though,though
t16,shrinkage_lda,listening_word,1.0,1.0,378,13,though,though
t16,shrinkage_lda,listening_word,1.0,1.0,380,13,choice,choice
t16,shrinkage_lda,listening_word,1.0,1.0,383,13,feel,feel
t16,shrinkage_lda,listening_word,1.0,1.0,386,13,kite,kite
t16,shrinkage_lda,listening_word,1.0,1.0,387,13,were,were
t16,shrinkage_lda,listening_word,1.0,1.0,389,13,ban,ban
t16,shrinkage_lda,listening_word,1.0,1.0,390,13,day,day
t16,shrinkage_lda,listening_word,1.0,1.0,397,14,were,were
t16,shrinkage_lda,listening_word,1.0,1.0,404,14,kite,kite
t16,shrinkage_lda,listening_word,1.0,1.0,407,14,day,day
t16,shrinkage_lda,listening_word,1.0,1.0,411,14,ban,ban
t16,shrinkage_lda,listening_word,1.0,1.0,414,14,though,though
t16,shrinkage_lda,listening_word,1.0,1.0,415,14,choice,choice
t16,shrinkage_lda,listening_word,1.0,1.0,417,14,feel,feel
t16,shrinkage_lda,listening_word,1.0,1.0,421,14,though,though
t16,shrinkage_lda,listening_word,1.0,1.0,424,14,day,day
t16,shrinkage_lda,listening_word,1.0,1.0,429,14,were,were
t16,shrinkage_lda,listening_word,1.0,1.0,430,14,feel,feel
t16,shrinkage_lda,listening_word,1.0,1.0,433,14,choice,choice
t16,shrinkage_lda,listening_word,1.0,1.0,436,14,kite,kite
t16,shrinkage_lda,listening_word,1.0,1.0,437,14,ban,ban
t16,shrinkage_lda,behavior,1.0,1.0,352,13,listening,listening
t16,shrinkage_lda,behavior,1.0,1.0,353,13,imagined,imagined
t16,shrinkage_lda,behavior,1.0,1.0,354,13,attempted,attempted
t16,shrinkage_lda,behavior,1.0,1.0,355,13,imagined,imagined
t16,shrinkage_lda,behavior,1.0,1.0,356,13,listening,listening
t16,shrinkage_lda,behavior,1.0,1.0,357,13,listening,listening
t16,shrinkage_lda,behavior,1.0,1.0,358,13,imagined,imagined
t16,shrinkage_lda,behavior,1.0,1.0,359,13,imagined,imagined
t16,shrinkage_lda,behavior,1.0,1.0,360,13,attempted,attempted
t16,shrinkage_lda,behavior,1.0,1.0,361,13,imagined,imagined
t16,shrinkage_lda,behavior,1.0,1.0,362,13,listening,listening
t16,shrinkage_lda,behavior,1.0,1.0,363,13,listening,listening
t16,shrinkage_lda,behavior,1.0,1.0,364,13,listening,listening
t16,shrinkage_lda,behavior,1.0,1.0,365,13,attempted,attempted
t16,shrinkage_lda,behavior,1.0,1.0,366,13,attempted,attempted
t16,shrinkage_lda,behavior,1.0,1.0,367,13,attempted,attempted
t16,shrinkage_lda,behavior,1.0,1.0,368,13,attempted,imagined
t16,shrinkage_lda,behavior,1.0,1.0,369,13,attempted,attempted
t16,shrinkage_lda,behavior,1.0,1.0,370,13,listening,listening
t16,shrinkage_lda,behavior,1.0,1.0,371,13,idle,idle
t16,shrinkage_lda,behavior,1.0,1.0,372,13,imagined,imagined
t16,shrinkage_lda,behavior,1.0,1.0,373,13,imagined,imagined
t16,shrinkage_lda,behavior,1.0,1.0,374,13,attempted,attempted
t16,shrinkage_lda,behavior,1.0,1.0,375,13,attempted,imagined
t16,shrinkage_lda,behavior,1.0,1.0,376,13,attempted,attempted
t16,shrinkage_lda,behavior,1.0,1.0,377,13,attempted,attempted
t16,shrinkage_lda,behavior,1.0,1.0,378,13,listening,listening
t16,shrinkage_lda,behavior,1.0,1.0,379,13,imagined,imagined
t16,shrinkage_lda,behavior,1.0,1.0,380,13,listening,listening
t16,shrinkage_lda,behavior,1.0,1.0,381,13,imagined,imagined
t16,shrinkage_lda,behavior,1.0,1.0,382,13,imagined,imagined
t16,shrinkage_lda,behavior,1.0,1.0,383,13,listening,listening
t16,shrinkage_lda,behavior,1.0,1.0,384,13,imagined,imagined
t16,shrinkage_lda,behavior,1.0,1.0,385,13,imagined,imagined
t16,shrinkage_lda,behavior,1.0,1.0,386,13,listening,listening
t16,shrinkage_lda,behavior,1.0,1.0,387,13,listening,listening
t16,shrinkage_lda,behavior,1.0,1.0,388,13,attempted,attempted
t16,shrinkage_lda,behavior,1.0,1.0,389,13,listening,listening
t16,shrinkage_lda,behavior,1.0,1.0,390,13,listening,listening
t16,shrinkage_lda,behavior,1.0,1.0,391,13,idle,idle
t16,shrinkage_lda,behavior,1.0,1.0,392,13,imagined,imagined
t16,shrinkage_lda,behavior,1.0,1.0,393,13,imagined,imagined
t16,shrinkage_lda,behavior,1.0,1.0,394,13,attempted,attempted
t16,shrinkage_lda,behavior,1.0,1.0,395,13,attempted,attempted
t16,shrinkage_lda,behavior,1.0,1.0,396,14,imagined,imagined
t16,shrinkage_lda,behavior,1.0,1.0,397,14,listening,listening
t16,shrinkage_lda,behavior,1.0,1.0,398,14,attempted,attempted
t16,shrinkage_lda,behavior,1.0,1.0,399,14,idle,idle
t16,shrinkage_lda,behavior,1.0,1.0,400,14,imagined,imagined
t16,shrinkage_lda,behavior,1.0,1.0,401,14,imagined,imagined
t16,shrinkage_lda,behavior,1.0,1.0,402,14,imagined,imagined
t16,shrinkage_lda,behavior,1.0,1.0,403,14,attempted,attempted
t16,shrinkage_lda,behavior,1.0,1.0,404,14,listening,listening
t16,shrinkage_lda,behavior,1.0,1.0,405,14,imagined,imagined
t16,shrinkage_lda,behavior,1.0,1.0,406,14,imagined,imagined
t16,shrinkage_lda,behavior,1.0,1.0,407,14,listening,listening
t16,shrinkage_lda,behavior,1.0,1.0,408,14,attempted,imagined
t16,shrinkage_lda,behavior,1.0,1.0,409,14,attempted,attempted
t16,shrinkage_lda,behavior,1.0,1.0,410,14,attempted,attempted
t16,shrinkage_lda,behavior,1.0,1.0,411,14,listening,listening
t16,shrinkage_lda,behavior,1.0,1.0,412,14,imagined,imagined
t16,shrinkage_lda,behavior,1.0,1.0,413,14,attempted,attempted
t16,shrinkage_lda,behavior,1.0,1.0,414,14,listening,listening
t16,shrinkage_lda,behavior,1.0,1.0,415,14,listening,listening
t16,shrinkage_lda,behavior,1.0,1.0,416,14,attempted,attempted
t16,shrinkage_lda,behavior,1.0,1.0,417,14,listening,listening
t16,shrinkage_lda,behavior,1.0,1.0,418,14,attempted,attempted
t16,shrinkage_lda,behavior,1.0,1.0,419,14,imagined,imagined
t16,shrinkage_lda,behavior,1.0,1.0,420,14,imagined,imagined
t16,shrinkage_lda,behavior,1.0,1.0,421,14,listening,listening
t16,shrinkage_lda,behavior,1.0,1.0,422,14,idle,idle
t16,shrinkage_lda,behavior,1.0,1.0,423,14,attempted,attempted
t16,shrinkage_lda,behavior,1.0,1.0,424,14,listening,listening
t16,shrinkage_lda,behavior,1.0,1.0,425,14,imagined,imagined
t16,shrinkage_lda,behavior,1.0,1.0,426,14,attempted,attempted
t16,shrinkage_lda,behavior,1.0,1.0,427,14,imagined,imagined
t16,shrinkage_lda,behavior,1.0,1.0,428,14,attempted,attempted
t16,shrinkage_lda,behavior,1.0,1.0,429,14,listening,listening
t16,shrinkage_lda,behavior,1.0,1.0,430,14,listening,listening
t16,shrinkage_lda,behavior,1.0,1.0,431,14,attempted,attempted
t16,shrinkage_lda,behavior,1.0,1.0,432,14,attempted,attempted
t16,shrinkage_lda,behavior,1.0,1.0,433,14,listening,listening
t16,shrinkage_lda,behavior,1.0,1.0,434,14,attempted,attempted
t16,shrinkage_lda,behavior,1.0,1.0,435,14,imagined,imagined
t16,shrinkage_lda,behavior,1.0,1.0,436,14,listening,listening
t16,shrinkage_lda,behavior,1.0,1.0,437,14,listening,listening
t16,shrinkage_lda,behavior,1.0,1.0,438,14,imagined,attempted
t16,shrinkage_lda,behavior,1.0,1.0,439,14,imagined,attempted
t16,diagonal_lda,imagined_word,1.0,1.0,353,13,kite,kite
t16,diagonal_lda,imagined_word,1.0,1.0,355,13,feel,though
t16,diagonal_lda,imagined_word,1.0,1.0,358,13,ban,day
t16,diagonal_lda,imagined_word,1.0,1.0,359,13,day,day
t16,diagonal_lda,imagined_word,1.0,1.0,361,13,choice,ban
t16,diagonal_lda,imagined_word,1.0,1.0,372,13,though,though
t16,diagonal_lda,imagined_word,1.0,1.0,373,13,were,were
t16,diagonal_lda,imagined_word,1.0,1.0,379,13,though,though
t16,diagonal_lda,imagined_word,1.0,1.0,381,13,ban,ban
t16,diagonal_lda,imagined_word,1.0,1.0,382,13,kite,kite
t16,diagonal_lda,imagined_word,1.0,1.0,384,13,choice,choice
t16,diagonal_lda,imagined_word,1.0,1.0,385,13,feel,kite
t16,diagonal_lda,imagined_word,1.0,1.0,392,13,were,were
t16,diagonal_lda,imagined_word,1.0,1.0,393,13,day,day
t16,diagonal_lda,imagined_word,1.0,1.0,396,14,were,were
t16,diagonal_lda,imagined_word,1.0,1.0,400,14,kite,day
t16,diagonal_lda,imagined_word,1.0,1.0,401,14,choice,choice
t16,diagonal_lda,imagined_word,1.0,1.0,402,14,ban,ban
t16,diagonal_lda,imagined_word,1.0,1.0,405,14,day,day
t16,diagonal_lda,imagined_word,1.0,1.0,406,14,feel,feel
t16,diagonal_lda,imagined_word,1.0,1.0,412,14,though,though
t16,diagonal_lda,imagined_word,1.0,1.0,419,14,were,were
t16,diagonal_lda,imagined_word,1.0,1.0,420,14,choice,choice
t16,diagonal_lda,imagined_word,1.0,1.0,425,14,though,though
t16,diagonal_lda,imagined_word,1.0,1.0,427,14,ban,day
t16,diagonal_lda,imagined_word,1.0,1.0,435,14,feel,ban
t16,diagonal_lda,imagined_word,1.0,1.0,438,14,day,day
t16,diagonal_lda,imagined_word,1.0,1.0,439,14,kite,kite
t16,diagonal_lda,attempted_word,1.0,1.0,354,13,kite,kite
t16,diagonal_lda,attempted_word,1.0,1.0,360,13,choice,choice
t16,diagonal_lda,attempted_word,1.0,1.0,365,13,ban,feel
t16,diagonal_lda,attempted_word,1.0,1.0,366,13,feel,feel
t16,diagonal_lda,attempted_word,1.0,1.0,367,13,though,though
t16,diagonal_lda,attempted_word,1.0,1.0,368,13,were,were
t16,diagonal_lda,attempted_word,1.0,1.0,369,13,day,day
t16,diagonal_lda,attempted_word,1.0,1.0,374,13,ban,ban
t16,diagonal_lda,attempted_word,1.0,1.0,375,13,though,though
t16,diagonal_lda,attempted_word,1.0,1.0,376,13,day,day
t16,diagonal_lda,attempted_word,1.0,1.0,377,13,feel,feel
t16,diagonal_lda,attempted_word,1.0,1.0,388,13,choice,choice
t16,diagonal_lda,attempted_word,1.0,1.0,394,13,were,were
t16,diagonal_lda,attempted_word,1.0,1.0,395,13,kite,kite
t16,diagonal_lda,attempted_word,1.0,1.0,398,14,though,ban
t16,diagonal_lda,attempted_word,1.0,1.0,403,14,were,were
t16,diagonal_lda,attempted_word,1.0,1.0,408,14,day,though
t16,diagonal_lda,attempted_word,1.0,1.0,409,14,feel,day
t16,diagonal_lda,attempted_word,1.0,1.0,410,14,kite,kite
t16,diagonal_lda,attempted_word,1.0,1.0,413,14,ban,ban
t16,diagonal_lda,attempted_word,1.0,1.0,416,14,choice,choice
t16,diagonal_lda,attempted_word,1.0,1.0,418,14,day,day
t16,diagonal_lda,attempted_word,1.0,1.0,423,14,were,were
t16,diagonal_lda,attempted_word,1.0,1.0,426,14,ban,feel
t16,diagonal_lda,attempted_word,1.0,1.0,428,14,though,though
t16,diagonal_lda,attempted_word,1.0,1.0,431,14,feel,feel
t16,diagonal_lda,attempted_word,1.0,1.0,432,14,choice,choice
t16,diagonal_lda,attempted_word,1.0,1.0,434,14,kite,kite
t16,diagonal_lda,listening_word,1.0,1.0,352,13,ban,ban
t16,diagonal_lda,listening_word,1.0,1.0,356,13,feel,feel
t16,diagonal_lda,listening_word,1.0,1.0,357,13,kite,kite
t16,diagonal_lda,listening_word,1.0,1.0,362,13,choice,choice
t16,diagonal_lda,listening_word,1.0,1.0,363,13,were,were
t16,diagonal_lda,listening_word,1.0,1.0,364,13,day,day
t16,diagonal_lda,listening_word,1.0,1.0,370,13,though,though
t16,diagonal_lda,listening_word,1.0,1.0,378,13,though,though
t16,diagonal_lda,listening_word,1.0,1.0,380,13,choice,choice
t16,diagonal_lda,listening_word,1.0,1.0,383,13,feel,feel
t16,diagonal_lda,listening_word,1.0,1.0,386,13,kite,kite
t16,diagonal_lda,listening_word,1.0,1.0,387,13,were,were
t16,diagonal_lda,listening_word,1.0,1.0,389,13,ban,ban
t16,diagonal_lda,listening_word,1.0,1.0,390,13,day,though
t16,diagonal_lda,listening_word,1.0,1.0,397,14,were,though
t16,diagonal_lda,listening_word,1.0,1.0,404,14,kite,kite
t16,diagonal_lda,listening_word,1.0,1.0,407,14,day,day
t16,diagonal_lda,listening_word,1.0,1.0,411,14,ban,ban
t16,diagonal_lda,listening_word,1.0,1.0,414,14,though,though
t16,diagonal_lda,listening_word,1.0,1.0,415,14,choice,choice
t16,diagonal_lda,listening_word,1.0,1.0,417,14,feel,feel
t16,diagonal_lda,listening_word,1.0,1.0,421,14,though,though
t16,diagonal_lda,listening_word,1.0,1.0,424,14,day,day
t16,diagonal_lda,listening_word,1.0,1.0,429,14,were,were
t16,diagonal_lda,listening_word,1.0,1.0,430,14,feel,feel
t16,diagonal_lda,listening_word,1.0,1.0,433,14,choice,choice
t16,diagonal_lda,listening_word,1.0,1.0,436,14,kite,kite
t16,diagonal_lda,listening_word,1.0,1.0,437,14,ban,ban
t16,diagonal_lda,behavior,1.0,1.0,352,13,listening,listening
t16,diagonal_lda,behavior,1.0,1.0,353,13,imagined,imagined
t16,diagonal_lda,behavior,1.0,1.0,354,13,attempted,attempted
t16,diagonal_lda,behavior,1.0,1.0,355,13,imagined,idle
t16,diagonal_lda,behavior,1.0,1.0,356,13,listening,listening
t16,diagonal_lda,behavior,1.0,1.0,357,13,listening,listening
t16,diagonal_lda,behavior,1.0,1.0,358,13,imagined,imagined
t16,diagonal_lda,behavior,1.0,1.0,359,13,imagined,imagined
t16,diagonal_lda,behavior,1.0,1.0,360,13,attempted,attempted
t16,diagonal_lda,behavior,1.0,1.0,361,13,imagined,attempted
t16,diagonal_lda,behavior,1.0,1.0,362,13,listening,listening
t16,diagonal_lda,behavior,1.0,1.0,363,13,listening,listening
t16,diagonal_lda,behavior,1.0,1.0,364,13,listening,listening
t16,diagonal_lda,behavior,1.0,1.0,365,13,attempted,attempted
t16,diagonal_lda,behavior,1.0,1.0,366,13,attempted,attempted
t16,diagonal_lda,behavior,1.0,1.0,367,13,attempted,attempted
t16,diagonal_lda,behavior,1.0,1.0,368,13,attempted,attempted
t16,diagonal_lda,behavior,1.0,1.0,369,13,attempted,attempted
t16,diagonal_lda,behavior,1.0,1.0,370,13,listening,listening
t16,diagonal_lda,behavior,1.0,1.0,371,13,idle,idle
t16,diagonal_lda,behavior,1.0,1.0,372,13,imagined,imagined
t16,diagonal_lda,behavior,1.0,1.0,373,13,imagined,imagined
t16,diagonal_lda,behavior,1.0,1.0,374,13,attempted,attempted
t16,diagonal_lda,behavior,1.0,1.0,375,13,attempted,imagined
t16,diagonal_lda,behavior,1.0,1.0,376,13,attempted,attempted
t16,diagonal_lda,behavior,1.0,1.0,377,13,attempted,attempted
t16,diagonal_lda,behavior,1.0,1.0,378,13,listening,listening
t16,diagonal_lda,behavior,1.0,1.0,379,13,imagined,imagined
t16,diagonal_lda,behavior,1.0,1.0,380,13,listening,listening
t16,diagonal_lda,behavior,1.0,1.0,381,13,imagined,idle
t16,diagonal_lda,behavior,1.0,1.0,382,13,imagined,imagined
t16,diagonal_lda,behavior,1.0,1.0,383,13,listening,listening
t16,diagonal_lda,behavior,1.0,1.0,384,13,imagined,imagined
t16,diagonal_lda,behavior,1.0,1.0,385,13,imagined,imagined
t16,diagonal_lda,behavior,1.0,1.0,386,13,listening,listening
t16,diagonal_lda,behavior,1.0,1.0,387,13,listening,listening
t16,diagonal_lda,behavior,1.0,1.0,388,13,attempted,attempted
t16,diagonal_lda,behavior,1.0,1.0,389,13,listening,listening
t16,diagonal_lda,behavior,1.0,1.0,390,13,listening,listening
t16,diagonal_lda,behavior,1.0,1.0,391,13,idle,idle
t16,diagonal_lda,behavior,1.0,1.0,392,13,imagined,imagined
t16,diagonal_lda,behavior,1.0,1.0,393,13,imagined,imagined
t16,diagonal_lda,behavior,1.0,1.0,394,13,attempted,attempted
t16,diagonal_lda,behavior,1.0,1.0,395,13,attempted,attempted
t16,diagonal_lda,behavior,1.0,1.0,396,14,imagined,imagined
t16,diagonal_lda,behavior,1.0,1.0,397,14,listening,listening
t16,diagonal_lda,behavior,1.0,1.0,398,14,attempted,attempted
t16,diagonal_lda,behavior,1.0,1.0,399,14,idle,idle
t16,diagonal_lda,behavior,1.0,1.0,400,14,imagined,imagined
t16,diagonal_lda,behavior,1.0,1.0,401,14,imagined,imagined
t16,diagonal_lda,behavior,1.0,1.0,402,14,imagined,imagined
t16,diagonal_lda,behavior,1.0,1.0,403,14,attempted,attempted
t16,diagonal_lda,behavior,1.0,1.0,404,14,listening,listening
t16,diagonal_lda,behavior,1.0,1.0,405,14,imagined,imagined
t16,diagonal_lda,behavior,1.0,1.0,406,14,imagined,imagined
t16,diagonal_lda,behavior,1.0,1.0,407,14,listening,listening
t16,diagonal_lda,behavior,1.0,1.0,408,14,attempted,imagined
t16,diagonal_lda,behavior,1.0,1.0,409,14,attempted,attempted
t16,diagonal_lda,behavior,1.0,1.0,410,14,attempted,attempted
t16,diagonal_lda,behavior,1.0,1.0,411,14,listening,listening
t16,diagonal_lda,behavior,1.0,1.0,412,14,imagined,imagined
t16,diagonal_lda,behavior,1.0,1.0,413,14,attempted,attempted
t16,diagonal_lda,behavior,1.0,1.0,414,14,listening,listening
t16,diagonal_lda,behavior,1.0,1.0,415,14,listening,listening
t16,diagonal_lda,behavior,1.0,1.0,416,14,attempted,attempted
t16,diagonal_lda,behavior,1.0,1.0,417,14,listening,listening
t16,diagonal_lda,behavior,1.0,1.0,418,14,attempted,attempted
t16,diagonal_lda,behavior,1.0,1.0,419,14,imagined,imagined
t16,diagonal_lda,behavior,1.0,1.0,420,14,imagined,imagined
t16,diagonal_lda,behavior,1.0,1.0,421,14,listening,listening
t16,diagonal_lda,behavior,1.0,1.0,422,14,idle,idle
t16,diagonal_lda,behavior,1.0,1.0,423,14,attempted,attempted
t16,diagonal_lda,behavior,1.0,1.0,424,14,listening,listening
t16,diagonal_lda,behavior,1.0,1.0,425,14,imagined,imagined
t16,diagonal_lda,behavior,1.0,1.0,426,14,attempted,attempted
t16,diagonal_lda,behavior,1.0,1.0,427,14,imagined,imagined
t16,diagonal_lda,behavior,1.0,1.0,428,14,attempted,attempted
t16,diagonal_lda,behavior,1.0,1.0,429,14,listening,listening
t16,diagonal_lda,behavior,1.0,1.0,430,14,listening,listening
t16,diagonal_lda,behavior,1.0,1.0,431,14,attempted,attempted
t16,diagonal_lda,behavior,1.0,1.0,432,14,attempted,attempted
t16,diagonal_lda,behavior,1.0,1.0,433,14,listening,listening
t16,diagonal_lda,behavior,1.0,1.0,434,14,attempted,attempted
t16,diagonal_lda,behavior,1.0,1.0,435,14,imagined,imagined
t16,diagonal_lda,behavior,1.0,1.0,436,14,listening,listening
t16,diagonal_lda,behavior,1.0,1.0,437,14,listening,listening
t16,diagonal_lda,behavior,1.0,1.0,438,14,imagined,attempted
t16,diagonal_lda,behavior,1.0,1.0,439,14,imagined,attempted
t17,shrinkage_lda,imagined_word,0.25,0.25,406,19,day,choice
t17,shrinkage_lda,imagined_word,0.25,0.25,407,19,choice,ban
t17,shrinkage_lda,imagined_word,0.25,0.25,408,19,ban,were
t17,shrinkage_lda,imagined_word,0.25,0.25,409,19,choice,choice
t17,shrinkage_lda,imagined_word,0.25,0.25,411,19,though,day
t17,shrinkage_lda,imagined_word,0.25,0.25,413,19,though,kite
t17,shrinkage_lda,imagined_word,0.25,0.25,421,19,though,ban
t17,shrinkage_lda,imagined_word,0.25,0.25,422,19,choice,day
t17,shrinkage_lda,imagined_word,0.25,0.25,423,19,were,day
t17,shrinkage_lda,imagined_word,0.25,0.25,424,19,day,ban
t17,shrinkage_lda,imagined_word,0.25,0.25,425,19,though,were
t17,shrinkage_lda,imagined_word,0.25,0.25,426,19,feel,choice
t17,shrinkage_lda,imagined_word,0.25,0.25,428,19,were,feel
t17,shrinkage_lda,imagined_word,0.25,0.25,431,19,were,day
t17,shrinkage_lda,imagined_word,0.25,0.25,434,19,kite,choice
t17,shrinkage_lda,imagined_word,0.25,0.25,435,19,ban,were
t17,shrinkage_lda,imagined_word,0.25,0.25,437,19,feel,though
t17,shrinkage_lda,imagined_word,0.25,0.25,440,19,choice,day
t17,shrinkage_lda,imagined_word,0.25,0.25,441,19,were,though
t17,shrinkage_lda,imagined_word,0.25,0.25,446,19,feel,though
t17,shrinkage_lda,imagined_word,0.25,0.25,448,19,choice,feel
t17,shrinkage_lda,imagined_word,0.25,0.25,452,19,though,feel
t17,shrinkage_lda,imagined_word,0.25,0.25,461,19,day,choice
t17,shrinkage_lda,imagined_word,0.25,0.25,462,19,feel,ban
t17,shrinkage_lda,imagined_word,0.25,0.25,463,19,feel,feel
t17,shrinkage_lda,imagined_word,0.25,0.25,468,19,ban,feel
t17,shrinkage_lda,imagined_word,0.25,0.25,469,19,day,feel
t17,shrinkage_lda,imagined_word,0.25,0.25,470,19,kite,choice
t17,shrinkage_lda,imagined_word,0.25,0.25,472,19,ban,choice
t17,shrinkage_lda,imagined_word,0.25,0.25,474,19,kite,feel
t17,shrinkage_lda,imagined_word,0.25,0.25,475,19,were,day
t17,shrinkage_lda,imagined_word,0.25,0.25,477,19,day,feel
t17,shrinkage_lda,imagined_word,0.25,0.25,478,19,kite,day
t17,shrinkage_lda,imagined_word,0.25,0.25,480,19,kite,kite
t17,shrinkage_lda,imagined_word,0.25,0.25,482,19,ban,day
t17,shrinkage_lda,imagined_word,0.25,0.25,483,19,feel,though
t17,shrinkage_lda,imagined_word,0.25,0.25,485,19,day,ban
t17,shrinkage_lda,imagined_word,0.25,0.25,486,19,day,feel
t17,shrinkage_lda,imagined_word,0.25,0.25,487,19,ban,ban
t17,shrinkage_lda,imagined_word,0.25,0.25,488,19,kite,kite
t17,shrinkage_lda,imagined_word,0.25,0.25,492,19,choice,though
t17,shrinkage_lda,imagined_word,0.25,0.25,494,19,choice,were
t17,shrinkage_lda,imagined_word,0.25,0.25,499,19,kite,day
t17,shrinkage_lda,imagined_word,0.25,0.25,500,19,though,day
t17,shrinkage_lda,imagined_word,0.25,0.25,501,19,day,were
t17,shrinkage_lda,imagined_word,0.25,0.25,502,19,kite,ban
t17,shrinkage_lda,imagined_word,0.25,0.25,505,19,choice,feel
t17,shrinkage_lda,imagined_word,0.25,0.25,506,19,were,day
t17,shrinkage_lda,imagined_word,0.25,0.25,509,19,feel,day
t17,shrinkage_lda,imagined_word,0.25,0.25,511,19,kite,though
t17,shrinkage_lda,imagined_word,0.25,0.25,512,19,ban,kite
t17,shrinkage_lda,imagined_word,0.25,0.25,513,19,choice,choice
t17,shrinkage_lda,imagined_word,0.25,0.25,516,19,were,were
t17,shrinkage_lda,imagined_word,0.25,0.25,517,19,ban,were
t17,shrinkage_lda,imagined_word,0.25,0.25,519,19,were,kite
t17,shrinkage_lda,imagined_word,0.25,0.25,520,19,day,were
t17,shrinkage_lda,imagined_word,0.25,0.25,523,19,ban,feel
t17,shrinkage_lda,imagined_word,0.25,0.25,524,19,though,though
t17,shrinkage_lda,imagined_word,0.25,0.25,525,19,day,were
t17,shrinkage_lda,imagined_word,0.25,0.25,526,19,though,were
t17,shrinkage_lda,imagined_word,0.25,0.25,527,19,though,kite
t17,shrinkage_lda,imagined_word,0.25,0.25,529,19,choice,feel
t17,shrinkage_lda,imagined_word,0.25,0.25,532,19,were,day
t17,shrinkage_lda,imagined_word,0.25,0.25,535,19,ban,kite
t17,shrinkage_lda,imagined_word,0.25,0.25,538,19,feel,day
t17,shrinkage_lda,imagined_word,0.25,0.25,540,19,feel,feel
t17,shrinkage_lda,imagined_word,0.25,0.25,542,19,were,day
t17,shrinkage_lda,imagined_word,0.25,0.25,543,19,though,though
t17,shrinkage_lda,imagined_word,0.25,0.25,546,19,feel,day
t17,shrinkage_lda,imagined_word,0.25,0.25,548,19,kite,feel
t17,shrinkage_lda,attempted_word,0.25,0.25,412,19,day,ban
t17,shrinkage_lda,attempted_word,0.25,0.25,420,19,ban,though
t17,shrinkage_lda,attempted_word,0.25,0.25,430,19,though,though
t17,shrinkage_lda,attempted_word,0.25,0.25,436,19,day,though
t17,shrinkage_lda,attempted_word,0.25,0.25,439,19,kite,choice
t17,shrinkage_lda,attempted_word,0.25,0.25,442,19,feel,though
t17,shrinkage_lda,attempted_word,0.25,0.25,444,19,day,were
t17,shrinkage_lda,attempted_word,0.25,0.25,450,19,kite,were
t17,shrinkage_lda,attempted_word,0.25,0.25,451,19,choice,choice
t17,shrinkage_lda,attempted_word,0.25,0.25,453,19,choice,ban
t17,shrinkage_lda,attempted_word,0.25,0.25,459,19,feel,feel
t17,shrinkage_lda,attempted_word,0.25,0.25,464,19,though,were
t17,shrinkage_lda,attempted_word,0.25,0.25,466,19,kite,feel
t17,shrinkage_lda,attempted_word,0.25,0.25,471,19,ban,ban
t17,shrinkage_lda,attempted_word,0.25,0.25,476,19,ban,day
t17,shrinkage_lda,attempted_word,0.25,0.25,479,19,kite,choice
t17,shrinkage_lda,attempted_word,0.25,0.25,489,19,ban,choice
t17,shrinkage_lda,attempted_word,0.25,0.25,490,19,ban,feel
t17,shrinkage_lda,attempted_word,0.25,0.25,491,19,though,were
t17,shrinkage_lda,attempted_word,0.25,0.25,495,19,were,kite
t17,shrinkage_lda,attempted_word,0.25,0.25,498,19,were,ban
t17,shrinkage_lda,attempted_word,0.25,0.25,503,19,though,though
t17,shrinkage_lda,attempted_word,0.25,0.25,514,19,day,ban
t17,shrinkage_lda,attempted_word,0.25,0.25,521,19,choice,were
t17,shrinkage_lda,attempted_word,0.25,0.25,522,19,choice,though
t17,shrinkage_lda,attempted_word,0.25,0.25,528,19,were,were
t17,shrinkage_lda,attempted_word,0.25,0.25,530,19,were,though
t17,shrinkage_lda,attempted_word,0.25,0.25,533,19,feel,choice
t17,shrinkage_lda,attempted_word,0.25,0.25,537,19,choice,kite
t17,shrinkage_lda,attempted_word,0.25,0.25,539,19,feel,kite
t17,shrinkage_lda,attempted_word,0.25,0.25,541,19,kite,though
t17,shrinkage_lda,attempted_word,0.25,0.25,544,19,were,were
t17,shrinkage_lda,attempted_word,0.25,0.25,545,19,feel,though
t17,shrinkage_lda,attempted_word,0.25,0.25,547,19,though,kite
t17,shrinkage_lda,attempted_word,0.25,0.25,550,19,day,day
t17,shrinkage_lda,listening_word,0.25,0.25,410,19,choice,day
t17,shrinkage_lda,listening_word,0.25,0.25,414,19,ban,ban
t17,shrinkage_lda,listening_word,0.25,0.25,415,19,kite,were
t17,shrinkage_lda,listening_word,0.25,0.25,416,19,feel,though
t17,shrinkage_lda,listening_word,0.25,0.25,417,19,were,day
t17,shrinkage_lda,listening_word,0.25,0.25,419,19,kite,feel
t17,shrinkage_lda,listening_word,0.25,0.25,427,19,ban,were
t17,shrinkage_lda,listening_word,0.25,0.25,429,19,choice,were
t17,shrinkage_lda,listening_word,0.25,0.25,432,19,though,ban
t17,shrinkage_lda,listening_word,0.25,0.25,433,19,day,ban
t17,shrinkage_lda,listening_word,0.25,0.25,438,19,kite,ban
t17,shrinkage_lda,listening_word,0.25,0.25,443,19,though,feel
t17,shrinkage_lda,listening_word,0.25,0.25,445,19,feel,ban
t17,shrinkage_lda,listening_word,0.25,0.25,447,19,were,day
t17,shrinkage_lda,listening_word,0.25,0.25,449,19,feel,feel
t17,shrinkage_lda,listening_word,0.25,0.25,454,19,were,day
t17,shrinkage_lda,listening_word,0.25,0.25,455,19,were,kite
t17,shrinkage_lda,listening_word,0.25,0.25,456,19,choice,ban
t17,shrinkage_lda,listening_word,0.25,0.25,458,19,kite,kite
t17,shrinkage_lda,listening_word,0.25,0.25,460,19,day,kite
t17,shrinkage_lda,listening_word,0.25,0.25,465,19,feel,ban
t17,shrinkage_lda,listening_word,0.25,0.25,473,19,day,ban
t17,shrinkage_lda,listening_word,0.25,0.25,481,19,ban,were
t17,shrinkage_lda,listening_word,0.25,0.25,484,19,though,ban
t17,shrinkage_lda,listening_word,0.25,0.25,493,19,though,kite
t17,shrinkage_lda,listening_word,0.25,0.25,497,19,were,kite
t17,shrinkage_lda,listening_word,0.25,0.25,504,19,day,choice
t17,shrinkage_lda,listening_word,0.25,0.25,508,19,day,feel
t17,shrinkage_lda,listening_word,0.25,0.25,510,19,choice,kite
t17,shrinkage_lda,listening_word,0.25,0.25,515,19,ban,ban
t17,shrinkage_lda,listening_word,0.25,0.25,518,19,kite,though
t17,shrinkage_lda,listening_word,0.25,0.25,531,19,though,kite
t17,shrinkage_lda,listening_word,0.25,0.25,534,19,ban,day
t17,shrinkage_lda,listening_word,0.25,0.25,536,19,feel,kite
t17,shrinkage_lda,listening_word,0.25,0.25,549,19,choice,though
t17,shrinkage_lda,behavior,0.25,0.25,406,19,imagined,imagined
t17,shrinkage_lda,behavior,0.25,0.25,407,19,imagined,imagined
t17,shrinkage_lda,behavior,0.25,0.25,408,19,imagined,listening
t17,shrinkage_lda,behavior,0.25,0.25,409,19,imagined,listening
t17,shrinkage_lda,behavior,0.25,0.25,410,19,listening,imagined
t17,shrinkage_lda,behavior,0.25,0.25,411,19,imagined,imagined
t17,shrinkage_lda,behavior,0.25,0.25,412,19,attempted,imagined
t17,shrinkage_lda,behavior,0.25,0.25,413,19,imagined,imagined
t17,shrinkage_lda,behavior,0.25,0.25,414,19,listening,imagined
t17,shrinkage_lda,behavior,0.25,0.25,415,19,listening,listening
t17,shrinkage_lda,behavior,0.25,0.25,416,19,listening,imagined
t17,shrinkage_lda,behavior,0.25,0.25,417,19,listening,imagined
t17,shrinkage_lda,behavior,0.25,0.25,418,19,idle,listening
t17,shrinkage_lda,behavior,0.25,0.25,419,19,listening,imagined
t17,shrinkage_lda,behavior,0.25,0.25,420,19,attempted,attempted
t17,shrinkage_lda,behavior,0.25,0.25,421,19,imagined,imagined
t17,shrinkage_lda,behavior,0.25,0.25,422,19,imagined,imagined
t17,shrinkage_lda,behavior,0.25,0.25,423,19,imagined,listening
t17,shrinkage_lda,behavior,0.25,0.25,424,19,imagined,imagined
t17,shrinkage_lda,behavior,0.25,0.25,425,19,imagined,imagined
t17,shrinkage_lda,behavior,0.25,0.25,426,19,imagined,listening
t17,shrinkage_lda,behavior,0.25,0.25,427,19,listening,listening
t17,shrinkage_lda,behavior,0.25,0.25,428,19,imagined,listening
t17,shrinkage_lda,behavior,0.25,0.25,429,19,listening,listening
t17,shrinkage_lda,behavior,0.25,0.25,430,19,attempted,imagined
t17,shrinkage_lda,behavior,0.25,0.25,431,19,imagined,imagined
t17,shrinkage_lda,behavior,0.25,0.25,432,19,listening,imagined
t17,shrinkage_lda,behavior,0.25,0.25,433,19,listening,attempted
t17,shrinkage_lda,behavior,0.25,0.25,434,19,imagined,attempted
t17,shrinkage_lda,behavior,0.25,0.25,435,19,imagined,listening
t17,shrinkage_lda,behavior,0.25,0.25,436,19,attempted,imagined
t17,shrinkage_lda,behavior,0.25,0.25,437,19,imagined,listening
t17,shrinkage_lda,behavior,0.25,0.25,438,19,listening,imagined
t17,shrinkage_lda,behavior,0.25,0.25,439,19,attempted,attempted
t17,shrinkage_lda,behavior,0.25,0.25,440,19,imagined,listening
t17,shrinkage_lda,behavior,0.25,0.25,441,19,imagined,listening
t17,shrinkage_lda,behavior,0.25,0.25,442,19,attempted,listening
t17,shrinkage_lda,behavior,0.25,0.25,443,19,listening,listening
t17,shrinkage_lda,behavior,0.25,0.25,444,19,attempted,attempted
t17,shrinkage_lda,behavior,0.25,0.25,445,19,listening,attempted
t17,shrinkage_lda,behavior,0.25,0.25,446,19,imagined,imagined
t17,shrinkage_lda,behavior,0.25,0.25,447,19,listening,listening
t17,shrinkage_lda,behavior,0.25,0.25,448,19,imagined,imagined
t17,shrinkage_lda,behavior,0.25,0.25,449,19,listening,imagined
t17,shrinkage_lda,behavior,0.25,0.25,450,19,attempted,attempted
t17,shrinkage_lda,behavior,0.25,0.25,451,19,attempted,attempted
t17,shrinkage_lda,behavior,0.25,0.25,452,19,imagined,listening
t17,shrinkage_lda,behavior,0.25,0.25,453,19,attempted,listening
t17,shrinkage_lda,behavior,0.25,0.25,454,19,listening,listening
t17,shrinkage_lda,behavior,0.25,0.25,455,19,listening,listening
t17,shrinkage_lda,behavior,0.25,0.25,456,19,listening,imagined
t17,shrinkage_lda,behavior,0.25,0.25,457,19,idle,attempted
t17,shrinkage_lda,behavior,0.25,0.25,458,19,listening,listening
t17,shrinkage_lda,behavior,0.25,0.25,459,19,attempted,imagined
t17,shrinkage_lda,behavior,0.25,0.25,460,19,listening,listening
t17,shrinkage_lda,behavior,0.25,0.25,461,19,imagined,imagined
t17,shrinkage_lda,behavior,0.25,0.25,462,19,imagined,imagined
t17,shrinkage_lda,behavior,0.25,0.25,463,19,imagined,imagined
t17,shrinkage_lda,behavior,0.25,0.25,464,19,attempted,imagined
t17,shrinkage_lda,behavior,0.25,0.25,465,19,listening,listening
t17,shrinkage_lda,behavior,0.25,0.25,466,19,attempted,attempted
t17,shrinkage_lda,behavior,0.25,0.25,467,19,idle,imagined
t17,shrinkage_lda,behavior,0.25,0.25,468,19,imagined,imagined
t17,shrinkage_lda,behavior,0.25,0.25,469,19,imagined,listening
t17,shrinkage_lda,behavior,0.25,0.25,470,19,imagined,listening
t17,shrinkage_lda,behavior,0.25,0.25,471,19,attempted,listening
t17,shrinkage_lda,behavior,0.25,0.25,472,19,imagined,imagined
t17,shrinkage_lda,behavior,0.25,0.25,473,19,listening,imagined
t17,shrinkage_lda,behavior,0.25,0.25,474,19,imagined,imagined
t17,shrinkage_lda,behavior,0.25,0.25,475,19,imagined,imagined
t17,shrinkage_lda,behavior,0.25,0.25,476,19,attempted,attempted
t17,shrinkage_lda,behavior,0.25,0.25,477,19,imagined,imagined
t17,shrinkage_lda,behavior,0.25,0.25,478,19,imagined,imagined
t17,shrinkage_lda,behavior,0.25,0.25,479,19,attempted,listening
t17,shrinkage_lda,behavior,0.25,0.25,480,19,imagined,imagined
t17,shrinkage_lda,behavior,0.25,0.25,481,19,listening,imagined
t17,shrinkage_lda,behavior,0.25,0.25,482,19,imagined,listening
t17,shrinkage_lda,behavior,0.25,0.25,483,19,imagined,attempted
t17,shrinkage_lda,behavior,0.25,0.25,484,19,listening,listening
t17,shrinkage_lda,behavior,0.25,0.25,485,19,imagined,imagined
t17,shrinkage_lda,behavior,0.25,0.25,486,19,imagined,imagined
t17,shrinkage_lda,behavior,0.25,0.25,487,19,imagined,listening
t17,shrinkage_lda,behavior,0.25,0.25,488,19,imagined,attempted
t17,shrinkage_lda,behavior,0.25,0.25,489,19,attempted,imagined
t17,shrinkage_lda,behavior,0.25,0.25,490,19,attempted,imagined
t17,shrinkage_lda,behavior,0.25,0.25,491,19,attempted,imagined
t17,shrinkage_lda,behavior,0.25,0.25,492,19,imagined,listening
t17,shrinkage_lda,behavior,0.25,0.25,493,19,listening,imagined
t17,shrinkage_lda,behavior,0.25,0.25,494,19,imagined,listening
t17,shrinkage_lda,behavior,0.25,0.25,495,19,attempted,attempted
t17,shrinkage_lda,behavior,0.25,0.25,496,19,idle,listening
t17,shrinkage_lda,behavior,0.25,0.25,497,19,listening,listening
t17,shrinkage_lda,behavior,0.25,0.25,498,19,attempted,attempted
t17,shrinkage_lda,behavior,0.25,0.25,499,19,imagined,imagined
t17,shrinkage_lda,behavior,0.25,0.25,500,19,imagined,listening
t17,shrinkage_lda,behavior,0.25,0.25,501,19,imagined,imagined
t17,shrinkage_lda,behavior,0.25,0.25,502,19,imagined,attempted
t17,shrinkage_lda,behavior,0.25,0.25,503,19,attempted,listening
t17,shrinkage_lda,behavior,0.25,0.25,504,19,listening,imagined
t17,shrinkage_lda,behavior,0.25,0.25,505,19,imagined,attempted
t17,shrinkage_lda,behavior,0.25,0.25,506,19,imagined,listening
t17,shrinkage_lda,behavior,0.25,0.25,507,19,idle,listening
t17,shrinkage_lda,behavior,0.25,0.25,508,19,listening,listening
t17,shrinkage_lda,behavior,0.25,0.25,509,19,imagined,listening
t17,shrinkage_lda,behavior,0.25,0.25,510,19,listening,imagined
t17,shrinkage_lda,behavior,0.25,0.25,511,19,imagined,attempted
t17,shrinkage_lda,behavior,0.25,0.25,512,19,imagined,attempted
t17,shrinkage_lda,behavior,0.25,0.25,513,19,imagined,listening
t17,shrinkage_lda,behavior,0.25,0.25,514,19,attempted,listening
t17,shrinkage_lda,behavior,0.25,0.25,515,19,listening,listening
t17,shrinkage_lda,behavior,0.25,0.25,516,19,imagined,attempted
t17,shrinkage_lda,behavior,0.25,0.25,517,19,imagined,listening
t17,shrinkage_lda,behavior,0.25,0.25,518,19,listening,listening
t17,shrinkage_lda,behavior,0.25,0.25,519,19,imagined,attempted
t17,shrinkage_lda,behavior,0.25,0.25,520,19,imagined,attempted
t17,shrinkage_lda,behavior,0.25,0.25,521,19,attempted,imagined
t17,shrinkage_lda,behavior,0.25,0.25,522,19,attempted,imagined
t17,shrinkage_lda,behavior,0.25,0.25,523,19,imagined,listening
t17,shrinkage_lda,behavior,0.25,0.25,524,19,imagined,listening
t17,shrinkage_lda,behavior,0.25,0.25,525,19,imagined,listening
t17,shrinkage_lda,behavior,0.25,0.25,526,19,imagined,imagined
t17,shrinkage_lda,behavior,0.25,0.25,527,19,imagined,imagined
t17,shrinkage_lda,behavior,0.25,0.25,528,19,attempted,attempted
t17,shrinkage_lda,behavior,0.25,0.25,529,19,imagined,attempted
t17,shrinkage_lda,behavior,0.25,0.25,530,19,attempted,imagined
t17,shrinkage_lda,behavior,0.25,0.25,531,19,listening,imagined
t17,shrinkage_lda,behavior,0.25,0.25,532,19,imagined,listening
t17,shrinkage_lda,behavior,0.25,0.25,533,19,attempted,attempted
t17,shrinkage_lda,behavior,0.25,0.25,534,19,listening,imagined
t17,shrinkage_lda,behavior,0.25,0.25,535,19,imagined,imagined
t17,shrinkage_lda,behavior,0.25,0.25,536,19,listening,attempted
t17,shrinkage_lda,behavior,0.25,0.25,537,19,attempted,attempted
t17,shrinkage_lda,behavior,0.25,0.25,538,19,imagined,listening
t17,shrinkage_lda,behavior,0.25,0.25,539,19,attempted,attempted
t17,shrinkage_lda,behavior,0.25,0.25,540,19,imagined,imagined
t17,shrinkage_lda,behavior,0.25,0.25,541,19,attempted,attempted
t17,shrinkage_lda,behavior,0.25,0.25,542,19,imagined,listening
t17,shrinkage_lda,behavior,0.25,0.25,543,19,imagined,listening
t17,shrinkage_lda,behavior,0.25,0.25,544,19,attempted,imagined
t17,shrinkage_lda,behavior,0.25,0.25,545,19,attempted,imagined
t17,shrinkage_lda,behavior,0.25,0.25,546,19,imagined,imagined
t17,shrinkage_lda,behavior,0.25,0.25,547,19,attempted,imagined
t17,shrinkage_lda,behavior,0.25,0.25,548,19,imagined,imagined
t17,shrinkage_lda,behavior,0.25,0.25,549,19,listening,listening
t17,shrinkage_lda,behavior,0.25,0.25,550,19,attempted,attempted
t17,diagonal_lda,imagined_word,0.25,0.25,406,19,day,choice
t17,diagonal_lda,imagined_word,0.25,0.25,407,19,choice,ban
t17,diagonal_lda,imagined_word,0.25,0.25,408,19,ban,day
t17,diagonal_lda,imagined_word,0.25,0.25,409,19,choice,choice
t17,diagonal_lda,imagined_word,0.25,0.25,411,19,though,day
t17,diagonal_lda,imagined_word,0.25,0.25,413,19,though,were
t17,diagonal_lda,imagined_word,0.25,0.25,421,19,though,ban
t17,diagonal_lda,imagined_word,0.25,0.25,422,19,choice,day
t17,diagonal_lda,imagined_word,0.25,0.25,423,19,were,day
t17,diagonal_lda,imagined_word,0.25,0.25,424,19,day,ban
t17,diagonal_lda,imagined_word,0.25,0.25,425,19,though,were
t17,diagonal_lda,imagined_word,0.25,0.25,426,19,feel,choice
t17,diagonal_lda,imagined_word,0.25,0.25,428,19,were,feel
t17,diagonal_lda,imagined_word,0.25,0.25,431,19,were,day
t17,diagonal_lda,imagined_word,0.25,0.25,434,19,kite,choice
t17,diagonal_lda,imagined_word,0.25,0.25,435,19,ban,were
t17,diagonal_lda,imagined_word,0.25,0.25,437,19,feel,though
t17,diagonal_lda,imagined_word,0.25,0.25,440,19,choice,day
t17,diagonal_lda,imagined_word,0.25,0.25,441,19,were,though
t17,diagonal_lda,imagined_word,0.25,0.25,446,19,feel,though
t17,diagonal_lda,imagined_word,0.25,0.25,448,19,choice,feel
t17,diagonal_lda,imagined_word,0.25,0.25,452,19,though,feel
t17,diagonal_lda,imagined_word,0.25,0.25,461,19,day,choice
t17,diagonal_lda,imagined_word,0.25,0.25,462,19,feel,ban
t17,diagonal_lda,imagined_word,0.25,0.25,463,19,feel,feel
t17,diagonal_lda,imagined_word,0.25,0.25,468,19,ban,feel
t17,diagonal_lda,imagined_word,0.25,0.25,469,19,day,feel
t17,diagonal_lda,imagined_word,0.25,0.25,470,19,kite,choice
t17,diagonal_lda,imagined_word,0.25,0.25,472,19,ban,choice
t17,diagonal_lda,imagined_word,0.25,0.25,474,19,kite,feel
t17,diagonal_lda,imagined_word,0.25,0.25,475,19,were,day
t17,diagonal_lda,imagined_word,0.25,0.25,477,19,day,feel
t17,diagonal_lda,imagined_word,0.25,0.25,478,19,kite,day
t17,diagonal_lda,imagined_word,0.25,0.25,480,19,kite,kite
t17,diagonal_lda,imagined_word,0.25,0.25,482,19,ban,day
t17,diagonal_lda,imagined_word,0.25,0.25,483,19,feel,though
t17,diagonal_lda,imagined_word,0.25,0.25,485,19,day,were
t17,diagonal_lda,imagined_word,0.25,0.25,486,19,day,feel
t17,diagonal_lda,imagined_word,0.25,0.25,487,19,ban,were
t17,diagonal_lda,imagined_word,0.25,0.25,488,19,kite,kite
t17,diagonal_lda,imagined_word,0.25,0.25,492,19,choice,though
t17,diagonal_lda,imagined_word,0.25,0.25,494,19,choice,were
t17,diagonal_lda,imagined_word,0.25,0.25,499,19,kite,day
t17,diagonal_lda,imagined_word,0.25,0.25,500,19,though,day
t17,diagonal_lda,imagined_word,0.25,0.25,501,19,day,were
t17,diagonal_lda,imagined_word,0.25,0.25,502,19,kite,ban
t17,diagonal_lda,imagined_word,0.25,0.25,505,19,choice,feel
t17,diagonal_lda,imagined_word,0.25,0.25,506,19,were,were
t17,diagonal_lda,imagined_word,0.25,0.25,509,19,feel,day
t17,diagonal_lda,imagined_word,0.25,0.25,511,19,kite,though
t17,diagonal_lda,imagined_word,0.25,0.25,512,19,ban,kite
t17,diagonal_lda,imagined_word,0.25,0.25,513,19,choice,choice
t17,diagonal_lda,imagined_word,0.25,0.25,516,19,were,were
t17,diagonal_lda,imagined_word,0.25,0.25,517,19,ban,were
t17,diagonal_lda,imagined_word,0.25,0.25,519,19,were,kite
t17,diagonal_lda,imagined_word,0.25,0.25,520,19,day,were
t17,diagonal_lda,imagined_word,0.25,0.25,523,19,ban,feel
t17,diagonal_lda,imagined_word,0.25,0.25,524,19,though,though
t17,diagonal_lda,imagined_word,0.25,0.25,525,19,day,were
t17,diagonal_lda,imagined_word,0.25,0.25,526,19,though,were
t17,diagonal_lda,imagined_word,0.25,0.25,527,19,though,kite
t17,diagonal_lda,imagined_word,0.25,0.25,529,19,choice,feel
t17,diagonal_lda,imagined_word,0.25,0.25,532,19,were,day
t17,diagonal_lda,imagined_word,0.25,0.25,535,19,ban,kite
t17,diagonal_lda,imagined_word,0.25,0.25,538,19,feel,day
t17,diagonal_lda,imagined_word,0.25,0.25,540,19,feel,feel
t17,diagonal_lda,imagined_word,0.25,0.25,542,19,were,day
t17,diagonal_lda,imagined_word,0.25,0.25,543,19,though,though
t17,diagonal_lda,imagined_word,0.25,0.25,546,19,feel,day
t17,diagonal_lda,imagined_word,0.25,0.25,548,19,kite,feel
t17,diagonal_lda,attempted_word,0.25,0.25,412,19,day,ban
t17,diagonal_lda,attempted_word,0.25,0.25,420,19,ban,though
t17,diagonal_lda,attempted_word,0.25,0.25,430,19,though,were
t17,diagonal_lda,attempted_word,0.25,0.25,436,19,day,day
t17,diagonal_lda,attempted_word,0.25,0.25,439,19,kite,day
t17,diagonal_lda,attempted_word,0.25,0.25,442,19,feel,though
t17,diagonal_lda,attempted_word,0.25,0.25,444,19,day,though
t17,diagonal_lda,attempted_word,0.25,0.25,450,19,kite,were
t17,diagonal_lda,attempted_word,0.25,0.25,451,19,choice,choice
t17,diagonal_lda,attempted_word,0.25,0.25,453,19,choice,ban
t17,diagonal_lda,attempted_word,0.25,0.25,459,19,feel,feel
t17,diagonal_lda,attempted_word,0.25,0.25,464,19,though,were
t17,diagonal_lda,attempted_word,0.25,0.25,466,19,kite,feel
t17,diagonal_lda,attempted_word,0.25,0.25,471,19,ban,ban
t17,diagonal_lda,attempted_word,0.25,0.25,476,19,ban,day
t17,diagonal_lda,attempted_word,0.25,0.25,479,19,kite,choice
t17,diagonal_lda,attempted_word,0.25,0.25,489,19,ban,choice
t17,diagonal_lda,attempted_word,0.25,0.25,490,19,ban,feel
t17,diagonal_lda,attempted_word,0.25,0.25,491,19,though,day
t17,diagonal_lda,attempted_word,0.25,0.25,495,19,were,kite
t17,diagonal_lda,attempted_word,0.25,0.25,498,19,were,choice
t17,diagonal_lda,attempted_word,0.25,0.25,503,19,though,feel
t17,diagonal_lda,attempted_word,0.25,0.25,514,19,day,feel
t17,diagonal_lda,attempted_word,0.25,0.25,521,19,choice,choice
t17,diagonal_lda,attempted_word,0.25,0.25,522,19,choice,though
t17,diagonal_lda,attempted_word,0.25,0.25,528,19,were,were
t17,diagonal_lda,attempted_word,0.25,0.25,530,19,were,though
t17,diagonal_lda,attempted_word,0.25,0.25,533,19,feel,choice
t17,diagonal_lda,attempted_word,0.25,0.25,537,19,choice,kite
t17,diagonal_lda,attempted_word,0.25,0.25,539,19,feel,kite
t17,diagonal_lda,attempted_word,0.25,0.25,541,19,kite,though
t17,diagonal_lda,attempted_word,0.25,0.25,544,19,were,were
t17,diagonal_lda,attempted_word,0.25,0.25,545,19,feel,though
t17,diagonal_lda,attempted_word,0.25,0.25,547,19,though,kite
t17,diagonal_lda,attempted_word,0.25,0.25,550,19,day,though
t17,diagonal_lda,listening_word,0.25,0.25,410,19,choice,day
t17,diagonal_lda,listening_word,0.25,0.25,414,19,ban,ban
t17,diagonal_lda,listening_word,0.25,0.25,415,19,kite,choice
t17,diagonal_lda,listening_word,0.25,0.25,416,19,feel,though
t17,diagonal_lda,listening_word,0.25,0.25,417,19,were,were
t17,diagonal_lda,listening_word,0.25,0.25,419,19,kite,feel
t17,diagonal_lda,listening_word,0.25,0.25,427,19,ban,though
t17,diagonal_lda,listening_word,0.25,0.25,429,19,choice,were
t17,diagonal_lda,listening_word,0.25,0.25,432,19,though,though
t17,diagonal_lda,listening_word,0.25,0.25,433,19,day,ban
t17,diagonal_lda,listening_word,0.25,0.25,438,19,kite,ban
t17,diagonal_lda,listening_word,0.25,0.25,443,19,though,though
t17,diagonal_lda,listening_word,0.25,0.25,445,19,feel,ban
t17,diagonal_lda,listening_word,0.25,0.25,447,19,were,choice
t17,diagonal_lda,listening_word,0.25,0.25,449,19,feel,feel
t17,diagonal_lda,listening_word,0.25,0.25,454,19,were,day
t17,diagonal_lda,listening_word,0.25,0.25,455,19,were,feel
t17,diagonal_lda,listening_word,0.25,0.25,456,19,choice,though
t17,diagonal_lda,listening_word,0.25,0.25,458,19,kite,kite
t17,diagonal_lda,listening_word,0.25,0.25,460,19,day,kite
t17,diagonal_lda,listening_word,0.25,0.25,465,19,feel,ban
t17,diagonal_lda,listening_word,0.25,0.25,473,19,day,ban
t17,diagonal_lda,listening_word,0.25,0.25,481,19,ban,were
t17,diagonal_lda,listening_word,0.25,0.25,484,19,though,ban
t17,diagonal_lda,listening_word,0.25,0.25,493,19,though,kite
t17,diagonal_lda,listening_word,0.25,0.25,497,19,were,kite
t17,diagonal_lda,listening_word,0.25,0.25,504,19,day,choice
t17,diagonal_lda,listening_word,0.25,0.25,508,19,day,feel
t17,diagonal_lda,listening_word,0.25,0.25,510,19,choice,kite
t17,diagonal_lda,listening_word,0.25,0.25,515,19,ban,ban
t17,diagonal_lda,listening_word,0.25,0.25,518,19,kite,though
t17,diagonal_lda,listening_word,0.25,0.25,531,19,though,kite
t17,diagonal_lda,listening_word,0.25,0.25,534,19,ban,choice
t17,diagonal_lda,listening_word,0.25,0.25,536,19,feel,kite
t17,diagonal_lda,listening_word,0.25,0.25,549,19,choice,though
t17,diagonal_lda,behavior,0.25,0.25,406,19,imagined,imagined
t17,diagonal_lda,behavior,0.25,0.25,407,19,imagined,imagined
t17,diagonal_lda,behavior,0.25,0.25,408,19,imagined,listening
t17,diagonal_lda,behavior,0.25,0.25,409,19,imagined,listening
t17,diagonal_lda,behavior,0.25,0.25,410,19,listening,imagined
t17,diagonal_lda,behavior,0.25,0.25,411,19,imagined,imagined
t17,diagonal_lda,behavior,0.25,0.25,412,19,attempted,imagined
t17,diagonal_lda,behavior,0.25,0.25,413,19,imagined,listening
t17,diagonal_lda,behavior,0.25,0.25,414,19,listening,imagined
t17,diagonal_lda,behavior,0.25,0.25,415,19,listening,listening
t17,diagonal_lda,behavior,0.25,0.25,416,19,listening,imagined
t17,diagonal_lda,behavior,0.25,0.25,417,19,listening,listening
t17,diagonal_lda,behavior,0.25,0.25,418,19,idle,listening
t17,diagonal_lda,behavior,0.25,0.25,419,19,listening,imagined
t17,diagonal_lda,behavior,0.25,0.25,420,19,attempted,attempted
t17,diagonal_lda,behavior,0.25,0.25,421,19,imagined,imagined
t17,diagonal_lda,behavior,0.25,0.25,422,19,imagined,imagined
t17,diagonal_lda,behavior,0.25,0.25,423,19,imagined,listening
t17,diagonal_lda,behavior,0.25,0.25,424,19,imagined,imagined
t17,diagonal_lda,behavior,0.25,0.25,425,19,imagined,imagined
t17,diagonal_lda,behavior,0.25,0.25,426,19,imagined,listening
t17,diagonal_lda,behavior,0.25,0.25,427,19,listening,listening
t17,diagonal_lda,behavior,0.25,0.25,428,19,imagined,listening
t17,diagonal_lda,behavior,0.25,0.25,429,19,listening,listening
t17,diagonal_lda,behavior,0.25,0.25,430,19,attempted,imagined
t17,diagonal_lda,behavior,0.25,0.25,431,19,imagined,imagined
t17,diagonal_lda,behavior,0.25,0.25,432,19,listening,imagined
t17,diagonal_lda,behavior,0.25,0.25,433,19,listening,attempted
t17,diagonal_lda,behavior,0.25,0.25,434,19,imagined,attempted
t17,diagonal_lda,behavior,0.25,0.25,435,19,imagined,listening
t17,diagonal_lda,behavior,0.25,0.25,436,19,attempted,imagined
t17,diagonal_lda,behavior,0.25,0.25,437,19,imagined,listening
t17,diagonal_lda,behavior,0.25,0.25,438,19,listening,imagined
t17,diagonal_lda,behavior,0.25,0.25,439,19,attempted,attempted
t17,diagonal_lda,behavior,0.25,0.25,440,19,imagined,listening
t17,diagonal_lda,behavior,0.25,0.25,441,19,imagined,listening
t17,diagonal_lda,behavior,0.25,0.25,442,19,attempted,imagined
t17,diagonal_lda,behavior,0.25,0.25,443,19,listening,listening
t17,diagonal_lda,behavior,0.25,0.25,444,19,attempted,attempted
t17,diagonal_lda,behavior,0.25,0.25,445,19,listening,attempted
t17,diagonal_lda,behavior,0.25,0.25,446,19,imagined,imagined
t17,diagonal_lda,behavior,0.25,0.25,447,19,listening,listening
t17,diagonal_lda,behavior,0.25,0.25,448,19,imagined,imagined
t17,diagonal_lda,behavior,0.25,0.25,449,19,listening,imagined
t17,diagonal_lda,behavior,0.25,0.25,450,19,attempted,attempted
t17,diagonal_lda,behavior,0.25,0.25,451,19,attempted,attempted
t17,diagonal_lda,behavior,0.25,0.25,452,19,imagined,listening
t17,diagonal_lda,behavior,0.25,0.25,453,19,attempted,listening
t17,diagonal_lda,behavior,0.25,0.25,454,19,listening,listening
t17,diagonal_lda,behavior,0.25,0.25,455,19,listening,listening
t17,diagonal_lda,behavior,0.25,0.25,456,19,listening,imagined
t17,diagonal_lda,behavior,0.25,0.25,457,19,idle,attempted
t17,diagonal_lda,behavior,0.25,0.25,458,19,listening,listening
t17,diagonal_lda,behavior,0.25,0.25,459,19,attempted,listening
t17,diagonal_lda,behavior,0.25,0.25,460,19,listening,listening
t17,diagonal_lda,behavior,0.25,0.25,461,19,imagined,imagined
t17,diagonal_lda,behavior,0.25,0.25,462,19,imagined,imagined
t17,diagonal_lda,behavior,0.25,0.25,463,19,imagined,imagined
t17,diagonal_lda,behavior,0.25,0.25,464,19,attempted,imagined
t17,diagonal_lda,behavior,0.25,0.25,465,19,listening,listening
t17,diagonal_lda,behavior,0.25,0.25,466,19,attempted,attempted
t17,diagonal_lda,behavior,0.25,0.25,467,19,idle,imagined
t17,diagonal_lda,behavior,0.25,0.25,468,19,imagined,imagined
t17,diagonal_lda,behavior,0.25,0.25,469,19,imagined,listening
t17,diagonal_lda,behavior,0.25,0.25,470,19,imagined,listening
t17,diagonal_lda,behavior,0.25,0.25,471,19,attempted,listening
t17,diagonal_lda,behavior,0.25,0.25,472,19,imagined,attempted
t17,diagonal_lda,behavior,0.25,0.25,473,19,listening,imagined
t17,diagonal_lda,behavior,0.25,0.25,474,19,imagined,imagined
t17,diagonal_lda,behavior,0.25,0.25,475,19,imagined,imagined
t17,diagonal_lda,behavior,0.25,0.25,476,19,attempted,attempted
t17,diagonal_lda,behavior,0.25,0.25,477,19,imagined,imagined
t17,diagonal_lda,behavior,0.25,0.25,478,19,imagined,imagined
t17,diagonal_lda,behavior,0.25,0.25,479,19,attempted,listening
t17,diagonal_lda,behavior,0.25,0.25,480,19,imagined,imagined
t17,diagonal_lda,behavior,0.25,0.25,481,19,listening,imagined
t17,diagonal_lda,behavior,0.25,0.25,482,19,imagined,listening
t17,diagonal_lda,behavior,0.25,0.25,483,19,imagined,attempted
t17,diagonal_lda,behavior,0.25,0.25,484,19,listening,listening
t17,diagonal_lda,behavior,0.25,0.25,485,19,imagined,imagined
t17,diagonal_lda,behavior,0.25,0.25,486,19,imagined,listening
t17,diagonal_lda,behavior,0.25,0.25,487,19,imagined,listening
t17,diagonal_lda,behavior,0.25,0.25,488,19,imagined,attempted
t17,diagonal_lda,behavior,0.25,0.25,489,19,attempted,imagined
t17,diagonal_lda,behavior,0.25,0.25,490,19,attempted,imagined
t17,diagonal_lda,behavior,0.25,0.25,491,19,attempted,imagined
t17,diagonal_lda,behavior,0.25,0.25,492,19,imagined,listening
t17,diagonal_lda,behavior,0.25,0.25,493,19,listening,listening
t17,diagonal_lda,behavior,0.25,0.25,494,19,imagined,listening
t17,diagonal_lda,behavior,0.25,0.25,495,19,attempted,attempted
t17,diagonal_lda,behavior,0.25,0.25,496,19,idle,listening
t17,diagonal_lda,behavior,0.25,0.25,497,19,listening,imagined
t17,diagonal_lda,behavior,0.25,0.25,498,19,attempted,attempted
t17,diagonal_lda,behavior,0.25,0.25,499,19,imagined,imagined
t17,diagonal_lda,behavior,0.25,0.25,500,19,imagined,listening
t17,diagonal_lda,behavior,0.25,0.25,501,19,imagined,imagined
t17,diagonal_lda,behavior,0.25,0.25,502,19,imagined,attempted
t17,diagonal_lda,behavior,0.25,0.25,503,19,attempted,listening
t17,diagonal_lda,behavior,0.25,0.25,504,19,listening,imagined
t17,diagonal_lda,behavior,0.25,0.25,505,19,imagined,attempted
t17,diagonal_lda,behavior,0.25,0.25,506,19,imagined,listening
t17,diagonal_lda,behavior,0.25,0.25,507,19,idle,listening
t17,diagonal_lda,behavior,0.25,0.25,508,19,listening,listening
t17,diagonal_lda,behavior,0.25,0.25,509,19,imagined,imagined
t17,diagonal_lda,behavior,0.25,0.25,510,19,listening,imagined
t17,diagonal_lda,behavior,0.25,0.25,511,19,imagined,attempted
t17,diagonal_lda,behavior,0.25,0.25,512,19,imagined,attempted
t17,diagonal_lda,behavior,0.25,0.25,513,19,imagined,listening
t17,diagonal_lda,behavior,0.25,0.25,514,19,attempted,listening
t17,diagonal_lda,behavior,0.25,0.25,515,19,listening,listening
t17,diagonal_lda,behavior,0.25,0.25,516,19,imagined,attempted
t17,diagonal_lda,behavior,0.25,0.25,517,19,imagined,listening
t17,diagonal_lda,behavior,0.25,0.25,518,19,listening,listening
t17,diagonal_lda,behavior,0.25,0.25,519,19,imagined,attempted
t17,diagonal_lda,behavior,0.25,0.25,520,19,imagined,attempted
t17,diagonal_lda,behavior,0.25,0.25,521,19,attempted,imagined
t17,diagonal_lda,behavior,0.25,0.25,522,19,attempted,imagined
t17,diagonal_lda,behavior,0.25,0.25,523,19,imagined,listening
t17,diagonal_lda,behavior,0.25,0.25,524,19,imagined,listening
t17,diagonal_lda,behavior,0.25,0.25,525,19,imagined,listening
t17,diagonal_lda,behavior,0.25,0.25,526,19,imagined,imagined
t17,diagonal_lda,behavior,0.25,0.25,527,19,imagined,imagined
t17,diagonal_lda,behavior,0.25,0.25,528,19,attempted,attempted
t17,diagonal_lda,behavior,0.25,0.25,529,19,imagined,attempted
t17,diagonal_lda,behavior,0.25,0.25,530,19,attempted,imagined
t17,diagonal_lda,behavior,0.25,0.25,531,19,listening,imagined
t17,diagonal_lda,behavior,0.25,0.25,532,19,imagined,listening
t17,diagonal_lda,behavior,0.25,0.25,533,19,attempted,attempted
t17,diagonal_lda,behavior,0.25,0.25,534,19,listening,imagined
t17,diagonal_lda,behavior,0.25,0.25,535,19,imagined,imagined
t17,diagonal_lda,behavior,0.25,0.25,536,19,listening,attempted
t17,diagonal_lda,behavior,0.25,0.25,537,19,attempted,attempted
t17,diagonal_lda,behavior,0.25,0.25,538,19,imagined,listening
t17,diagonal_lda,behavior,0.25,0.25,539,19,attempted,attempted
t17,diagonal_lda,behavior,0.25,0.25,540,19,imagined,imagined
t17,diagonal_lda,behavior,0.25,0.25,541,19,attempted,attempted
t17,diagonal_lda,behavior,0.25,0.25,542,19,imagined,imagined
t17,diagonal_lda,behavior,0.25,0.25,543,19,imagined,listening
t17,diagonal_lda,behavior,0.25,0.25,544,19,attempted,imagined
t17,diagonal_lda,behavior,0.25,0.25,545,19,attempted,imagined
t17,diagonal_lda,behavior,0.25,0.25,546,19,imagined,imagined
t17,diagonal_lda,behavior,0.25,0.25,547,19,attempted,attempted
t17,diagonal_lda,behavior,0.25,0.25,548,19,imagined,listening
t17,diagonal_lda,behavior,0.25,0.25,549,19,listening,listening
t17,diagonal_lda,behavior,0.25,0.25,550,19,attempted,attempted
t17,shrinkage_lda,imagined_word,0.5,0.5,406,19,day,day
t17,shrinkage_lda,imagined_word,0.5,0.5,407,19,choice,ban
t17,shrinkage_lda,imagined_word,0.5,0.5,408,19,ban,choice
t17,shrinkage_lda,imagined_word,0.5,0.5,409,19,choice,choice
t17,shrinkage_lda,imagined_word,0.5,0.5,411,19,though,though
t17,shrinkage_lda,imagined_word,0.5,0.5,413,19,though,were
t17,shrinkage_lda,imagined_word,0.5,0.5,421,19,though,though
t17,shrinkage_lda,imagined_word,0.5,0.5,422,19,choice,feel
t17,shrinkage_lda,imagined_word,0.5,0.5,423,19,were,day
t17,shrinkage_lda,imagined_word,0.5,0.5,424,19,day,feel
t17,shrinkage_lda,imagined_word,0.5,0.5,425,19,though,though
t17,shrinkage_lda,imagined_word,0.5,0.5,426,19,feel,feel
t17,shrinkage_lda,imagined_word,0.5,0.5,428,19,were,feel
t17,shrinkage_lda,imagined_word,0.5,0.5,431,19,were,day
t17,shrinkage_lda,imagined_word,0.5,0.5,434,19,kite,kite
t17,shrinkage_lda,imagined_word,0.5,0.5,435,19,ban,were
t17,shrinkage_lda,imagined_word,0.5,0.5,437,19,feel,ban
t17,shrinkage_lda,imagined_word,0.5,0.5,440,19,choice,choice
t17,shrinkage_lda,imagined_word,0.5,0.5,441,19,were,were
t17,shrinkage_lda,imagined_word,0.5,0.5,446,19,feel,though
t17,shrinkage_lda,imagined_word,0.5,0.5,448,19,choice,feel
t17,shrinkage_lda,imagined_word,0.5,0.5,452,19,though,feel
t17,shrinkage_lda,imagined_word,0.5,0.5,461,19,day,though
t17,shrinkage_lda,imagined_word,0.5,0.5,462,19,feel,ban
t17,shrinkage_lda,imagined_word,0.5,0.5,463,19,feel,feel
t17,shrinkage_lda,imagined_word,0.5,0.5,468,19,ban,feel
t17,shrinkage_lda,imagined_word,0.5,0.5,469,19,day,though
t17,shrinkage_lda,imagined_word,0.5,0.5,470,19,kite,though
t17,shrinkage_lda,imagined_word,0.5,0.5,472,19,ban,choice
t17,shrinkage_lda,imagined_word,0.5,0.5,474,19,kite,kite
t17,shrinkage_lda,imagined_word,0.5,0.5,475,19,were,choice
t17,shrinkage_lda,imagined_word,0.5,0.5,477,19,day,feel
t17,shrinkage_lda,imagined_word,0.5,0.5,478,19,kite,day
t17,shrinkage_lda,imagined_word,0.5,0.5,480,19,kite,kite
t17,shrinkage_lda,imagined_word,0.5,0.5,482,19,ban,though
t17,shrinkage_lda,imagined_word,0.5,0.5,483,19,feel,feel
t17,shrinkage_lda,imagined_word,0.5,0.5,485,19,day,though
t17,shrinkage_lda,imagined_word,0.5,0.5,486,19,day,day
t17,shrinkage_lda,imagined_word,0.5,0.5,487,19,ban,were
t17,shrinkage_lda,imagined_word,0.5,0.5,488,19,kite,kite
t17,shrinkage_lda,imagined_word,0.5,0.5,492,19,choice,were
t17,shrinkage_lda,imagined_word,0.5,0.5,494,19,choice,were
t17,shrinkage_lda,imagined_word,0.5,0.5,499,19,kite,kite
t17,shrinkage_lda,imagined_word,0.5,0.5,500,19,though,day
t17,shrinkage_lda,imagined_word,0.5,0.5,501,19,day,were
t17,shrinkage_lda,imagined_word,0.5,0.5,502,19,kite,though
t17,shrinkage_lda,imagined_word,0.5,0.5,505,19,choice,choice
t17,shrinkage_lda,imagined_word,0.5,0.5,506,19,were,were
t17,shrinkage_lda,imagined_word,0.5,0.5,509,19,feel,day
t17,shrinkage_lda,imagined_word,0.5,0.5,511,19,kite,though
t17,shrinkage_lda,imagined_word,0.5,0.5,512,19,ban,feel
t17,shrinkage_lda,imagined_word,0.5,0.5,513,19,choice,feel
t17,shrinkage_lda,imagined_word,0.5,0.5,516,19,were,were
t17,shrinkage_lda,imagined_word,0.5,0.5,517,19,ban,ban
t17,shrinkage_lda,imagined_word,0.5,0.5,519,19,were,choice
t17,shrinkage_lda,imagined_word,0.5,0.5,520,19,day,were
t17,shrinkage_lda,imagined_word,0.5,0.5,523,19,ban,were
t17,shrinkage_lda,imagined_word,0.5,0.5,524,19,though,though
t17,shrinkage_lda,imagined_word,0.5,0.5,525,19,day,day
t17,shrinkage_lda,imagined_word,0.5,0.5,526,19,though,feel
t17,shrinkage_lda,imagined_word,0.5,0.5,527,19,though,kite
t17,shrinkage_lda,imagined_word,0.5,0.5,529,19,choice,were
t17,shrinkage_lda,imagined_word,0.5,0.5,532,19,were,kite
t17,shrinkage_lda,imagined_word,0.5,0.5,535,19,ban,kite
t17,shrinkage_lda,imagined_word,0.5,0.5,538,19,feel,choice
t17,shrinkage_lda,imagined_word,0.5,0.5,540,19,feel,were
t17,shrinkage_lda,imagined_word,0.5,0.5,542,19,were,day
t17,shrinkage_lda,imagined_word,0.5,0.5,543,19,though,though
t17,shrinkage_lda,imagined_word,0.5,0.5,546,19,feel,day
t17,shrinkage_lda,imagined_word,0.5,0.5,548,19,kite,ban
t17,shrinkage_lda,attempted_word,0.5,0.5,412,19,day,feel
t17,shrinkage_lda,attempted_word,0.5,0.5,420,19,ban,ban
t17,shrinkage_lda,attempted_word,0.5,0.5,430,19,though,were
t17,shrinkage_lda,attempted_word,0.5,0.5,436,19,day,ban
t17,shrinkage_lda,attempted_word,0.5,0.5,439,19,kite,kite
t17,shrinkage_lda,attempted_word,0.5,0.5,442,19,feel,choice
t17,shrinkage_lda,attempted_word,0.5,0.5,444,19,day,were
t17,shrinkage_lda,attempted_word,0.5,0.5,450,19,kite,were
t17,shrinkage_lda,attempted_word,0.5,0.5,451,19,choice,choice
t17,shrinkage_lda,attempted_word,0.5,0.5,453,19,choice,choice
t17,shrinkage_lda,attempted_word,0.5,0.5,459,19,feel,ban
t17,shrinkage_lda,attempted_word,0.5,0.5,464,19,though,were
t17,shrinkage_lda,attempted_word,0.5,0.5,466,19,kite,feel
t17,shrinkage_lda,attempted_word,0.5,0.5,471,19,ban,were
t17,shrinkage_lda,attempted_word,0.5,0.5,476,19,ban,ban
t17,shrinkage_lda,attempted_word,0.5,0.5,479,19,kite,were
t17,shrinkage_lda,attempted_word,0.5,0.5,489,19,ban,choice
t17,shrinkage_lda,attempted_word,0.5,0.5,490,19,ban,choice
t17,shrinkage_lda,attempted_word,0.5,0.5,491,19,though,day
t17,shrinkage_lda,attempted_word,0.5,0.5,495,19,were,were
t17,shrinkage_lda,attempted_word,0.5,0.5,498,19,were,were
t17,shrinkage_lda,attempted_word,0.5,0.5,503,19,though,day
t17,shrinkage_lda,attempted_word,0.5,0.5,514,19,day,though
t17,shrinkage_lda,attempted_word,0.5,0.5,521,19,choice,were
t17,shrinkage_lda,attempted_word,0.5,0.5,522,19,choice,though
t17,shrinkage_lda,attempted_word,0.5,0.5,528,19,were,were
t17,shrinkage_lda,attempted_word,0.5,0.5,530,19,were,were
t17,shrinkage_lda,attempted_word,0.5,0.5,533,19,feel,feel
t17,shrinkage_lda,attempted_word,0.5,0.5,537,19,choice,kite
t17,shrinkage_lda,attempted_word,0.5,0.5,539,19,feel,feel
t17,shrinkage_lda,attempted_word,0.5,0.5,541,19,kite,day
t17,shrinkage_lda,attempted_word,0.5,0.5,544,19,were,choice
t17,shrinkage_lda,attempted_word,0.5,0.5,545,19,feel,kite
t17,shrinkage_lda,attempted_word,0.5,0.5,547,19,though,kite
t17,shrinkage_lda,attempted_word,0.5,0.5,550,19,day,day
t17,shrinkage_lda,listening_word,0.5,0.5,410,19,choice,day
t17,shrinkage_lda,listening_word,0.5,0.5,414,19,ban,ban
t17,shrinkage_lda,listening_word,0.5,0.5,415,19,kite,day
t17,shrinkage_lda,listening_word,0.5,0.5,416,19,feel,day
t17,shrinkage_lda,listening_word,0.5,0.5,417,19,were,were
t17,shrinkage_lda,listening_word,0.5,0.5,419,19,kite,ban
t17,shrinkage_lda,listening_word,0.5,0.5,427,19,ban,ban
t17,shrinkage_lda,listening_word,0.5,0.5,429,19,choice,ban
t17,shrinkage_lda,listening_word,0.5,0.5,432,19,though,feel
t17,shrinkage_lda,listening_word,0.5,0.5,433,19,day,ban
t17,shrinkage_lda,listening_word,0.5,0.5,438,19,kite,ban
t17,shrinkage_lda,listening_word,0.5,0.5,443,19,though,ban
t17,shrinkage_lda,listening_word,0.5,0.5,445,19,feel,though
t17,shrinkage_lda,listening_word,0.5,0.5,447,19,were,ban
t17,shrinkage_lda,listening_word,0.5,0.5,449,19,feel,choice
t17,shrinkage_lda,listening_word,0.5,0.5,454,19,were,ban
t17,shrinkage_lda,listening_word,0.5,0.5,455,19,were,kite
t17,shrinkage_lda,listening_word,0.5,0.5,456,19,choice,ban
t17,shrinkage_lda,listening_word,0.5,0.5,458,19,kite,day
t17,shrinkage_lda,listening_word,0.5,0.5,460,19,day,ban
t17,shrinkage_lda,listening_word,0.5,0.5,465,19,feel,kite
t17,shrinkage_lda,listening_word,0.5,0.5,473,19,day,ban
t17,shrinkage_lda,listening_word,0.5,0.5,481,19,ban,kite
t17,shrinkage_lda,listening_word,0.5,0.5,484,19,though,though
t17,shrinkage_lda,listening_word,0.5,0.5,493,19,though,feel
t17,shrinkage_lda,listening_word,0.5,0.5,497,19,were,ban
t17,shrinkage_lda,listening_word,0.5,0.5,504,19,day,were
t17,shrinkage_lda,listening_word,0.5,0.5,508,19,day,ban
t17,shrinkage_lda,listening_word,0.5,0.5,510,19,choice,ban
t17,shrinkage_lda,listening_word,0.5,0.5,515,19,ban,were
t17,shrinkage_lda,listening_word,0.5,0.5,518,19,kite,day
t17,shrinkage_lda,listening_word,0.5,0.5,531,19,though,choice
t17,shrinkage_lda,listening_word,0.5,0.5,534,19,ban,day
t17,shrinkage_lda,listening_word,0.5,0.5,536,19,feel,kite
t17,shrinkage_lda,listening_word,0.5,0.5,549,19,choice,though
t17,shrinkage_lda,behavior,0.5,0.5,406,19,imagined,imagined
t17,shrinkage_lda,behavior,0.5,0.5,407,19,imagined,imagined
t17,shrinkage_lda,behavior,0.5,0.5,408,19,imagined,imagined
t17,shrinkage_lda,behavior,0.5,0.5,409,19,imagined,listening
t17,shrinkage_lda,behavior,0.5,0.5,410,19,listening,listening
t17,shrinkage_lda,behavior,0.5,0.5,411,19,imagined,imagined
t17,shrinkage_lda,behavior,0.5,0.5,412,19,attempted,imagined
t17,shrinkage_lda,behavior,0.5,0.5,413,19,imagined,listening
t17,shrinkage_lda,behavior,0.5,0.5,414,19,listening,listening
t17,shrinkage_lda,behavior,0.5,0.5,415,19,listening,listening
t17,shrinkage_lda,behavior,0.5,0.5,416,19,listening,listening
t17,shrinkage_lda,behavior,0.5,0.5,417,19,listening,listening
t17,shrinkage_lda,behavior,0.5,0.5,418,19,idle,listening
t17,shrinkage_lda,behavior,0.5,0.5,419,19,listening,imagined
t17,shrinkage_lda,behavior,0.5,0.5,420,19,attempted,attempted
t17,shrinkage_lda,behavior,0.5,0.5,421,19,imagined,imagined
t17,shrinkage_lda,behavior,0.5,0.5,422,19,imagined,imagined
t17,shrinkage_lda,behavior,0.5,0.5,423,19,imagined,imagined
t17,shrinkage_lda,behavior,0.5,0.5,424,19,imagined,imagined
t17,shrinkage_lda,behavior,0.5,0.5,425,19,imagined,imagined
t17,shrinkage_lda,behavior,0.5,0.5,426,19,imagined,imagined
t17,shrinkage_lda,behavior,0.5,0.5,427,19,listening,listening
t17,shrinkage_lda,behavior,0.5,0.5,428,19,imagined,imagined
t17,shrinkage_lda,behavior,0.5,0.5,429,19,listening,listening
t17,shrinkage_lda,behavior,0.5,0.5,430,19,attempted,imagined
t17,shrinkage_lda,behavior,0.5,0.5,431,19,imagined,imagined
t17,shrinkage_lda,behavior,0.5,0.5,432,19,listening,imagined
t17,shrinkage_lda,behavior,0.5,0.5,433,19,listening,imagined
t17,shrinkage_lda,behavior,0.5,0.5,434,19,imagined,imagined
t17,shrinkage_lda,behavior,0.5,0.5,435,19,imagined,listening
t17,shrinkage_lda,behavior,0.5,0.5,436,19,attempted,imagined
t17,shrinkage_lda,behavior,0.5,0.5,437,19,imagined,listening
t17,shrinkage_lda,behavior,0.5,0.5,438,19,listening,listening
t17,shrinkage_lda,behavior,0.5,0.5,439,19,attempted,attempted
t17,shrinkage_lda,behavior,0.5,0.5,440,19,imagined,imagined
t17,shrinkage_lda,behavior,0.5,0.5,441,19,imagined,imagined
t17,shrinkage_lda,behavior,0.5,0.5,442,19,attempted,imagined
t17,shrinkage_lda,behavior,0.5,0.5,443,19,listening,listening
t17,shrinkage_lda,behavior,0.5,0.5,444,19,attempted,attempted
t17,shrinkage_lda,behavior,0.5,0.5,445,19,listening,listening
t17,shrinkage_lda,behavior,0.5,0.5,446,19,imagined,imagined
t17,shrinkage_lda,behavior,0.5,0.5,447,19,listening,listening
t17,shrinkage_lda,behavior,0.5,0.5,448,19,imagined,listening
t17,shrinkage_lda,behavior,0.5,0.5,449,19,listening,listening
t17,shrinkage_lda,behavior,0.5,0.5,450,19,attempted,attempted
t17,shrinkage_lda,behavior,0.5,0.5,451,19,attempted,attempted
t17,shrinkage_lda,behavior,0.5,0.5,452,19,imagined,listening
t17,shrinkage_lda,behavior,0.5,0.5,453,19,attempted,imagined
t17,shrinkage_lda,behavior,0.5,0.5,454,19,listening,imagined
t17,shrinkage_lda,behavior,0.5,0.5,455,19,listening,listening
t17,shrinkage_lda,behavior,0.5,0.5,456,19,listening,listening
t17,shrinkage_lda,behavior,0.5,0.5,457,19,idle,imagined
t17,shrinkage_lda,behavior,0.5,0.5,458,19,listening,listening
t17,shrinkage_lda,behavior,0.5,0.5,459,19,attempted,imagined
t17,shrinkage_lda,behavior,0.5,0.5,460,19,listening,listening
t17,shrinkage_lda,behavior,0.5,0.5,461,19,imagined,listening
t17,shrinkage_lda,behavior,0.5,0.5,462,19,imagined,imagined
t17,shrinkage_lda,behavior,0.5,0.5,463,19,imagined,imagined
t17,shrinkage_lda,behavior,0.5,0.5,464,19,attempted,imagined
t17,shrinkage_lda,behavior,0.5,0.5,465,19,listening,imagined
t17,shrinkage_lda,behavior,0.5,0.5,466,19,attempted,imagined
t17,shrinkage_lda,behavior,0.5,0.5,467,19,idle,imagined
t17,shrinkage_lda,behavior,0.5,0.5,468,19,imagined,imagined
t17,shrinkage_lda,behavior,0.5,0.5,469,19,imagined,listening
t17,shrinkage_lda,behavior,0.5,0.5,470,19,imagined,imagined
t17,shrinkage_lda,behavior,0.5,0.5,471,19,attempted,imagined
t17,shrinkage_lda,behavior,0.5,0.5,472,19,imagined,imagined
t17,shrinkage_lda,behavior,0.5,0.5,473,19,listening,imagined
t17,shrinkage_lda,behavior,0.5,0.5,474,19,imagined,imagined
t17,shrinkage_lda,behavior,0.5,0.5,475,19,imagined,attempted
t17,shrinkage_lda,behavior,0.5,0.5,476,19,attempted,attempted
t17,shrinkage_lda,behavior,0.5,0.5,477,19,imagined,listening
t17,shrinkage_lda,behavior,0.5,0.5,478,19,imagined,imagined
t17,shrinkage_lda,behavior,0.5,0.5,479,19,attempted,listening
t17,shrinkage_lda,behavior,0.5,0.5,480,19,imagined,imagined
t17,shrinkage_lda,behavior,0.5,0.5,481,19,listening,listening
t17,shrinkage_lda,behavior,0.5,0.5,482,19,imagined,imagined
t17,shrinkage_lda,behavior,0.5,0.5,483,19,imagined,attempted
t17,shrinkage_lda,behavior,0.5,0.5,484,19,listening,listening
t17,shrinkage_lda,behavior,0.5,0.5,485,19,imagined,listening
t17,shrinkage_lda,behavior,0.5,0.5,486,19,imagined,listening
t17,shrinkage_lda,behavior,0.5,0.5,487,19,imagined,imagined
t17,shrinkage_lda,behavior,0.5,0.5,488,19,imagined,listening
t17,shrinkage_lda,behavior,0.5,0.5,489,19,attempted,imagined
t17,shrinkage_lda,behavior,0.5,0.5,490,19,attempted,imagined
t17,shrinkage_lda,behavior,0.5,0.5,491,19,attempted,imagined
t17,shrinkage_lda,behavior,0.5,0.5,492,19,imagined,imagined
t17,shrinkage_lda,behavior,0.5,0.5,493,19,listening,listening
t17,shrinkage_lda,behavior,0.5,0.5,494,19,imagined,listening
t17,shrinkage_lda,behavior,0.5,0.5,495,19,attempted,listening
t17,shrinkage_lda,behavior,0.5,0.5,496,19,idle,listening
t17,shrinkage_lda,behavior,0.5,0.5,497,19,listening,listening
t17,shrinkage_lda,behavior,0.5,0.5,498,19,attempted,imagined
t17,shrinkage_lda,behavior,0.5,0.5,499,19,imagined,imagined
t17,shrinkage_lda,behavior,0.5,0.5,500,19,imagined,imagined
t17,shrinkage_lda,behavior,0.5,0.5,501,19,imagined,listening
t17,shrinkage_lda,behavior,0.5,0.5,502,19,imagined,attempted
t17,shrinkage_lda,behavior,0.5,0.5,503,19,attempted,listening
t17,shrinkage_lda,behavior,0.5,0.5,504,19,listening,listening
t17,shrinkage_lda,behavior,0.5,0.5,505,19,imagined,imagined
t17,shrinkage_lda,behavior,0.5,0.5,506,19,imagined,listening
t17,shrinkage_lda,behavior,0.5,0.5,507,19,idle,imagined
t17,shrinkage_lda,behavior,0.5,0.5,508,19,listening,listening
t17,shrinkage_lda,behavior,0.5,0.5,509,19,imagined,listening
t17,shrinkage_lda,behavior,0.5,0.5,510,19,listening,listening
t17,shrinkage_lda,behavior,0.5,0.5,511,19,imagined,imagined
t17,shrinkage_lda,behavior,0.5,0.5,512,19,imagined,imagined
t17,shrinkage_lda,behavior,0.5,0.5,513,19,imagined,listening
t17,shrinkage_lda,behavior,0.5,0.5,514,19,attempted,listening
t17,shrinkage_lda,behavior,0.5,0.5,515,19,listening,listening
t17,shrinkage_lda,behavior,0.5,0.5,516,19,imagined,imagined
t17,shrinkage_lda,behavior,0.5,0.5,517,19,imagined,imagined
t17,shrinkage_lda,behavior,0.5,0.5,518,19,listening,listening
t17,shrinkage_lda,behavior,0.5,0.5,519,19,imagined,imagined
t17,shrinkage_lda,behavior,0.5,0.5,520,19,imagined,attempted
t17,shrinkage_lda,behavior,0.5,0.5,521,19,attempted,imagined
t17,shrinkage_lda,behavior,0.5,0.5,522,19,attempted,imagined
t17,shrinkage_lda,behavior,0.5,0.5,523,19,imagined,listening
t17,shrinkage_lda,behavior,0.5,0.5,524,19,imagined,attempted
t17,shrinkage_lda,behavior,0.5,0.5,525,19,imagined,imagined
t17,shrinkage_lda,behavior,0.5,0.5,526,19,imagined,listening
t17,shrinkage_lda,behavior,0.5,0.5,527,19,imagined,imagined
t17,shrinkage_lda,behavior,0.5,0.5,528,19,attempted,attempted
t17,shrinkage_lda,behavior,0.5,0.5,529,19,imagined,imagined
t17,shrinkage_lda,behavior,0.5,0.5,530,19,attempted,imagined
t17,shrinkage_lda,behavior,0.5,0.5,531,19,listening,imagined
t17,shrinkage_lda,behavior,0.5,0.5,532,19,imagined,imagined
t17,shrinkage_lda,behavior,0.5,0.5,533,19,attempted,attempted
t17,shrinkage_lda,behavior,0.5,0.5,534,19,listening,listening
t17,shrinkage_lda,behavior,0.5,0.5,535,19,imagined,imagined
t17,shrinkage_lda,behavior,0.5,0.5,536,19,listening,listening
t17,shrinkage_lda,behavior,0.5,0.5,537,19,attempted,attempted
t17,shrinkage_lda,behavior,0.5,0.5,538,19,imagined,imagined
t17,shrinkage_lda,behavior,0.5,0.5,539,19,attempted,attempted
t17,shrinkage_lda,behavior,0.5,0.5,540,19,imagined,imagined
t17,shrinkage_lda,behavior,0.5,0.5,541,19,attempted,attempted
t17,shrinkage_lda,behavior,0.5,0.5,542,19,imagined,imagined
t17,shrinkage_lda,behavior,0.5,0.5,543,19,imagined,imagined
t17,shrinkage_lda,behavior,0.5,0.5,544,19,attempted,attempted
t17,shrinkage_lda,behavior,0.5,0.5,545,19,attempted,listening
t17,shrinkage_lda,behavior,0.5,0.5,546,19,imagined,imagined
t17,shrinkage_lda,behavior,0.5,0.5,547,19,attempted,attempted
t17,shrinkage_lda,behavior,0.5,0.5,548,19,imagined,imagined
t17,shrinkage_lda,behavior,0.5,0.5,549,19,listening,listening
t17,shrinkage_lda,behavior,0.5,0.5,550,19,attempted,attempted
t17,diagonal_lda,imagined_word,0.5,0.5,406,19,day,day
t17,diagonal_lda,imagined_word,0.5,0.5,407,19,choice,ban
t17,diagonal_lda,imagined_word,0.5,0.5,408,19,ban,choice
t17,diagonal_lda,imagined_word,0.5,0.5,409,19,choice,choice
t17,diagonal_lda,imagined_word,0.5,0.5,411,19,though,though
t17,diagonal_lda,imagined_word,0.5,0.5,413,19,though,were
t17,diagonal_lda,imagined_word,0.5,0.5,421,19,though,though
t17,diagonal_lda,imagined_word,0.5,0.5,422,19,choice,feel
t17,diagonal_lda,imagined_word,0.5,0.5,423,19,were,day
t17,diagonal_lda,imagined_word,0.5,0.5,424,19,day,feel
t17,diagonal_lda,imagined_word,0.5,0.5,425,19,though,though
t17,diagonal_lda,imagined_word,0.5,0.5,426,19,feel,feel
t17,diagonal_lda,imagined_word,0.5,0.5,428,19,were,feel
t17,diagonal_lda,imagined_word,0.5,0.5,431,19,were,day
t17,diagonal_lda,imagined_word,0.5,0.5,434,19,kite,kite
t17,diagonal_lda,imagined_word,0.5,0.5,435,19,ban,were
t17,diagonal_lda,imagined_word,0.5,0.5,437,19,feel,ban
t17,diagonal_lda,imagined_word,0.5,0.5,440,19,choice,choice
t17,diagonal_lda,imagined_word,0.5,0.5,441,19,were,day
t17,diagonal_lda,imagined_word,0.5,0.5,446,19,feel,though
t17,diagonal_lda,imagined_word,0.5,0.5,448,19,choice,feel
t17,diagonal_lda,imagined_word,0.5,0.5,452,19,though,feel
t17,diagonal_lda,imagined_word,0.5,0.5,461,19,day,though
t17,diagonal_lda,imagined_word,0.5,0.5,462,19,feel,ban
t17,diagonal_lda,imagined_word,0.5,0.5,463,19,feel,feel
t17,diagonal_lda,imagined_word,0.5,0.5,468,19,ban,feel
t17,diagonal_lda,imagined_word,0.5,0.5,469,19,day,though
t17,diagonal_lda,imagined_word,0.5,0.5,470,19,kite,were
t17,diagonal_lda,imagined_word,0.5,0.5,472,19,ban,choice
t17,diagonal_lda,imagined_word,0.5,0.5,474,19,kite,kite
t17,diagonal_lda,imagined_word,0.5,0.5,475,19,were,day
t17,diagonal_lda,imagined_word,0.5,0.5,477,19,day,feel
t17,diagonal_lda,imagined_word,0.5,0.5,478,19,kite,day
t17,diagonal_lda,imagined_word,0.5,0.5,480,19,kite,kite
t17,diagonal_lda,imagined_word,0.5,0.5,482,19,ban,though
t17,diagonal_lda,imagined_word,0.5,0.5,483,19,feel,feel
t17,diagonal_lda,imagined_word,0.5,0.5,485,19,day,though
t17,diagonal_lda,imagined_word,0.5,0.5,486,19,day,day
t17,diagonal_lda,imagined_word,0.5,0.5,487,19,ban,were
t17,diagonal_lda,imagined_word,0.5,0.5,488,19,kite,kite
t17,diagonal_lda,imagined_word,0.5,0.5,492,19,choice,were
t17,diagonal_lda,imagined_word,0.5,0.5,494,19,choice,were
t17,diagonal_lda,imagined_word,0.5,0.5,499,19,kite,kite
t17,diagonal_lda,imagined_word,0.5,0.5,500,19,though,day
t17,diagonal_lda,imagined_word,0.5,0.5,501,19,day,were
t17,diagonal_lda,imagined_word,0.5,0.5,502,19,kite,though
t17,diagonal_lda,imagined_word,0.5,0.5,505,19,choice,choice
t17,diagonal_lda,imagined_word,0.5,0.5,506,19,were,were
t17,diagonal_lda,imagined_word,0.5,0.5,509,19,feel,day
t17,diagonal_lda,imagined_word,0.5,0.5,511,19,kite,though
t17,diagonal_lda,imagined_word,0.5,0.5,512,19,ban,choice
t17,diagonal_lda,imagined_word,0.5,0.5,513,19,choice,feel
t17,diagonal_lda,imagined_word,0.5,0.5,516,19,were,were
t17,diagonal_lda,imagined_word,0.5,0.5,517,19,ban,ban
t17,diagonal_lda,imagined_word,0.5,0.5,519,19,were,choice
t17,diagonal_lda,imagined_word,0.5,0.5,520,19,day,were
t17,diagonal_lda,imagined_word,0.5,0.5,523,19,ban,were
t17,diagonal_lda,imagined_word,0.5,0.5,524,19,though,though
t17,diagonal_lda,imagined_word,0.5,0.5,525,19,day,day
t17,diagonal_lda,imagined_word,0.5,0.5,526,19,though,feel
t17,diagonal_lda,imagined_word,0.5,0.5,527,19,though,kite
t17,diagonal_lda,imagined_word,0.5,0.5,529,19,choice,were
t17,diagonal_lda,imagined_word,0.5,0.5,532,19,were,kite
t17,diagonal_lda,imagined_word,0.5,0.5,535,19,ban,kite
t17,diagonal_lda,imagined_word,0.5,0.5,538,19,feel,choice
t17,diagonal_lda,imagined_word,0.5,0.5,540,19,feel,were
t17,diagonal_lda,imagined_word,0.5,0.5,542,19,were,were
t17,diagonal_lda,imagined_word,0.5,0.5,543,19,though,though
t17,diagonal_lda,imagined_word,0.5,0.5,546,19,feel,day
t17,diagonal_lda,imagined_word,0.5,0.5,548,19,kite,ban
t17,diagonal_lda,attempted_word,0.5,0.5,412,19,day,feel
t17,diagonal_lda,attempted_word,0.5,0.5,420,19,ban,ban
t17,diagonal_lda,attempted_word,0.5,0.5,430,19,though,were
t17,diagonal_lda,attempted_word,0.5,0.5,436,19,day,ban
t17,diagonal_lda,attempted_word,0.5,0.5,439,19,kite,kite
t17,diagonal_lda,attempted_word,0.5,0.5,442,19,feel,choice
t17,diagonal_lda,attempted_word,0.5,0.5,444,19,day,were
t17,diagonal_lda,attempted_word,0.5,0.5,450,19,kite,were
t17,diagonal_lda,attempted_word,0.5,0.5,451,19,choice,choice
t17,diagonal_lda,attempted_word,0.5,0.5,453,19,choice,were
t17,diagonal_lda,attempted_word,0.5,0.5,459,19,feel,ban
t17,diagonal_lda,attempted_word,0.5,0.5,464,19,though,were
t17,diagonal_lda,attempted_word,0.5,0.5,466,19,kite,feel
t17,diagonal_lda,attempted_word,0.5,0.5,471,19,ban,were
t17,diagonal_lda,attempted_word,0.5,0.5,476,19,ban,ban
t17,diagonal_lda,attempted_word,0.5,0.5,479,19,kite,ban
t17,diagonal_lda,attempted_word,0.5,0.5,489,19,ban,choice
t17,diagonal_lda,attempted_word,0.5,0.5,490,19,ban,choice
t17,diagonal_lda,attempted_word,0.5,0.5,491,19,though,day
t17,diagonal_lda,attempted_word,0.5,0.5,495,19,were,were
t17,diagonal_lda,attempted_word,0.5,0.5,498,19,were,were
t17,diagonal_lda,attempted_word,0.5,0.5,503,19,though,day
t17,diagonal_lda,attempted_word,0.5,0.5,514,19,day,though
t17,diagonal_lda,attempted_word,0.5,0.5,521,19,choice,were
t17,diagonal_lda,attempted_word,0.5,0.5,522,19,choice,though
t17,diagonal_lda,attempted_word,0.5,0.5,528,19,were,were
t17,diagonal_lda,attempted_word,0.5,0.5,530,19,were,were
t17,diagonal_lda,attempted_word,0.5,0.5,533,19,feel,feel
t17,diagonal_lda,attempted_word,0.5,0.5,537,19,choice,kite
t17,diagonal_lda,attempted_word,0.5,0.5,539,19,feel,feel
t17,diagonal_lda,attempted_word,0.5,0.5,541,19,kite,day
t17,diagonal_lda,attempted_word,0.5,0.5,544,19,were,were
t17,diagonal_lda,attempted_word,0.5,0.5,545,19,feel,though
t17,diagonal_lda,attempted_word,0.5,0.5,547,19,though,kite
t17,diagonal_lda,attempted_word,0.5,0.5,550,19,day,day
t17,diagonal_lda,listening_word,0.5,0.5,410,19,choice,day
t17,diagonal_lda,listening_word,0.5,0.5,414,19,ban,feel
t17,diagonal_lda,listening_word,0.5,0.5,415,19,kite,day
t17,diagonal_lda,listening_word,0.5,0.5,416,19,feel,day
t17,diagonal_lda,listening_word,0.5,0.5,417,19,were,were
t17,diagonal_lda,listening_word,0.5,0.5,419,19,kite,ban
t17,diagonal_lda,listening_word,0.5,0.5,427,19,ban,were
t17,diagonal_lda,listening_word,0.5,0.5,429,19,choice,ban
t17,diagonal_lda,listening_word,0.5,0.5,432,19,though,feel
t17,diagonal_lda,listening_word,0.5,0.5,433,19,day,ban
t17,diagonal_lda,listening_word,0.5,0.5,438,19,kite,ban
t17,diagonal_lda,listening_word,0.5,0.5,443,19,though,ban
t17,diagonal_lda,listening_word,0.5,0.5,445,19,feel,though
t17,diagonal_lda,listening_word,0.5,0.5,447,19,were,ban
t17,diagonal_lda,listening_word,0.5,0.5,449,19,feel,choice
t17,diagonal_lda,listening_word,0.5,0.5,454,19,were,ban
t17,diagonal_lda,listening_word,0.5,0.5,455,19,were,kite
t17,diagonal_lda,listening_word,0.5,0.5,456,19,choice,ban
t17,diagonal_lda,listening_word,0.5,0.5,458,19,kite,day
t17,diagonal_lda,listening_word,0.5,0.5,460,19,day,were
t17,diagonal_lda,listening_word,0.5,0.5,465,19,feel,kite
t17,diagonal_lda,listening_word,0.5,0.5,473,19,day,ban
t17,diagonal_lda,listening_word,0.5,0.5,481,19,ban,kite
t17,diagonal_lda,listening_word,0.5,0.5,484,19,though,were
t17,diagonal_lda,listening_word,0.5,0.5,493,19,though,feel
t17,diagonal_lda,listening_word,0.5,0.5,497,19,were,ban
t17,diagonal_lda,listening_word,0.5,0.5,504,19,day,were
t17,diagonal_lda,listening_word,0.5,0.5,508,19,day,ban
t17,diagonal_lda,listening_word,0.5,0.5,510,19,choice,ban
t17,diagonal_lda,listening_word,0.5,0.5,515,19,ban,ban
t17,diagonal_lda,listening_word,0.5,0.5,518,19,kite,day
t17,diagonal_lda,listening_word,0.5,0.5,531,19,though,kite
t17,diagonal_lda,listening_word,0.5,0.5,534,19,ban,day
t17,diagonal_lda,listening_word,0.5,0.5,536,19,feel,kite
t17,diagonal_lda,listening_word,0.5,0.5,549,19,choice,though
t17,diagonal_lda,behavior,0.5,0.5,406,19,imagined,imagined
t17,diagonal_lda,behavior,0.5,0.5,407,19,imagined,imagined
t17,diagonal_lda,behavior,0.5,0.5,408,19,imagined,listening
t17,diagonal_lda,behavior,0.5,0.5,409,19,imagined,listening
t17,diagonal_lda,behavior,0.5,0.5,410,19,listening,listening
t17,diagonal_lda,behavior,0.5,0.5,411,19,imagined,imagined
t17,diagonal_lda,behavior,0.5,0.5,412,19,attempted,imagined
t17,diagonal_lda,behavior,0.5,0.5,413,19,imagined,listening
t17,diagonal_lda,behavior,0.5,0.5,414,19,listening,listening
t17,diagonal_lda,behavior,0.5,0.5,415,19,listening,listening
t17,diagonal_lda,behavior,0.5,0.5,416,19,listening,listening
t17,diagonal_lda,behavior,0.5,0.5,417,19,listening,listening
t17,diagonal_lda,behavior,0.5,0.5,418,19,idle,listening
t17,diagonal_lda,behavior,0.5,0.5,419,19,listening,imagined
t17,diagonal_lda,behavior,0.5,0.5,420,19,attempted,attempted
t17,diagonal_lda,behavior,0.5,0.5,421,19,imagined,imagined
t17,diagonal_lda,behavior,0.5,0.5,422,19,imagined,imagined
t17,diagonal_lda,behavior,0.5,0.5,423,19,imagined,imagined
t17,diagonal_lda,behavior,0.5,0.5,424,19,imagined,imagined
t17,diagonal_lda,behavior,0.5,0.5,425,19,imagined,imagined
t17,diagonal_lda,behavior,0.5,0.5,426,19,imagined,imagined
t17,diagonal_lda,behavior,0.5,0.5,427,19,listening,listening
t17,diagonal_lda,behavior,0.5,0.5,428,19,imagined,imagined
t17,diagonal_lda,behavior,0.5,0.5,429,19,listening,listening
t17,diagonal_lda,behavior,0.5,0.5,430,19,attempted,imagined
t17,diagonal_lda,behavior,0.5,0.5,431,19,imagined,imagined
t17,diagonal_lda,behavior,0.5,0.5,432,19,listening,imagined
t17,diagonal_lda,behavior,0.5,0.5,433,19,listening,imagined
t17,diagonal_lda,behavior,0.5,0.5,434,19,imagined,attempted
t17,diagonal_lda,behavior,0.5,0.5,435,19,imagined,listening
t17,diagonal_lda,behavior,0.5,0.5,436,19,attempted,imagined
t17,diagonal_lda,behavior,0.5,0.5,437,19,imagined,listening
t17,diagonal_lda,behavior,0.5,0.5,438,19,listening,listening
t17,diagonal_lda,behavior,0.5,0.5,439,19,attempted,attempted
t17,diagonal_lda,behavior,0.5,0.5,440,19,imagined,imagined
t17,diagonal_lda,behavior,0.5,0.5,441,19,imagined,imagined
t17,diagonal_lda,behavior,0.5,0.5,442,19,attempted,imagined
t17,diagonal_lda,behavior,0.5,0.5,443,19,listening,listening
t17,diagonal_lda,behavior,0.5,0.5,444,19,attempted,imagined
t17,diagonal_lda,behavior,0.5,0.5,445,19,listening,listening
t17,diagonal_lda,behavior,0.5,0.5,446,19,imagined,imagined
t17,diagonal_lda,behavior,0.5,0.5,447,19,listening,listening
t17,diagonal_lda,behavior,0.5,0.5,448,19,imagined,listening
t17,diagonal_lda,behavior,0.5,0.5,449,19,listening,listening
t17,diagonal_lda,behavior,0.5,0.5,450,19,attempted,attempted
t17,diagonal_lda,behavior,0.5,0.5,451,19,attempted,attempted
t17,diagonal_lda,behavior,0.5,0.5,452,19,imagined,listening
t17,diagonal_lda,behavior,0.5,0.5,453,19,attempted,imagined
t17,diagonal_lda,behavior,0.5,0.5,454,19,listening,imagined
t17,diagonal_lda,behavior,0.5,0.5,455,19,listening,listening
t17,diagonal_lda,behavior,0.5,0.5,456,19,listening,imagined
t17,diagonal_lda,behavior,0.5,0.5,457,19,idle,imagined
t17,diagonal_lda,behavior,0.5,0.5,458,19,listening,listening
t17,diagonal_lda,behavior,0.5,0.5,459,19,attempted,imagined
t17,diagonal_lda,behavior,0.5,0.5,460,19,listening,listening
t17,diagonal_lda,behavior,0.5,0.5,461,19,imagined,imagined
t17,diagonal_lda,behavior,0.5,0.5,462,19,imagined,imagined
t17,diagonal_lda,behavior,0.5,0.5,463,19,imagined,imagined
t17,diagonal_lda,behavior,0.5,0.5,464,19,attempted,imagined
t17,diagonal_lda,behavior,0.5,0.5,465,19,listening,imagined
t17,diagonal_lda,behavior,0.5,0.5,466,19,attempted,imagined
t17,diagonal_lda,behavior,0.5,0.5,467,19,idle,imagined
t17,diagonal_lda,behavior,0.5,0.5,468,19,imagined,imagined
t17,diagonal_lda,behavior,0.5,0.5,469,19,imagined,listening
t17,diagonal_lda,behavior,0.5,0.5,470,19,imagined,imagined
t17,diagonal_lda,behavior,0.5,0.5,471,19,attempted,imagined
t17,diagonal_lda,behavior,0.5,0.5,472,19,imagined,imagined
t17,diagonal_lda,behavior,0.5,0.5,473,19,listening,listening
t17,diagonal_lda,behavior,0.5,0.5,474,19,imagined,imagined
t17,diagonal_lda,behavior,0.5,0.5,475,19,imagined,attempted
t17,diagonal_lda,behavior,0.5,0.5,476,19,attempted,attempted
t17,diagonal_lda,behavior,0.5,0.5,477,19,imagined,listening
t17,diagonal_lda,behavior,0.5,0.5,478,19,imagined,imagined
t17,diagonal_lda,behavior,0.5,0.5,479,19,attempted,listening
t17,diagonal_lda,behavior,0.5,0.5,480,19,imagined,imagined
t17,diagonal_lda,behavior,0.5,0.5,481,19,listening,listening
t17,diagonal_lda,behavior,0.5,0.5,482,19,imagined,imagined
t17,diagonal_lda,behavior,0.5,0.5,483,19,imagined,attempted
t17,diagonal_lda,behavior,0.5,0.5,484,19,listening,listening
t17,diagonal_lda,behavior,0.5,0.5,485,19,imagined,listening
t17,diagonal_lda,behavior,0.5,0.5,486,19,imagined,listening
t17,diagonal_lda,behavior,0.5,0.5,487,19,imagined,imagined
t17,diagonal_lda,behavior,0.5,0.5,488,19,imagined,listening
t17,diagonal_lda,behavior,0.5,0.5,489,19,attempted,imagined
t17,diagonal_lda,behavior,0.5,0.5,490,19,attempted,imagined
t17,diagonal_lda,behavior,0.5,0.5,491,19,attempted,imagined
t17,diagonal_lda,behavior,0.5,0.5,492,19,imagined,imagined
t17,diagonal_lda,behavior,0.5,0.5,493,19,listening,listening
t17,diagonal_lda,behavior,0.5,0.5,494,19,imagined,listening
t17,diagonal_lda,behavior,0.5,0.5,495,19,attempted,imagined
t17,diagonal_lda,behavior,0.5,0.5,496,19,idle,listening
t17,diagonal_lda,behavior,0.5,0.5,497,19,listening,listening
t17,diagonal_lda,behavior,0.5,0.5,498,19,attempted,imagined
t17,diagonal_lda,behavior,0.5,0.5,499,19,imagined,imagined
t17,diagonal_lda,behavior,0.5,0.5,500,19,imagined,imagined
t17,diagonal_lda,behavior,0.5,0.5,501,19,imagined,listening
t17,diagonal_lda,behavior,0.5,0.5,502,19,imagined,attempted
t17,diagonal_lda,behavior,0.5,0.5,503,19,attempted,listening
t17,diagonal_lda,behavior,0.5,0.5,504,19,listening,listening
t17,diagonal_lda,behavior,0.5,0.5,505,19,imagined,imagined
t17,diagonal_lda,behavior,0.5,0.5,506,19,imagined,listening
t17,diagonal_lda,behavior,0.5,0.5,507,19,idle,imagined
t17,diagonal_lda,behavior,0.5,0.5,508,19,listening,listening
t17,diagonal_lda,behavior,0.5,0.5,509,19,imagined,imagined
t17,diagonal_lda,behavior,0.5,0.5,510,19,listening,imagined
t17,diagonal_lda,behavior,0.5,0.5,511,19,imagined,imagined
t17,diagonal_lda,behavior,0.5,0.5,512,19,imagined,attempted
t17,diagonal_lda,behavior,0.5,0.5,513,19,imagined,listening
t17,diagonal_lda,behavior,0.5,0.5,514,19,attempted,listening
t17,diagonal_lda,behavior,0.5,0.5,515,19,listening,listening
t17,diagonal_lda,behavior,0.5,0.5,516,19,imagined,imagined
t17,diagonal_lda,behavior,0.5,0.5,517,19,imagined,imagined
t17,diagonal_lda,behavior,0.5,0.5,518,19,listening,listening
t17,diagonal_lda,behavior,0.5,0.5,519,19,imagined,imagined
t17,diagonal_lda,behavior,0.5,0.5,520,19,imagined,listening
t17,diagonal_lda,behavior,0.5,0.5,521,19,attempted,imagined
t17,diagonal_lda,behavior,0.5,0.5,522,19,attempted,imagined
t17,diagonal_lda,behavior,0.5,0.5,523,19,imagined,listening
t17,diagonal_lda,behavior,0.5,0.5,524,19,imagined,attempted
t17,diagonal_lda,behavior,0.5,0.5,525,19,imagined,imagined
t17,diagonal_lda,behavior,0.5,0.5,526,19,imagined,listening
t17,diagonal_lda,behavior,0.5,0.5,527,19,imagined,imagined
t17,diagonal_lda,behavior,0.5,0.5,528,19,attempted,attempted
t17,diagonal_lda,behavior,0.5,0.5,529,19,imagined,imagined
t17,diagonal_lda,behavior,0.5,0.5,530,19,attempted,imagined
t17,diagonal_lda,behavior,0.5,0.5,531,19,listening,imagined
t17,diagonal_lda,behavior,0.5,0.5,532,19,imagined,imagined
t17,diagonal_lda,behavior,0.5,0.5,533,19,attempted,attempted
t17,diagonal_lda,behavior,0.5,0.5,534,19,listening,listening
t17,diagonal_lda,behavior,0.5,0.5,535,19,imagined,imagined
t17,diagonal_lda,behavior,0.5,0.5,536,19,listening,attempted
t17,diagonal_lda,behavior,0.5,0.5,537,19,attempted,attempted
t17,diagonal_lda,behavior,0.5,0.5,538,19,imagined,imagined
t17,diagonal_lda,behavior,0.5,0.5,539,19,attempted,attempted
t17,diagonal_lda,behavior,0.5,0.5,540,19,imagined,imagined
t17,diagonal_lda,behavior,0.5,0.5,541,19,attempted,attempted
t17,diagonal_lda,behavior,0.5,0.5,542,19,imagined,imagined
t17,diagonal_lda,behavior,0.5,0.5,543,19,imagined,imagined
t17,diagonal_lda,behavior,0.5,0.5,544,19,attempted,attempted
t17,diagonal_lda,behavior,0.5,0.5,545,19,attempted,imagined
t17,diagonal_lda,behavior,0.5,0.5,546,19,imagined,imagined
t17,diagonal_lda,behavior,0.5,0.5,547,19,attempted,attempted
t17,diagonal_lda,behavior,0.5,0.5,548,19,imagined,imagined
t17,diagonal_lda,behavior,0.5,0.5,549,19,listening,listening
t17,diagonal_lda,behavior,0.5,0.5,550,19,attempted,attempted
t17,shrinkage_lda,imagined_word,1.0,1.0,406,19,day,choice
t17,shrinkage_lda,imagined_word,1.0,1.0,407,19,choice,ban
t17,shrinkage_lda,imagined_word,1.0,1.0,408,19,ban,feel
t17,shrinkage_lda,imagined_word,1.0,1.0,409,19,choice,choice
t17,shrinkage_lda,imagined_word,1.0,1.0,411,19,though,were
t17,shrinkage_lda,imagined_word,1.0,1.0,413,19,though,though
t17,shrinkage_lda,imagined_word,1.0,1.0,421,19,though,day
t17,shrinkage_lda,imagined_word,1.0,1.0,422,19,choice,choice
t17,shrinkage_lda,imagined_word,1.0,1.0,423,19,were,day
t17,shrinkage_lda,imagined_word,1.0,1.0,424,19,day,ban
t17,shrinkage_lda,imagined_word,1.0,1.0,425,19,though,feel
t17,shrinkage_lda,imagined_word,1.0,1.0,426,19,feel,though
t17,shrinkage_lda,imagined_word,1.0,1.0,428,19,were,choice
t17,shrinkage_lda,imagined_word,1.0,1.0,431,19,were,day
t17,shrinkage_lda,imagined_word,1.0,1.0,434,19,kite,ban
t17,shrinkage_lda,imagined_word,1.0,1.0,435,19,ban,were
t17,shrinkage_lda,imagined_word,1.0,1.0,437,19,feel,feel
t17,shrinkage_lda,imagined_word,1.0,1.0,440,19,choice,choice
t17,shrinkage_lda,imagined_word,1.0,1.0,441,19,were,day
t17,shrinkage_lda,imagined_word,1.0,1.0,446,19,feel,feel
t17,shrinkage_lda,imagined_word,1.0,1.0,448,19,choice,feel
t17,shrinkage_lda,imagined_word,1.0,1.0,452,19,though,ban
t17,shrinkage_lda,imagined_word,1.0,1.0,461,19,day,though
t17,shrinkage_lda,imagined_word,1.0,1.0,462,19,feel,feel
t17,shrinkage_lda,imagined_word,1.0,1.0,463,19,feel,feel
t17,shrinkage_lda,imagined_word,1.0,1.0,468,19,ban,though
t17,shrinkage_lda,imagined_word,1.0,1.0,469,19,day,though
t17,shrinkage_lda,imagined_word,1.0,1.0,470,19,kite,feel
t17,shrinkage_lda,imagined_word,1.0,1.0,472,19,ban,feel
t17,shrinkage_lda,imagined_word,1.0,1.0,474,19,kite,though
t17,shrinkage_lda,imagined_word,1.0,1.0,475,19,were,choice
t17,shrinkage_lda,imagined_word,1.0,1.0,477,19,day,feel
t17,shrinkage_lda,imagined_word,1.0,1.0,478,19,kite,day
t17,shrinkage_lda,imagined_word,1.0,1.0,480,19,kite,kite
t17,shrinkage_lda,imagined_word,1.0,1.0,482,19,ban,though
t17,shrinkage_lda,imagined_word,1.0,1.0,483,19,feel,were
t17,shrinkage_lda,imagined_word,1.0,1.0,485,19,day,ban
t17,shrinkage_lda,imagined_word,1.0,1.0,486,19,day,day
t17,shrinkage_lda,imagined_word,1.0,1.0,487,19,ban,ban
t17,shrinkage_lda,imagined_word,1.0,1.0,488,19,kite,choice
t17,shrinkage_lda,imagined_word,1.0,1.0,492,19,choice,feel
t17,shrinkage_lda,imagined_word,1.0,1.0,494,19,choice,were
t17,shrinkage_lda,imagined_word,1.0,1.0,499,19,kite,kite
t17,shrinkage_lda,imagined_word,1.0,1.0,500,19,though,though
t17,shrinkage_lda,imagined_word,1.0,1.0,501,19,day,day
t17,shrinkage_lda,imagined_word,1.0,1.0,502,19,kite,ban
t17,shrinkage_lda,imagined_word,1.0,1.0,505,19,choice,ban
t17,shrinkage_lda,imagined_word,1.0,1.0,506,19,were,were
t17,shrinkage_lda,imagined_word,1.0,1.0,509,19,feel,day
t17,shrinkage_lda,imagined_word,1.0,1.0,511,19,kite,ban
t17,shrinkage_lda,imagined_word,1.0,1.0,512,19,ban,ban
t17,shrinkage_lda,imagined_word,1.0,1.0,513,19,choice,ban
t17,shrinkage_lda,imagined_word,1.0,1.0,516,19,were,were
t17,shrinkage_lda,imagined_word,1.0,1.0,517,19,ban,ban
t17,shrinkage_lda,imagined_word,1.0,1.0,519,19,were,day
t17,shrinkage_lda,imagined_word,1.0,1.0,520,19,day,ban
t17,shrinkage_lda,imagined_word,1.0,1.0,523,19,ban,were
t17,shrinkage_lda,imagined_word,1.0,1.0,524,19,though,though
t17,shrinkage_lda,imagined_word,1.0,1.0,525,19,day,though
t17,shrinkage_lda,imagined_word,1.0,1.0,526,19,though,feel
t17,shrinkage_lda,imagined_word,1.0,1.0,527,19,though,feel
t17,shrinkage_lda,imagined_word,1.0,1.0,529,19,choice,feel
t17,shrinkage_lda,imagined_word,1.0,1.0,532,19,were,were
t17,shrinkage_lda,imagined_word,1.0,1.0,535,19,ban,choice
t17,shrinkage_lda,imagined_word,1.0,1.0,538,19,feel,choice
t17,shrinkage_lda,imagined_word,1.0,1.0,540,19,feel,feel
t17,shrinkage_lda,imagined_word,1.0,1.0,542,19,were,though
t17,shrinkage_lda,imagined_word,1.0,1.0,543,19,though,were
t17,shrinkage_lda,imagined_word,1.0,1.0,546,19,feel,ban
t17,shrinkage_lda,imagined_word,1.0,1.0,548,19,kite,ban
t17,shrinkage_lda,attempted_word,1.0,1.0,412,19,day,choice
t17,shrinkage_lda,attempted_word,1.0,1.0,420,19,ban,ban
t17,shrinkage_lda,attempted_word,1.0,1.0,430,19,though,though
t17,shrinkage_lda,attempted_word,1.0,1.0,436,19,day,though
t17,shrinkage_lda,attempted_word,1.0,1.0,439,19,kite,kite
t17,shrinkage_lda,attempted_word,1.0,1.0,442,19,feel,choice
t17,shrinkage_lda,attempted_word,1.0,1.0,444,19,day,day
t17,shrinkage_lda,attempted_word,1.0,1.0,450,19,kite,kite
t17,shrinkage_lda,attempted_word,1.0,1.0,451,19,choice,feel
t17,shrinkage_lda,attempted_word,1.0,1.0,453,19,choice,choice
t17,shrinkage_lda,attempted_word,1.0,1.0,459,19,feel,ban
t17,shrinkage_lda,attempted_word,1.0,1.0,464,19,though,though
t17,shrinkage_lda,attempted_word,1.0,1.0,466,19,kite,feel
t17,shrinkage_lda,attempted_word,1.0,1.0,471,19,ban,ban
t17,shrinkage_lda,attempted_word,1.0,1.0,476,19,ban,ban
t17,shrinkage_lda,attempted_word,1.0,1.0,479,19,kite,were
t17,shrinkage_lda,attempted_word,1.0,1.0,489,19,ban,choice
t17,shrinkage_lda,attempted_word,1.0,1.0,490,19,ban,choice
t17,shrinkage_lda,attempted_word,1.0,1.0,491,19,though,though
t17,shrinkage_lda,attempted_word,1.0,1.0,495,19,were,were
t17,shrinkage_lda,attempted_word,1.0,1.0,498,19,were,were
t17,shrinkage_lda,attempted_word,1.0,1.0,503,19,though,though
t17,shrinkage_lda,attempted_word,1.0,1.0,514,19,day,day
t17,shrinkage_lda,attempted_word,1.0,1.0,521,19,choice,were
t17,shrinkage_lda,attempted_word,1.0,1.0,522,19,choice,were
t17,shrinkage_lda,attempted_word,1.0,1.0,528,19,were,were
t17,shrinkage_lda,attempted_word,1.0,1.0,530,19,were,kite
t17,shrinkage_lda,attempted_word,1.0,1.0,533,19,feel,choice
t17,shrinkage_lda,attempted_word,1.0,1.0,537,19,choice,feel
t17,shrinkage_lda,attempted_word,1.0,1.0,539,19,feel,feel
t17,shrinkage_lda,attempted_word,1.0,1.0,541,19,kite,kite
t17,shrinkage_lda,attempted_word,1.0,1.0,544,19,were,kite
t17,shrinkage_lda,attempted_word,1.0,1.0,545,19,feel,were
t17,shrinkage_lda,attempted_word,1.0,1.0,547,19,though,choice
t17,shrinkage_lda,attempted_word,1.0,1.0,550,19,day,day
t17,shrinkage_lda,listening_word,1.0,1.0,410,19,choice,were
t17,shrinkage_lda,listening_word,1.0,1.0,414,19,ban,ban
t17,shrinkage_lda,listening_word,1.0,1.0,415,19,kite,choice
t17,shrinkage_lda,listening_word,1.0,1.0,416,19,feel,ban
t17,shrinkage_lda,listening_word,1.0,1.0,417,19,were,ban
t17,shrinkage_lda,listening_word,1.0,1.0,419,19,kite,ban
t17,shrinkage_lda,listening_word,1.0,1.0,427,19,ban,ban
t17,shrinkage_lda,listening_word,1.0,1.0,429,19,choice,ban
t17,shrinkage_lda,listening_word,1.0,1.0,432,19,though,though
t17,shrinkage_lda,listening_word,1.0,1.0,433,19,day,ban
t17,shrinkage_lda,listening_word,1.0,1.0,438,19,kite,ban
t17,shrinkage_lda,listening_word,1.0,1.0,443,19,though,ban
t17,shrinkage_lda,listening_word,1.0,1.0,445,19,feel,though
t17,shrinkage_lda,listening_word,1.0,1.0,447,19,were,ban
t17,shrinkage_lda,listening_word,1.0,1.0,449,19,feel,day
t17,shrinkage_lda,listening_word,1.0,1.0,454,19,were,ban
t17,shrinkage_lda,listening_word,1.0,1.0,455,19,were,ban
t17,shrinkage_lda,listening_word,1.0,1.0,456,19,choice,ban
t17,shrinkage_lda,listening_word,1.0,1.0,458,19,kite,ban
t17,shrinkage_lda,listening_word,1.0,1.0,460,19,day,choice
t17,shrinkage_lda,listening_word,1.0,1.0,465,19,feel,kite
t17,shrinkage_lda,listening_word,1.0,1.0,473,19,day,ban
t17,shrinkage_lda,listening_word,1.0,1.0,481,19,ban,though
t17,shrinkage_lda,listening_word,1.0,1.0,484,19,though,were
t17,shrinkage_lda,listening_word,1.0,1.0,493,19,though,ban
t17,shrinkage_lda,listening_word,1.0,1.0,497,19,were,were
t17,shrinkage_lda,listening_word,1.0,1.0,504,19,day,day
t17,shrinkage_lda,listening_word,1.0,1.0,508,19,day,ban
t17,shrinkage_lda,listening_word,1.0,1.0,510,19,choice,ban
t17,shrinkage_lda,listening_word,1.0,1.0,515,19,ban,ban
t17,shrinkage_lda,listening_word,1.0,1.0,518,19,kite,were
t17,shrinkage_lda,listening_word,1.0,1.0,531,19,though,though
t17,shrinkage_lda,listening_word,1.0,1.0,534,19,ban,ban
t17,shrinkage_lda,listening_word,1.0,1.0,536,19,feel,ban
t17,shrinkage_lda,listening_word,1.0,1.0,549,19,choice,choice
t17,shrinkage_lda,behavior,1.0,1.0,406,19,imagined,imagined
t17,shrinkage_lda,behavior,1.0,1.0,407,19,imagined,imagined
t17,shrinkage_lda,behavior,1.0,1.0,408,19,imagined,listening
t17,shrinkage_lda,behavior,1.0,1.0,409,19,imagined,imagined
t17,shrinkage_lda,behavior,1.0,1.0,410,19,listening,listening
t17,shrinkage_lda,behavior,1.0,1.0,411,19,imagined,imagined
t17,shrinkage_lda,behavior,1.0,1.0,412,19,attempted,imagined
t17,shrinkage_lda,behavior,1.0,1.0,413,19,imagined,imagined
t17,shrinkage_lda,behavior,1.0,1.0,414,19,listening,listening
t17,shrinkage_lda,behavior,1.0,1.0,415,19,listening,listening
t17,shrinkage_lda,behavior,1.0,1.0,416,19,listening,listening
t17,shrinkage_lda,behavior,1.0,1.0,417,19,listening,listening
t17,shrinkage_lda,behavior,1.0,1.0,418,19,idle,listening
t17,shrinkage_lda,behavior,1.0,1.0,419,19,listening,listening
t17,shrinkage_lda,behavior,1.0,1.0,420,19,attempted,attempted
t17,shrinkage_lda,behavior,1.0,1.0,421,19,imagined,imagined
t17,shrinkage_lda,behavior,1.0,1.0,422,19,imagined,imagined
t17,shrinkage_lda,behavior,1.0,1.0,423,19,imagined,listening
t17,shrinkage_lda,behavior,1.0,1.0,424,19,imagined,listening
t17,shrinkage_lda,behavior,1.0,1.0,425,19,imagined,imagined
t17,shrinkage_lda,behavior,1.0,1.0,426,19,imagined,listening
t17,shrinkage_lda,behavior,1.0,1.0,427,19,listening,listening
t17,shrinkage_lda,behavior,1.0,1.0,428,19,imagined,listening
t17,shrinkage_lda,behavior,1.0,1.0,429,19,listening,listening
t17,shrinkage_lda,behavior,1.0,1.0,430,19,attempted,imagined
t17,shrinkage_lda,behavior,1.0,1.0,431,19,imagined,listening
t17,shrinkage_lda,behavior,1.0,1.0,432,19,listening,imagined
t17,shrinkage_lda,behavior,1.0,1.0,433,19,listening,listening
t17,shrinkage_lda,behavior,1.0,1.0,434,19,imagined,imagined
t17,shrinkage_lda,behavior,1.0,1.0,435,19,imagined,imagined
t17,shrinkage_lda,behavior,1.0,1.0,436,19,attempted,imagined
t17,shrinkage_lda,behavior,1.0,1.0,437,19,imagined,listening
t17,shrinkage_lda,behavior,1.0,1.0,438,19,listening,listening
t17,shrinkage_lda,behavior,1.0,1.0,439,19,attempted,attempted
t17,shrinkage_lda,behavior,1.0,1.0,440,19,imagined,listening
t17,shrinkage_lda,behavior,1.0,1.0,441,19,imagined,imagined
t17,shrinkage_lda,behavior,1.0,1.0,442,19,attempted,attempted
t17,shrinkage_lda,behavior,1.0,1.0,443,19,listening,listening
t17,shrinkage_lda,behavior,1.0,1.0,444,19,attempted,listening
t17,shrinkage_lda,behavior,1.0,1.0,445,19,listening,listening
t17,shrinkage_lda,behavior,1.0,1.0,446,19,imagined,imagined
t17,shrinkage_lda,behavior,1.0,1.0,447,19,listening,listening
t17,shrinkage_lda,behavior,1.0,1.0,448,19,imagined,imagined
t17,shrinkage_lda,behavior,1.0,1.0,449,19,listening,listening
t17,shrinkage_lda,behavior,1.0,1.0,450,19,attempted,attempted
t17,shrinkage_lda,behavior,1.0,1.0,451,19,attempted,attempted
t17,shrinkage_lda,behavior,1.0,1.0,452,19,imagined,listening
t17,shrinkage_lda,behavior,1.0,1.0,453,19,attempted,attempted
t17,shrinkage_lda,behavior,1.0,1.0,454,19,listening,imagined
t17,shrinkage_lda,behavior,1.0,1.0,455,19,listening,listening
t17,shrinkage_lda,behavior,1.0,1.0,456,19,listening,listening
t17,shrinkage_lda,behavior,1.0,1.0,457,19,idle,imagined
t17,shrinkage_lda,behavior,1.0,1.0,458,19,listening,listening
t17,shrinkage_lda,behavior,1.0,1.0,459,19,attempted,attempted
t17,shrinkage_lda,behavior,1.0,1.0,460,19,listening,listening
t17,shrinkage_lda,behavior,1.0,1.0,461,19,imagined,attempted
t17,shrinkage_lda,behavior,1.0,1.0,462,19,imagined,imagined
t17,shrinkage_lda,behavior,1.0,1.0,463,19,imagined,listening
t17,shrinkage_lda,behavior,1.0,1.0,464,19,attempted,imagined
t17,shrinkage_lda,behavior,1.0,1.0,465,19,listening,imagined
t17,shrinkage_lda,behavior,1.0,1.0,466,19,attempted,attempted
t17,shrinkage_lda,behavior,1.0,1.0,467,19,idle,attempted
t17,shrinkage_lda,behavior,1.0,1.0,468,19,imagined,imagined
t17,shrinkage_lda,behavior,1.0,1.0,469,19,imagined,listening
t17,shrinkage_lda,behavior,1.0,1.0,470,19,imagined,listening
t17,shrinkage_lda,behavior,1.0,1.0,471,19,attempted,imagined
t17,shrinkage_lda,behavior,1.0,1.0,472,19,imagined,imagined
t17,shrinkage_lda,behavior,1.0,1.0,473,19,listening,listening
t17,shrinkage_lda,behavior,1.0,1.0,474,19,imagined,imagined
t17,shrinkage_lda,behavior,1.0,1.0,475,19,imagined,imagined
t17,shrinkage_lda,behavior,1.0,1.0,476,19,attempted,attempted
t17,shrinkage_lda,behavior,1.0,1.0,477,19,imagined,listening
t17,shrinkage_lda,behavior,1.0,1.0,478,19,imagined,listening
t17,shrinkage_lda,behavior,1.0,1.0,479,19,attempted,imagined
t17,shrinkage_lda,behavior,1.0,1.0,480,19,imagined,imagined
t17,shrinkage_lda,behavior,1.0,1.0,481,19,listening,imagined
t17,shrinkage_lda,behavior,1.0,1.0,482,19,imagined,imagined
t17,shrinkage_lda,behavior,1.0,1.0,483,19,imagined,imagined
t17,shrinkage_lda,behavior,1.0,1.0,484,19,listening,listening
t17,shrinkage_lda,behavior,1.0,1.0,485,19,imagined,listening
t17,shrinkage_lda,behavior,1.0,1.0,486,19,imagined,listening
t17,shrinkage_lda,behavior,1.0,1.0,487,19,imagined,imagined
t17,shrinkage_lda,behavior,1.0,1.0,488,19,imagined,listening
t17,shrinkage_lda,behavior,1.0,1.0,489,19,attempted,attempted
t17,shrinkage_lda,behavior,1.0,1.0,490,19,attempted,imagined
t17,shrinkage_lda,behavior,1.0,1.0,491,19,attempted,imagined
t17,shrinkage_lda,behavior,1.0,1.0,492,19,imagined,listening
t17,shrinkage_lda,behavior,1.0,1.0,493,19,listening,imagined
t17,shrinkage_lda,behavior,1.0,1.0,494,19,imagined,imagined
t17,shrinkage_lda,behavior,1.0,1.0,495,19,attempted,listening
t17,shrinkage_lda,behavior,1.0,1.0,496,19,idle,listening
t17,shrinkage_lda,behavior,1.0,1.0,497,19,listening,listening
t17,shrinkage_lda,behavior,1.0,1.0,498,19,attempted,attempted
t17,shrinkage_lda,behavior,1.0,1.0,499,19,imagined,imagined
t17,shrinkage_lda,behavior,1.0,1.0,500,19,imagined,imagined
t17,shrinkage_lda,behavior,1.0,1.0,501,19,imagined,listening
t17,shrinkage_lda,behavior,1.0,1.0,502,19,imagined,imagined
t17,shrinkage_lda,behavior,1.0,1.0,503,19,attempted,listening
t17,shrinkage_lda,behavior,1.0,1.0,504,19,listening,listening
t17,shrinkage_lda,behavior,1.0,1.0,505,19,imagined,listening
t17,shrinkage_lda,behavior,1.0,1.0,506,19,imagined,listening
t17,shrinkage_lda,behavior,1.0,1.0,507,19,idle,listening
t17,shrinkage_lda,behavior,1.0,1.0,508,19,listening,listening
t17,shrinkage_lda,behavior,1.0,1.0,509,19,imagined,imagined
t17,shrinkage_lda,behavior,1.0,1.0,510,19,listening,imagined
t17,shrinkage_lda,behavior,1.0,1.0,511,19,imagined,imagined
t17,shrinkage_lda,behavior,1.0,1.0,512,19,imagined,listening
t17,shrinkage_lda,behavior,1.0,1.0,513,19,imagined,listening
t17,shrinkage_lda,behavior,1.0,1.0,514,19,attempted,listening
t17,shrinkage_lda,behavior,1.0,1.0,515,19,listening,listening
t17,shrinkage_lda,behavior,1.0,1.0,516,19,imagined,listening
t17,shrinkage_lda,behavior,1.0,1.0,517,19,imagined,imagined
t17,shrinkage_lda,behavior,1.0,1.0,518,19,listening,listening
t17,shrinkage_lda,behavior,1.0,1.0,519,19,imagined,imagined
t17,shrinkage_lda,behavior,1.0,1.0,520,19,imagined,imagined
t17,shrinkage_lda,behavior,1.0,1.0,521,19,attempted,attempted
t17,shrinkage_lda,behavior,1.0,1.0,522,19,attempted,imagined
t17,shrinkage_lda,behavior,1.0,1.0,523,19,imagined,imagined
t17,shrinkage_lda,behavior,1.0,1.0,524,19,imagined,listening
t17,shrinkage_lda,behavior,1.0,1.0,525,19,imagined,imagined
t17,shrinkage_lda,behavior,1.0,1.0,526,19,imagined,listening
t17,shrinkage_lda,behavior,1.0,1.0,527,19,imagined,imagined
t17,shrinkage_lda,behavior,1.0,1.0,528,19,attempted,imagined
t17,shrinkage_lda,behavior,1.0,1.0,529,19,imagined,imagined
t17,shrinkage_lda,behavior,1.0,1.0,530,19,attempted,attempted
t17,shrinkage_lda,behavior,1.0,1.0,531,19,listening,listening
t17,shrinkage_lda,behavior,1.0,1.0,532,19,imagined,imagined
t17,shrinkage_lda,behavior,1.0,1.0,533,19,attempted,attempted
t17,shrinkage_lda,behavior,1.0,1.0,534,19,listening,listening
t17,shrinkage_lda,behavior,1.0,1.0,535,19,imagined,imagined
t17,shrinkage_lda,behavior,1.0,1.0,536,19,listening,listening
t17,shrinkage_lda,behavior,1.0,1.0,537,19,attempted,attempted
t17,shrinkage_lda,behavior,1.0,1.0,538,19,imagined,listening
t17,shrinkage_lda,behavior,1.0,1.0,539,19,attempted,attempted
t17,shrinkage_lda,behavior,1.0,1.0,540,19,imagined,imagined
t17,shrinkage_lda,behavior,1.0,1.0,541,19,attempted,attempted
t17,shrinkage_lda,behavior,1.0,1.0,542,19,imagined,listening
t17,shrinkage_lda,behavior,1.0,1.0,543,19,imagined,imagined
t17,shrinkage_lda,behavior,1.0,1.0,544,19,attempted,attempted
t17,shrinkage_lda,behavior,1.0,1.0,545,19,attempted,listening
t17,shrinkage_lda,behavior,1.0,1.0,546,19,imagined,imagined
t17,shrinkage_lda,behavior,1.0,1.0,547,19,attempted,attempted
t17,shrinkage_lda,behavior,1.0,1.0,548,19,imagined,imagined
t17,shrinkage_lda,behavior,1.0,1.0,549,19,listening,listening
t17,shrinkage_lda,behavior,1.0,1.0,550,19,attempted,imagined
t17,diagonal_lda,imagined_word,1.0,1.0,406,19,day,choice
t17,diagonal_lda,imagined_word,1.0,1.0,407,19,choice,ban
t17,diagonal_lda,imagined_word,1.0,1.0,408,19,ban,day
t17,diagonal_lda,imagined_word,1.0,1.0,409,19,choice,choice
t17,diagonal_lda,imagined_word,1.0,1.0,411,19,though,were
t17,diagonal_lda,imagined_word,1.0,1.0,413,19,though,though
t17,diagonal_lda,imagined_word,1.0,1.0,421,19,though,day
t17,diagonal_lda,imagined_word,1.0,1.0,422,19,choice,choice
t17,diagonal_lda,imagined_word,1.0,1.0,423,19,were,day
t17,diagonal_lda,imagined_word,1.0,1.0,424,19,day,ban
t17,diagonal_lda,imagined_word,1.0,1.0,425,19,though,feel
t17,diagonal_lda,imagined_word,1.0,1.0,426,19,feel,were
t17,diagonal_lda,imagined_word,1.0,1.0,428,19,were,choice
t17,diagonal_lda,imagined_word,1.0,1.0,431,19,were,day
t17,diagonal_lda,imagined_word,1.0,1.0,434,19,kite,ban
t17,diagonal_lda,imagined_word,1.0,1.0,435,19,ban,were
t17,diagonal_lda,imagined_word,1.0,1.0,437,19,feel,feel
t17,diagonal_lda,imagined_word,1.0,1.0,440,19,choice,choice
t17,diagonal_lda,imagined_word,1.0,1.0,441,19,were,though
t17,diagonal_lda,imagined_word,1.0,1.0,446,19,feel,day
t17,diagonal_lda,imagined_word,1.0,1.0,448,19,choice,feel
t17,diagonal_lda,imagined_word,1.0,1.0,452,19,though,ban
t17,diagonal_lda,imagined_word,1.0,1.0,461,19,day,though
t17,diagonal_lda,imagined_word,1.0,1.0,462,19,feel,were
t17,diagonal_lda,imagined_word,1.0,1.0,463,19,feel,choice
t17,diagonal_lda,imagined_word,1.0,1.0,468,19,ban,though
t17,diagonal_lda,imagined_word,1.0,1.0,469,19,day,though
t17,diagonal_lda,imagined_word,1.0,1.0,470,19,kite,feel
t17,diagonal_lda,imagined_word,1.0,1.0,472,19,ban,day
t17,diagonal_lda,imagined_word,1.0,1.0,474,19,kite,though
t17,diagonal_lda,imagined_word,1.0,1.0,475,19,were,choice
t17,diagonal_lda,imagined_word,1.0,1.0,477,19,day,feel
t17,diagonal_lda,imagined_word,1.0,1.0,478,19,kite,day
t17,diagonal_lda,imagined_word,1.0,1.0,480,19,kite,though
t17,diagonal_lda,imagined_word,1.0,1.0,482,19,ban,though
t17,diagonal_lda,imagined_word,1.0,1.0,483,19,feel,were
t17,diagonal_lda,imagined_word,1.0,1.0,485,19,day,ban
t17,diagonal_lda,imagined_word,1.0,1.0,486,19,day,day
t17,diagonal_lda,imagined_word,1.0,1.0,487,19,ban,feel
t17,diagonal_lda,imagined_word,1.0,1.0,488,19,kite,ban
t17,diagonal_lda,imagined_word,1.0,1.0,492,19,choice,feel
t17,diagonal_lda,imagined_word,1.0,1.0,494,19,choice,day
t17,diagonal_lda,imagined_word,1.0,1.0,499,19,kite,kite
t17,diagonal_lda,imagined_word,1.0,1.0,500,19,though,though
t17,diagonal_lda,imagined_word,1.0,1.0,501,19,day,day
t17,diagonal_lda,imagined_word,1.0,1.0,502,19,kite,ban
t17,diagonal_lda,imagined_word,1.0,1.0,505,19,choice,ban
t17,diagonal_lda,imagined_word,1.0,1.0,506,19,were,were
t17,diagonal_lda,imagined_word,1.0,1.0,509,19,feel,day
t17,diagonal_lda,imagined_word,1.0,1.0,511,19,kite,though
t17,diagonal_lda,imagined_word,1.0,1.0,512,19,ban,ban
t17,diagonal_lda,imagined_word,1.0,1.0,513,19,choice,were
t17,diagonal_lda,imagined_word,1.0,1.0,516,19,were,were
t17,diagonal_lda,imagined_word,1.0,1.0,517,19,ban,ban
t17,diagonal_lda,imagined_word,1.0,1.0,519,19,were,ban
t17,diagonal_lda,imagined_word,1.0,1.0,520,19,day,ban
t17,diagonal_lda,imagined_word,1.0,1.0,523,19,ban,were
t17,diagonal_lda,imagined_word,1.0,1.0,524,19,though,though
t17,diagonal_lda,imagined_word,1.0,1.0,525,19,day,though
t17,diagonal_lda,imagined_word,1.0,1.0,526,19,though,feel
t17,diagonal_lda,imagined_word,1.0,1.0,527,19,though,day
t17,diagonal_lda,imagined_word,1.0,1.0,529,19,choice,feel
t17,diagonal_lda,imagined_word,1.0,1.0,532,19,were,were
t17,diagonal_lda,imagined_word,1.0,1.0,535,19,ban,kite
t17,diagonal_lda,imagined_word,1.0,1.0,538,19,feel,ban
t17,diagonal_lda,imagined_word,1.0,1.0,540,19,feel,feel
t17,diagonal_lda,imagined_word,1.0,1.0,542,19,were,though
t17,diagonal_lda,imagined_word,1.0,1.0,543,19,though,were
t17,diagonal_lda,imagined_word,1.0,1.0,546,19,feel,ban
t17,diagonal_lda,imagined_word,1.0,1.0,548,19,kite,ban
t17,diagonal_lda,attempted_word,1.0,1.0,412,19,day,choice
t17,diagonal_lda,attempted_word,1.0,1.0,420,19,ban,ban
t17,diagonal_lda,attempted_word,1.0,1.0,430,19,though,though
t17,diagonal_lda,attempted_word,1.0,1.0,436,19,day,though
t17,diagonal_lda,attempted_word,1.0,1.0,439,19,kite,kite
t17,diagonal_lda,attempted_word,1.0,1.0,442,19,feel,choice
t17,diagonal_lda,attempted_word,1.0,1.0,444,19,day,though
t17,diagonal_lda,attempted_word,1.0,1.0,450,19,kite,kite
t17,diagonal_lda,attempted_word,1.0,1.0,451,19,choice,choice
t17,diagonal_lda,attempted_word,1.0,1.0,453,19,choice,choice
t17,diagonal_lda,attempted_word,1.0,1.0,459,19,feel,ban
t17,diagonal_lda,attempted_word,1.0,1.0,464,19,though,though
t17,diagonal_lda,attempted_word,1.0,1.0,466,19,kite,feel
t17,diagonal_lda,attempted_word,1.0,1.0,471,19,ban,were
t17,diagonal_lda,attempted_word,1.0,1.0,476,19,ban,ban
t17,diagonal_lda,attempted_word,1.0,1.0,479,19,kite,were
t17,diagonal_lda,attempted_word,1.0,1.0,489,19,ban,choice
t17,diagonal_lda,attempted_word,1.0,1.0,490,19,ban,were
t17,diagonal_lda,attempted_word,1.0,1.0,491,19,though,were
t17,diagonal_lda,attempted_word,1.0,1.0,495,19,were,were
t17,diagonal_lda,attempted_word,1.0,1.0,498,19,were,were
t17,diagonal_lda,attempted_word,1.0,1.0,503,19,though,though
t17,diagonal_lda,attempted_word,1.0,1.0,514,19,day,day
t17,diagonal_lda,attempted_word,1.0,1.0,521,19,choice,were
t17,diagonal_lda,attempted_word,1.0,1.0,522,19,choice,were
t17,diagonal_lda,attempted_word,1.0,1.0,528,19,were,were
t17,diagonal_lda,attempted_word,1.0,1.0,530,19,were,were
t17,diagonal_lda,attempted_word,1.0,1.0,533,19,feel,choice
t17,diagonal_lda,attempted_word,1.0,1.0,537,19,choice,feel
t17,diagonal_lda,attempted_word,1.0,1.0,539,19,feel,feel
t17,diagonal_lda,attempted_word,1.0,1.0,541,19,kite,kite
t17,diagonal_lda,attempted_word,1.0,1.0,544,19,were,were
t17,diagonal_lda,attempted_word,1.0,1.0,545,19,feel,were
t17,diagonal_lda,attempted_word,1.0,1.0,547,19,though,choice
t17,diagonal_lda,attempted_word,1.0,1.0,550,19,day,were
t17,diagonal_lda,listening_word,1.0,1.0,410,19,choice,ban
t17,diagonal_lda,listening_word,1.0,1.0,414,19,ban,ban
t17,diagonal_lda,listening_word,1.0,1.0,415,19,kite,ban
t17,diagonal_lda,listening_word,1.0,1.0,416,19,feel,ban
t17,diagonal_lda,listening_word,1.0,1.0,417,19,were,ban
t17,diagonal_lda,listening_word,1.0,1.0,419,19,kite,ban
t17,diagonal_lda,listening_word,1.0,1.0,427,19,ban,ban
t17,diagonal_lda,listening_word,1.0,1.0,429,19,choice,ban
t17,diagonal_lda,listening_word,1.0,1.0,432,19,though,ban
t17,diagonal_lda,listening_word,1.0,1.0,433,19,day,ban
t17,diagonal_lda,listening_word,1.0,1.0,438,19,kite,though
t17,diagonal_lda,listening_word,1.0,1.0,443,19,though,ban
t17,diagonal_lda,listening_word,1.0,1.0,445,19,feel,though
t17,diagonal_lda,listening_word,1.0,1.0,447,19,were,ban
t17,diagonal_lda,listening_word,1.0,1.0,449,19,feel,day
t17,diagonal_lda,listening_word,1.0,1.0,454,19,were,ban
t17,diagonal_lda,listening_word,1.0,1.0,455,19,were,ban
t17,diagonal_lda,listening_word,1.0,1.0,456,19,choice,ban
t17,diagonal_lda,listening_word,1.0,1.0,458,19,kite,ban
t17,diagonal_lda,listening_word,1.0,1.0,460,19,day,choice
t17,diagonal_lda,listening_word,1.0,1.0,465,19,feel,kite
t17,diagonal_lda,listening_word,1.0,1.0,473,19,day,ban
t17,diagonal_lda,listening_word,1.0,1.0,481,19,ban,though
t17,diagonal_lda,listening_word,1.0,1.0,484,19,though,were
t17,diagonal_lda,listening_word,1.0,1.0,493,19,though,ban
t17,diagonal_lda,listening_word,1.0,1.0,497,19,were,ban
t17,diagonal_lda,listening_word,1.0,1.0,504,19,day,ban
t17,diagonal_lda,listening_word,1.0,1.0,508,19,day,ban
t17,diagonal_lda,listening_word,1.0,1.0,510,19,choice,ban
t17,diagonal_lda,listening_word,1.0,1.0,515,19,ban,ban
t17,diagonal_lda,listening_word,1.0,1.0,518,19,kite,day
t17,diagonal_lda,listening_word,1.0,1.0,531,19,though,though
t17,diagonal_lda,listening_word,1.0,1.0,534,19,ban,ban
t17,diagonal_lda,listening_word,1.0,1.0,536,19,feel,kite
t17,diagonal_lda,listening_word,1.0,1.0,549,19,choice,ban
t17,diagonal_lda,behavior,1.0,1.0,406,19,imagined,imagined
t17,diagonal_lda,behavior,1.0,1.0,407,19,imagined,imagined
t17,diagonal_lda,behavior,1.0,1.0,408,19,imagined,listening
t17,diagonal_lda,behavior,1.0,1.0,409,19,imagined,imagined
t17,diagonal_lda,behavior,1.0,1.0,410,19,listening,listening
t17,diagonal_lda,behavior,1.0,1.0,411,19,imagined,imagined
t17,diagonal_lda,behavior,1.0,1.0,412,19,attempted,imagined
t17,diagonal_lda,behavior,1.0,1.0,413,19,imagined,imagined
t17,diagonal_lda,behavior,1.0,1.0,414,19,listening,listening
t17,diagonal_lda,behavior,1.0,1.0,415,19,listening,listening
t17,diagonal_lda,behavior,1.0,1.0,416,19,listening,listening
t17,diagonal_lda,behavior,1.0,1.0,417,19,listening,listening
t17,diagonal_lda,behavior,1.0,1.0,418,19,idle,listening
t17,diagonal_lda,behavior,1.0,1.0,419,19,listening,listening
t17,diagonal_lda,behavior,1.0,1.0,420,19,attempted,attempted
t17,diagonal_lda,behavior,1.0,1.0,421,19,imagined,imagined
t17,diagonal_lda,behavior,1.0,1.0,422,19,imagined,imagined
t17,diagonal_lda,behavior,1.0,1.0,423,19,imagined,imagined
t17,diagonal_lda,behavior,1.0,1.0,424,19,imagined,imagined
t17,diagonal_lda,behavior,1.0,1.0,425,19,imagined,listening
t17,diagonal_lda,behavior,1.0,1.0,426,19,imagined,listening
t17,diagonal_lda,behavior,1.0,1.0,427,19,listening,listening
t17,diagonal_lda,behavior,1.0,1.0,428,19,imagined,imagined
t17,diagonal_lda,behavior,1.0,1.0,429,19,listening,listening
t17,diagonal_lda,behavior,1.0,1.0,430,19,attempted,imagined
t17,diagonal_lda,behavior,1.0,1.0,431,19,imagined,listening
t17,diagonal_lda,behavior,1.0,1.0,432,19,listening,imagined
t17,diagonal_lda,behavior,1.0,1.0,433,19,listening,listening
t17,diagonal_lda,behavior,1.0,1.0,434,19,imagined,imagined
t17,diagonal_lda,behavior,1.0,1.0,435,19,imagined,listening
t17,diagonal_lda,behavior,1.0,1.0,436,19,attempted,imagined
t17,diagonal_lda,behavior,1.0,1.0,437,19,imagined,listening
t17,diagonal_lda,behavior,1.0,1.0,438,19,listening,listening
t17,diagonal_lda,behavior,1.0,1.0,439,19,attempted,attempted
t17,diagonal_lda,behavior,1.0,1.0,440,19,imagined,listening
t17,diagonal_lda,behavior,1.0,1.0,441,19,imagined,imagined
t17,diagonal_lda,behavior,1.0,1.0,442,19,attempted,attempted
t17,diagonal_lda,behavior,1.0,1.0,443,19,listening,listening
t17,diagonal_lda,behavior,1.0,1.0,444,19,attempted,imagined
t17,diagonal_lda,behavior,1.0,1.0,445,19,listening,listening
t17,diagonal_lda,behavior,1.0,1.0,446,19,imagined,imagined
t17,diagonal_lda,behavior,1.0,1.0,447,19,listening,listening
t17,diagonal_lda,behavior,1.0,1.0,448,19,imagined,imagined
t17,diagonal_lda,behavior,1.0,1.0,449,19,listening,listening
t17,diagonal_lda,behavior,1.0,1.0,450,19,attempted,attempted
t17,diagonal_lda,behavior,1.0,1.0,451,19,attempted,attempted
t17,diagonal_lda,behavior,1.0,1.0,452,19,imagined,listening
t17,diagonal_lda,behavior,1.0,1.0,453,19,attempted,attempted
t17,diagonal_lda,behavior,1.0,1.0,454,19,listening,imagined
t17,diagonal_lda,behavior,1.0,1.0,455,19,listening,listening
t17,diagonal_lda,behavior,1.0,1.0,456,19,listening,listening
t17,diagonal_lda,behavior,1.0,1.0,457,19,idle,imagined
t17,diagonal_lda,behavior,1.0,1.0,458,19,listening,listening
t17,diagonal_lda,behavior,1.0,1.0,459,19,attempted,attempted
t17,diagonal_lda,behavior,1.0,1.0,460,19,listening,listening
t17,diagonal_lda,behavior,1.0,1.0,461,19,imagined,attempted
t17,diagonal_lda,behavior,1.0,1.0,462,19,imagined,imagined
t17,diagonal_lda,behavior,1.0,1.0,463,19,imagined,listening
t17,diagonal_lda,behavior,1.0,1.0,464,19,attempted,imagined
t17,diagonal_lda,behavior,1.0,1.0,465,19,listening,imagined
t17,diagonal_lda,behavior,1.0,1.0,466,19,attempted,attempted
t17,diagonal_lda,behavior,1.0,1.0,467,19,idle,imagined
t17,diagonal_lda,behavior,1.0,1.0,468,19,imagined,imagined
t17,diagonal_lda,behavior,1.0,1.0,469,19,imagined,listening
t17,diagonal_lda,behavior,1.0,1.0,470,19,imagined,listening
t17,diagonal_lda,behavior,1.0,1.0,471,19,attempted,imagined
t17,diagonal_lda,behavior,1.0,1.0,472,19,imagined,imagined
t17,diagonal_lda,behavior,1.0,1.0,473,19,listening,listening
t17,diagonal_lda,behavior,1.0,1.0,474,19,imagined,imagined
t17,diagonal_lda,behavior,1.0,1.0,475,19,imagined,imagined
t17,diagonal_lda,behavior,1.0,1.0,476,19,attempted,attempted
t17,diagonal_lda,behavior,1.0,1.0,477,19,imagined,listening
t17,diagonal_lda,behavior,1.0,1.0,478,19,imagined,listening
t17,diagonal_lda,behavior,1.0,1.0,479,19,attempted,imagined
t17,diagonal_lda,behavior,1.0,1.0,480,19,imagined,imagined
t17,diagonal_lda,behavior,1.0,1.0,481,19,listening,imagined
t17,diagonal_lda,behavior,1.0,1.0,482,19,imagined,imagined
t17,diagonal_lda,behavior,1.0,1.0,483,19,imagined,imagined
t17,diagonal_lda,behavior,1.0,1.0,484,19,listening,listening
t17,diagonal_lda,behavior,1.0,1.0,485,19,imagined,imagined
t17,diagonal_lda,behavior,1.0,1.0,486,19,imagined,listening
t17,diagonal_lda,behavior,1.0,1.0,487,19,imagined,imagined
t17,diagonal_lda,behavior,1.0,1.0,488,19,imagined,listening
t17,diagonal_lda,behavior,1.0,1.0,489,19,attempted,attempted
t17,diagonal_lda,behavior,1.0,1.0,490,19,attempted,imagined
t17,diagonal_lda,behavior,1.0,1.0,491,19,attempted,imagined
t17,diagonal_lda,behavior,1.0,1.0,492,19,imagined,listening
t17,diagonal_lda,behavior,1.0,1.0,493,19,listening,listening
t17,diagonal_lda,behavior,1.0,1.0,494,19,imagined,imagined
t17,diagonal_lda,behavior,1.0,1.0,495,19,attempted,imagined
t17,diagonal_lda,behavior,1.0,1.0,496,19,idle,listening
t17,diagonal_lda,behavior,1.0,1.0,497,19,listening,listening
t17,diagonal_lda,behavior,1.0,1.0,498,19,attempted,attempted
t17,diagonal_lda,behavior,1.0,1.0,499,19,imagined,imagined
t17,diagonal_lda,behavior,1.0,1.0,500,19,imagined,imagined
t17,diagonal_lda,behavior,1.0,1.0,501,19,imagined,listening
t17,diagonal_lda,behavior,1.0,1.0,502,19,imagined,imagined
t17,diagonal_lda,behavior,1.0,1.0,503,19,attempted,listening
t17,diagonal_lda,behavior,1.0,1.0,504,19,listening,listening
t17,diagonal_lda,behavior,1.0,1.0,505,19,imagined,listening
t17,diagonal_lda,behavior,1.0,1.0,506,19,imagined,listening
t17,diagonal_lda,behavior,1.0,1.0,507,19,idle,listening
t17,diagonal_lda,behavior,1.0,1.0,508,19,listening,listening
t17,diagonal_lda,behavior,1.0,1.0,509,19,imagined,imagined
t17,diagonal_lda,behavior,1.0,1.0,510,19,listening,imagined
t17,diagonal_lda,behavior,1.0,1.0,511,19,imagined,imagined
t17,diagonal_lda,behavior,1.0,1.0,512,19,imagined,listening
t17,diagonal_lda,behavior,1.0,1.0,513,19,imagined,listening
t17,diagonal_lda,behavior,1.0,1.0,514,19,attempted,imagined
t17,diagonal_lda,behavior,1.0,1.0,515,19,listening,listening
t17,diagonal_lda,behavior,1.0,1.0,516,19,imagined,listening
t17,diagonal_lda,behavior,1.0,1.0,517,19,imagined,imagined
t17,diagonal_lda,behavior,1.0,1.0,518,19,listening,listening
t17,diagonal_lda,behavior,1.0,1.0,519,19,imagined,imagined
t17,diagonal_lda,behavior,1.0,1.0,520,19,imagined,imagined
t17,diagonal_lda,behavior,1.0,1.0,521,19,attempted,attempted
t17,diagonal_lda,behavior,1.0,1.0,522,19,attempted,imagined
t17,diagonal_lda,behavior,1.0,1.0,523,19,imagined,imagined
t17,diagonal_lda,behavior,1.0,1.0,524,19,imagined,imagined
t17,diagonal_lda,behavior,1.0,1.0,525,19,imagined,imagined
t17,diagonal_lda,behavior,1.0,1.0,526,19,imagined,listening
t17,diagonal_lda,behavior,1.0,1.0,527,19,imagined,imagined
t17,diagonal_lda,behavior,1.0,1.0,528,19,attempted,imagined
t17,diagonal_lda,behavior,1.0,1.0,529,19,imagined,imagined
t17,diagonal_lda,behavior,1.0,1.0,530,19,attempted,attempted
t17,diagonal_lda,behavior,1.0,1.0,531,19,listening,listening
t17,diagonal_lda,behavior,1.0,1.0,532,19,imagined,imagined
t17,diagonal_lda,behavior,1.0,1.0,533,19,attempted,attempted
t17,diagonal_lda,behavior,1.0,1.0,534,19,listening,listening
t17,diagonal_lda,behavior,1.0,1.0,535,19,imagined,imagined
t17,diagonal_lda,behavior,1.0,1.0,536,19,listening,listening
t17,diagonal_lda,behavior,1.0,1.0,537,19,attempted,attempted
t17,diagonal_lda,behavior,1.0,1.0,538,19,imagined,imagined
t17,diagonal_lda,behavior,1.0,1.0,539,19,attempted,attempted
t17,diagonal_lda,behavior,1.0,1.0,540,19,imagined,imagined
t17,diagonal_lda,behavior,1.0,1.0,541,19,attempted,attempted
t17,diagonal_lda,behavior,1.0,1.0,542,19,imagined,listening
t17,diagonal_lda,behavior,1.0,1.0,543,19,imagined,imagined
t17,diagonal_lda,behavior,1.0,1.0,544,19,attempted,attempted
t17,diagonal_lda,behavior,1.0,1.0,545,19,attempted,listening
t17,diagonal_lda,behavior,1.0,1.0,546,19,imagined,imagined
t17,diagonal_lda,behavior,1.0,1.0,547,19,attempted,attempted
t17,diagonal_lda,behavior,1.0,1.0,548,19,imagined,imagined
t17,diagonal_lda,behavior,1.0,1.0,549,19,listening,listening
t17,diagonal_lda,behavior,1.0,1.0,550,19,attempted,imagined
